10 0
1 64
0 128
4 192
3 256
3 320
2 384
1 448
10 512
8 576
1 640
9 704
6 768
0 832
0 896
1 960
3 1024
3 1088
8 1152
9 1216
0 1280
8 1344
3 1408
10 1472
8 1536
6 1600
3 1664
7 1728
9 1792
4 1856
0 1920
2 1984
6 2048
5 2112
4 2176
2 2240
3 2304
5 2368
1 2432
1 2496
6 2560
1 2624
5 2688
5 2752
9 2816
4 2880
0 2944
7 3008
8 3072
1 3136
6 3200
1 3264
8 3328
4 3392
10 3456
9 3520
5 3584
9 3648
3 3712
1 3776
0 3840
10 3904
3 3968
4 4032
1 4096
3 4160
1 4224
6 4288
4 4352
7 4416
10 4480
5 4544
2 4608
5 4672
5 4736
3 4800
10 4864
4 4928
10 4992
10 5056
1 5120
9 5184
10 5248
2 5312
8 5376
3 5440
2 5504
7 5568
6 5632
4 5696
10 5760
8 5824
3 5888
10 5952
5 6016
0 6080
3 6144
0 6208
5 6272
6 6336
4 6400
1 6464
3 6528
9 6592
5 6656
3 6720
10 6784
7 6848
6 6912
10 6976
7 7040
2 7104
4 7168
2 7232
3 7296
8 7360
8 7424
4 7488
9 7552
6 7616
9 7680
6 7744
5 7808
3 7872
2 7936
8 8000
7 8064
1 8128
0 8192
1 8256
2 8320
10 8384
2 8448
10 8512
6 8576
9 8640
1 8704
6 8768
6 8832
9 8896
7 8960
8 9024
4 9088
8 9152
0 9216
10 9280
1 9344
10 9408
8 9472
4 9536
10 9600
5 9664
1 9728
4 9792
6 9856
2 9920
7 9984
0 10048
4 10112
8 10176
2 10240
8 10304
1 10368
10 10432
4 10496
10 10560
8 10624
9 10688
3 10752
2 10816
5 10880
2 10944
8 11008
8 11072
0 11136
9 11200
5 11264
7 11328
0 11392
1 11456
5 11520
4 11584
3 11648
0 11712
3 11776
9 11840
1 11904
1 11968
7 12032
1 12096
8 12160
2 12224
2 12288
10 12352
7 12416
8 12480
2 12544
4 12608
8 12672
9 12736
6 12800
3 12864
8 12928
3 12992
4 13056
6 13120
10 13184
10 13248
5 13312
7 13376
8 13440
7 13504
1 13568
3 13632
3 13696
1 13760
5 13824
0 13888
9 13952
8 14016
3 14080
9 14144
3 14208
0 14272
1 14336
10 14400
0 14464
3 14528
1 14592
0 14656
5 14720
1 14784
8 14848
3 14912
4 14976
10 15040
7 15104
3 15168
8 15232
2 15296
9 15360
9 15424
7 15488
3 15552
7 15616
6 15680
3 15744
1 15808
1 15872
10 15936
6 16000
5 16064
6 16128
6 16192
7 16256
0 16320
10 16384
10 16448
10 16512
1 16576
0 16640
6 16704
5 16768
1 16832
3 16896
3 16960
3 17024
8 17088
7 17152
2 17216
6 17280
2 17344
4 17408
7 17472
3 17536
1 17600
7 17664
8 17728
1 17792
0 17856
10 17920
8 17984
0 18048
1 18112
3 18176
2 18240
6 18304
7 18368
7 18432
3 18496
6 18560
0 18624
2 18688
6 18752
0 18816
6 18880
4 18944
7 19008
4 19072
6 19136
8 19200
10 19264
7 19328
2 19392
3 19456
4 19520
3 19584
0 19648
9 19712
8 19776
0 19840
5 19904
0 19968
0 20032
9 20096
7 20160
8 20224
8 20288
2 20352
0 20416
8 20480
1 20544
2 20608
1 20672
9 20736
1 20800
10 20864
3 20928
6 20992
1 21056
9 21120
3 21184
9 21248
9 21312
0 21376
9 21440
1 21504
6 21568
10 21632
9 21696
9 21760
8 21824
5 21888
4 21952
3 22016
10 22080
5 22144
3 22208
4 22272
6 22336
2 22400
10 22464
10 22528
4 22592
7 22656
5 22720
1 22784
0 22848
7 22912
9 22976
9 23040
1 23104
1 23168
8 23232
3 23296
8 23360
4 23424
2 23488
5 23552
1 23616
3 23680
5 23744
4 23808
2 23872
7 23936
8 24000
4 24064
9 24128
10 24192
8 24256
0 24320
10 24384
8 24448
4 24512
10 24576
1 24640
2 24704
4 24768
1 24832
1 24896
8 24960
2 25024
4 25088
4 25152
9 25216
3 25280
5 25344
3 25408
10 25472
10 25536
4 25600
8 25664
7 25728
4 25792
0 25856
1 25920
10 25984
6 26048
4 26112
0 26176
0 26240
5 26304
2 26368
10 26432
4 26496
2 26560
7 26624
8 26688
6 26752
8 26816
0 26880
1 26944
1 27008
2 27072
8 27136
0 27200
5 27264
9 27328
8 27392
2 27456
6 27520
2 27584
0 27648
4 27712
5 27776
0 27840
5 27904
3 27968
10 28032
3 28096
10 28160
1 28224
5 28288
8 28352
6 28416
9 28480
2 28544
3 28608
2 28672
2 28736
6 28800
0 28864
2 28928
5 28992
6 29056
10 29120
3 29184
4 29248
2 29312
1 29376
6 29440
0 29504
7 29568
3 29632
3 29696
7 29760
5 29824
4 29888
3 29952
3 30016
0 30080
10 30144
3 30208
6 30272
5 30336
4 30400
1 30464
4 30528
5 30592
10 30656
8 30720
6 30784
10 30848
8 30912
5 30976
0 31040
1 31104
4 31168
2 31232
9 31296
4 31360
0 31424
1 31488
9 31552
6 31616
5 31680
5 31744
6 31808
9 31872
8 31936
1 32000
6 32064
9 32128
3 32192
4 32256
0 32320
6 32384
0 32448
8 32512
8 32576
10 32640
10 32704
3 32768
5 32832
6 32896
1 32960
10 33024
5 33088
9 33152
5 33216
10 33280
1 33344
4 33408
8 33472
4 33536
10 33600
6 33664
5 33728
6 33792
4 33856
8 33920
2 33984
3 34048
6 34112
10 34176
6 34240
10 34304
2 34368
9 34432
9 34496
4 34560
6 34624
8 34688
0 34752
4 34816
4 34880
3 34944
6 35008
9 35072
9 35136
10 35200
5 35264
7 35328
7 35392
7 35456
10 35520
3 35584
8 35648
7 35712
2 35776
10 35840
1 35904
4 35968
8 36032
10 36096
10 36160
9 36224
5 36288
1 36352
3 36416
10 36480
4 36544
3 36608
3 36672
2 36736
0 36800
0 36864
3 36928
7 36992
9 37056
1 37120
7 37184
6 37248
10 37312
9 37376
3 37440
6 37504
7 37568
6 37632
3 37696
2 37760
10 37824
0 37888
1 37952
6 38016
3 38080
2 38144
8 38208
7 38272
0 38336
8 38400
3 38464
1 38528
7 38592
2 38656
7 38720
10 38784
8 38848
8 38912
9 38976
5 39040
7 39104
9 39168
8 39232
6 39296
8 39360
7 39424
2 39488
7 39552
7 39616
4 39680
3 39744
10 39808
4 39872
8 39936
7 40000
10 40064
3 40128
4 40192
7 40256
1 40320
4 40384
3 40448
4 40512
5 40576
5 40640
8 40704
1 40768
2 40832
2 40896
3 40960
6 41024
2 41088
3 41152
1 41216
6 41280
6 41344
5 41408
8 41472
7 41536
6 41600
0 41664
3 41728
6 41792
6 41856
9 41920
0 41984
9 42048
6 42112
7 42176
0 42240
5 42304
4 42368
6 42432
6 42496
8 42560
8 42624
9 42688
3 42752
7 42816
3 42880
4 42944
6 43008
7 43072
0 43136
6 43200
5 43264
10 43328
10 43392
6 43456
2 43520
7 43584
2 43648
9 43712
8 43776
0 43840
6 43904
9 43968
9 44032
10 44096
0 44160
1 44224
10 44288
6 44352
2 44416
7 44480
2 44544
0 44608
4 44672
6 44736
5 44800
3 44864
7 44928
5 44992
5 45056
6 45120
4 45184
6 45248
4 45312
1 45376
7 45440
0 45504
8 45568
0 45632
5 45696
3 45760
10 45824
1 45888
10 45952
0 46016
0 46080
3 46144
3 46208
0 46272
9 46336
2 46400
3 46464
2 46528
7 46592
10 46656
1 46720
9 46784
3 46848
7 46912
4 46976
5 47040
2 47104
9 47168
9 47232
1 47296
2 47360
4 47424
1 47488
9 47552
0 47616
4 47680
9 47744
10 47808
6 47872
6 47936
3 48000
1 48064
9 48128
10 48192
3 48256
1 48320
4 48384
10 48448
9 48512
1 48576
9 48640
0 48704
5 48768
8 48832
6 48896
10 48960
5 49024
1 49088
8 49152
10 49216
5 49280
0 49344
6 49408
7 49472
1 49536
6 49600
5 49664
10 49728
7 49792
2 49856
6 49920
2 49984
8 50048
10 50112
4 50176
9 50240
8 50304
7 50368
7 50432
6 50496
9 50560
4 50624
5 50688
3 50752
1 50816
4 50880
7 50944
3 51008
7 51072
9 51136
9 51200
10 51264
6 51328
5 51392
0 51456
7 51520
5 51584
2 51648
7 51712
3 51776
5 51840
4 51904
5 51968
4 52032
9 52096
4 52160
8 52224
0 52288
8 52352
3 52416
1 52480
3 52544
6 52608
7 52672
8 52736
3 52800
7 52864
10 52928
7 52992
7 53056
0 53120
1 53184
4 53248
3 53312
6 53376
3 53440
4 53504
10 53568
9 53632
5 53696
7 53760
8 53824
8 53888
5 53952
6 54016
8 54080
5 54144
5 54208
7 54272
4 54336
4 54400
4 54464
3 54528
1 54592
3 54656
5 54720
1 54784
8 54848
2 54912
3 54976
3 55040
7 55104
4 55168
9 55232
8 55296
9 55360
4 55424
1 55488
3 55552
4 55616
3 55680
5 55744
2 55808
4 55872
0 55936
8 56000
2 56064
4 56128
0 56192
0 56256
8 56320
4 56384
2 56448
10 56512
7 56576
1 56640
0 56704
9 56768
4 56832
7 56896
7 56960
7 57024
5 57088
2 57152
0 57216
4 57280
7 57344
1 57408
1 57472
6 57536
7 57600
1 57664
9 57728
10 57792
10 57856
0 57920
2 57984
2 58048
9 58112
4 58176
1 58240
3 58304
1 58368
8 58432
6 58496
9 58560
9 58624
9 58688
3 58752
8 58816
6 58880
7 58944
7 59008
4 59072
9 59136
6 59200
4 59264
9 59328
9 59392
0 59456
9 59520
1 59584
3 59648
10 59712
3 59776
4 59840
10 59904
1 59968
2 60032
3 60096
2 60160
8 60224
1 60288
2 60352
0 60416
6 60480
7 60544
9 60608
7 60672
4 60736
0 60800
3 60864
4 60928
4 60992
7 61056
1 61120
10 61184
3 61248
4 61312
10 61376
9 61440
10 61504
3 61568
6 61632
1 61696
8 61760
3 61824
10 61888
2 61952
4 62016
2 62080
1 62144
0 62208
2 62272
4 62336
9 62400
9 62464
4 62528
7 62592
1 62656
7 62720
4 62784
6 62848
4 62912
8 62976
8 63040
7 63104
7 63168
1 63232
9 63296
0 63360
6 63424
5 63488
9 63552
4 63616
0 63680
1 63744
3 63808
10 63872
9 63936
9 64000
0 64064
10 64128
4 64192
9 64256
0 64320
2 64384
7 64448
8 64512
10 64576
7 64640
4 64704
2 64768
9 64832
6 64896
10 64960
7 65024
1 65088
7 65152
5 65216
6 65280
5 65344
5 65408
10 65472
1 65536
2 65600
5 65664
6 65728
7 65792
4 65856
10 65920
6 65984
8 66048
0 66112
7 66176
1 66240
5 66304
4 66368
5 66432
1 66496
6 66560
8 66624
0 66688
10 66752
8 66816
7 66880
6 66944
0 67008
3 67072
8 67136
5 67200
9 67264
7 67328
10 67392
7 67456
0 67520
3 67584
4 67648
8 67712
2 67776
4 67840
7 67904
7 67968
1 68032
0 68096
10 68160
9 68224
3 68288
2 68352
4 68416
8 68480
0 68544
8 68608
6 68672
1 68736
3 68800
1 68864
7 68928
1 68992
10 69056
2 69120
7 69184
4 69248
8 69312
4 69376
6 69440
7 69504
7 69568
3 69632
7 69696
8 69760
2 69824
6 69888
3 69952
9 70016
8 70080
2 70144
1 70208
4 70272
6 70336
5 70400
8 70464
4 70528
0 70592
4 70656
4 70720
9 70784
9 70848
10 70912
7 70976
2 71040
7 71104
8 71168
7 71232
5 71296
5 71360
8 71424
8 71488
6 71552
7 71616
5 71680
3 71744
3 71808
9 71872
6 71936
3 72000
6 72064
0 72128
5 72192
7 72256
6 72320
6 72384
10 72448
10 72512
2 72576
7 72640
0 72704
2 72768
8 72832
9 72896
5 72960
1 73024
7 73088
1 73152
8 73216
7 73280
0 73344
2 73408
6 73472
10 73536
2 73600
1 73664
7 73728
4 73792
5 73856
9 73920
6 73984
10 74048
1 74112
5 74176
10 74240
8 74304
6 74368
5 74432
10 74496
7 74560
8 74624
0 74688
9 74752
1 74816
3 74880
10 74944
10 75008
4 75072
3 75136
1 75200
6 75264
1 75328
10 75392
1 75456
7 75520
2 75584
4 75648
0 75712
0 75776
5 75840
0 75904
4 75968
5 76032
5 76096
6 76160
2 76224
3 76288
8 76352
6 76416
9 76480
10 76544
2 76608
2 76672
2 76736
1 76800
9 76864
6 76928
9 76992
10 77056
3 77120
7 77184
9 77248
2 77312
3 77376
7 77440
10 77504
4 77568
7 77632
4 77696
10 77760
0 77824
7 77888
4 77952
10 78016
8 78080
2 78144
1 78208
7 78272
5 78336
9 78400
4 78464
10 78528
6 78592
4 78656
7 78720
4 78784
3 78848
6 78912
7 78976
1 79040
3 79104
6 79168
9 79232
5 79296
9 79360
4 79424
4 79488
0 79552
10 79616
6 79680
4 79744
0 79808
9 79872
10 79936
0 80000
9 80064
7 80128
4 80192
3 80256
9 80320
5 80384
3 80448
10 80512
3 80576
9 80640
4 80704
10 80768
10 80832
10 80896
2 80960
10 81024
1 81088
10 81152
10 81216
0 81280
4 81344
7 81408
0 81472
9 81536
5 81600
2 81664
1 81728
4 81792
5 81856
6 81920
2 81984
3 82048
2 82112
8 82176
5 82240
8 82304
8 82368
4 82432
2 82496
4 82560
7 82624
4 82688
5 82752
1 82816
7 82880
1 82944
2 83008
3 83072
10 83136
10 83200
6 83264
8 83328
5 83392
1 83456
6 83520
0 83584
4 83648
8 83712
1 83776
7 83840
5 83904
10 83968
10 84032
4 84096
9 84160
6 84224
10 84288
5 84352
1 84416
10 84480
3 84544
7 84608
0 84672
9 84736
8 84800
5 84864
9 84928
3 84992
10 85056
1 85120
10 85184
7 85248
4 85312
10 85376
6 85440
1 85504
2 85568
0 85632
0 85696
4 85760
7 85824
1 85888
1 85952
3 86016
8 86080
2 86144
6 86208
7 86272
5 86336
10 86400
8 86464
6 86528
9 86592
2 86656
6 86720
10 86784
1 86848
7 86912
9 86976
6 87040
4 87104
0 87168
5 87232
3 87296
7 87360
7 87424
3 87488
5 87552
1 87616
10 87680
5 87744
8 87808
10 87872
5 87936
0 88000
6 88064
4 88128
3 88192
1 88256
7 88320
1 88384
10 88448
3 88512
10 88576
10 88640
9 88704
0 88768
0 88832
5 88896
3 88960
2 89024
9 89088
3 89152
1 89216
8 89280
3 89344
9 89408
3 89472
3 89536
5 89600
2 89664
9 89728
0 89792
4 89856
2 89920
2 89984
8 90048
4 90112
2 90176
1 90240
10 90304
0 90368
2 90432
0 90496
5 90560
3 90624
9 90688
5 90752
0 90816
2 90880
4 90944
0 91008
2 91072
6 91136
8 91200
1 91264
1 91328
7 91392
7 91456
5 91520
8 91584
9 91648
1 91712
7 91776
8 91840
3 91904
9 91968
0 92032
10 92096
8 92160
4 92224
7 92288
10 92352
0 92416
0 92480
7 92544
6 92608
6 92672
10 92736
1 92800
7 92864
7 92928
1 92992
1 93056
5 93120
9 93184
2 93248
1 93312
2 93376
4 93440
9 93504
10 93568
9 93632
8 93696
5 93760
6 93824
9 93888
8 93952
4 94016
7 94080
8 94144
9 94208
6 94272
1 94336
1 94400
10 94464
10 94528
8 94592
3 94656
6 94720
7 94784
3 94848
6 94912
5 94976
7 95040
6 95104
6 95168
1 95232
5 95296
6 95360
5 95424
10 95488
4 95552
5 95616
2 95680
10 95744
7 95808
1 95872
1 95936
1 96000
1 96064
6 96128
1 96192
5 96256
2 96320
8 96384
0 96448
9 96512
8 96576
8 96640
5 96704
10 96768
1 96832
6 96896
5 96960
10 97024
6 97088
0 97152
4 97216
9 97280
4 97344
5 97408
1 97472
9 97536
8 97600
3 97664
2 97728
10 97792
7 97856
3 97920
1 97984
5 98048
8 98112
5 98176
1 98240
4 98304
9 98368
3 98432
6 98496
8 98560
9 98624
9 98688
10 98752
10 98816
8 98880
0 98944
9 99008
10 99072
4 99136
0 99200
2 99264
4 99328
4 99392
5 99456
5 99520
0 99584
2 99648
2 99712
9 99776
10 99840
6 99904
1 99968
2 100032
10 100096
0 100160
1 100224
8 100288
3 100352
6 100416
6 100480
7 100544
5 100608
2 100672
5 100736
4 100800
5 100864
9 100928
9 100992
1 101056
0 101120
2 101184
2 101248
9 101312
0 101376
10 101440
1 101504
4 101568
7 101632
10 101696
6 101760
7 101824
9 101888
7 101952
6 102016
4 102080
3 102144
8 102208
1 102272
5 102336
6 102400
1 102464
4 102528
10 102592
10 102656
9 102720
7 102784
8 102848
10 102912
4 102976
0 103040
3 103104
6 103168
9 103232
0 103296
0 103360
3 103424
4 103488
3 103552
2 103616
4 103680
4 103744
5 103808
1 103872
0 103936
7 104000
6 104064
2 104128
2 104192
6 104256
8 104320
3 104384
8 104448
8 104512
10 104576
5 104640
1 104704
6 104768
0 104832
6 104896
0 104960
7 105024
1 105088
5 105152
9 105216
6 105280
9 105344
6 105408
10 105472
6 105536
4 105600
1 105664
6 105728
0 105792
5 105856
2 105920
9 105984
7 106048
5 106112
1 106176
6 106240
1 106304
3 106368
6 106432
9 106496
6 106560
8 106624
1 106688
6 106752
4 106816
5 106880
3 106944
5 107008
2 107072
1 107136
8 107200
10 107264
1 107328
8 107392
8 107456
3 107520
5 107584
5 107648
10 107712
2 107776
3 107840
1 107904
2 107968
4 108032
3 108096
2 108160
9 108224
2 108288
10 108352
1 108416
2 108480
10 108544
7 108608
7 108672
9 108736
9 108800
7 108864
10 108928
9 108992
10 109056
10 109120
9 109184
5 109248
10 109312
5 109376
2 109440
7 109504
1 109568
7 109632
7 109696
10 109760
4 109824
4 109888
9 109952
0 110016
5 110080
8 110144
1 110208
4 110272
7 110336
7 110400
0 110464
0 110528
5 110592
4 110656
1 110720
10 110784
1 110848
9 110912
9 110976
8 111040
6 111104
7 111168
9 111232
8 111296
0 111360
7 111424
9 111488
10 111552
3 111616
5 111680
9 111744
7 111808
8 111872
2 111936
0 112000
7 112064
1 112128
5 112192
1 112256
8 112320
10 112384
2 112448
0 112512
3 112576
7 112640
7 112704
8 112768
8 112832
9 112896
2 112960
5 113024
5 113088
4 113152
6 113216
6 113280
5 113344
10 113408
9 113472
0 113536
10 113600
10 113664
5 113728
1 113792
5 113856
1 113920
8 113984
10 114048
6 114112
4 114176
4 114240
10 114304
9 114368
2 114432
5 114496
1 114560
9 114624
10 114688
2 114752
5 114816
4 114880
10 114944
10 115008
6 115072
2 115136
9 115200
1 115264
4 115328
8 115392
6 115456
10 115520
5 115584
2 115648
10 115712
10 115776
8 115840
1 115904
10 115968
10 116032
6 116096
8 116160
5 116224
0 116288
5 116352
4 116416
2 116480
3 116544
5 116608
7 116672
3 116736
3 116800
2 116864
2 116928
1 116992
4 117056
1 117120
8 117184
8 117248
8 117312
0 117376
10 117440
5 117504
9 117568
2 117632
9 117696
6 117760
2 117824
2 117888
2 117952
9 118016
2 118080
7 118144
0 118208
6 118272
5 118336
10 118400
3 118464
7 118528
9 118592
4 118656
7 118720
3 118784
8 118848
3 118912
4 118976
7 119040
3 119104
5 119168
10 119232
9 119296
7 119360
7 119424
4 119488
6 119552
8 119616
8 119680
6 119744
2 119808
3 119872
9 119936
2 120000
4 120064
0 120128
10 120192
7 120256
5 120320
8 120384
1 120448
8 120512
1 120576
4 120640
1 120704
2 120768
4 120832
7 120896
8 120960
2 121024
6 121088
1 121152
3 121216
7 121280
5 121344
0 121408
6 121472
0 121536
6 121600
8 121664
5 121728
3 121792
6 121856
1 121920
5 121984
3 122048
0 122112
5 122176
1 122240
10 122304
5 122368
2 122432
2 122496
0 122560
4 122624
7 122688
2 122752
7 122816
7 122880
9 122944
0 123008
1 123072
0 123136
4 123200
3 123264
2 123328
8 123392
9 123456
8 123520
6 123584
1 123648
4 123712
3 123776
4 123840
1 123904
0 123968
3 124032
6 124096
10 124160
9 124224
7 124288
1 124352
1 124416
7 124480
9 124544
8 124608
0 124672
10 124736
8 124800
9 124864
3 124928
2 124992
4 125056
6 125120
0 125184
9 125248
5 125312
3 125376
9 125440
6 125504
2 125568
10 125632
10 125696
1 125760
8 125824
5 125888
1 125952
8 126016
8 126080
8 126144
8 126208
8 126272
0 126336
6 126400
7 126464
0 126528
10 126592
6 126656
5 126720
4 126784
0 126848
5 126912
1 126976
5 127040
3 127104
10 127168
10 127232
1 127296
9 127360
5 127424
2 127488
0 127552
5 127616
8 127680
5 127744
10 127808
2 127872
10 127936
7 128000
7 128064
10 128128
2 128192
2 128256
1 128320
7 128384
0 128448
4 128512
3 128576
0 128640
3 128704
0 128768
5 128832
4 128896
8 128960
6 129024
8 129088
7 129152
4 129216
0 129280
10 129344
3 129408
4 129472
5 129536
0 129600
10 129664
5 129728
4 129792
1 129856
5 129920
6 129984
6 130048
7 130112
6 130176
5 130240
2 130304
7 130368
7 130432
5 130496
8 130560
4 130624
1 130688
6 130752
1 130816
6 130880
9 130944
2 131008
8 131072
4 131136
5 131200
1 131264
1 131328
5 131392
10 131456
4 131520
4 131584
7 131648
9 131712
6 131776
2 131840
7 131904
5 131968
7 132032
0 132096
5 132160
9 132224
6 132288
4 132352
10 132416
0 132480
1 132544
10 132608
10 132672
6 132736
5 132800
8 132864
10 132928
2 132992
0 133056
2 133120
9 133184
10 133248
7 133312
0 133376
2 133440
1 133504
3 133568
10 133632
5 133696
5 133760
6 133824
9 133888
0 133952
9 134016
2 134080
10 134144
7 134208
5 134272
5 134336
7 134400
1 134464
9 134528
2 134592
8 134656
5 134720
6 134784
5 134848
10 134912
4 134976
3 135040
1 135104
0 135168
2 135232
7 135296
8 135360
6 135424
8 135488
1 135552
4 135616
4 135680
7 135744
3 135808
9 135872
4 135936
7 136000
3 136064
1 136128
2 136192
1 136256
7 136320
2 136384
7 136448
1 136512
10 136576
5 136640
10 136704
5 136768
1 136832
8 136896
8 136960
4 137024
4 137088
2 137152
10 137216
2 137280
5 137344
8 137408
3 137472
1 137536
3 137600
2 137664
3 137728
7 137792
0 137856
5 137920
8 137984
9 138048
5 138112
7 138176
8 138240
2 138304
9 138368
1 138432
1 138496
4 138560
6 138624
7 138688
8 138752
6 138816
6 138880
9 138944
1 139008
2 139072
5 139136
10 139200
1 139264
7 139328
7 139392
10 139456
8 139520
5 139584
2 139648
8 139712
10 139776
9 139840
2 139904
2 139968
6 140032
8 140096
0 140160
1 140224
8 140288
2 140352
4 140416
2 140480
2 140544
5 140608
3 140672
5 140736
8 140800
4 140864
1 140928
4 140992
3 141056
10 141120
8 141184
4 141248
2 141312
10 141376
4 141440
9 141504
8 141568
1 141632
8 141696
10 141760
2 141824
9 141888
9 141952
2 142016
2 142080
10 142144
9 142208
9 142272
5 142336
9 142400
0 142464
0 142528
1 142592
0 142656
10 142720
9 142784
4 142848
10 142912
3 142976
9 143040
6 143104
9 143168
10 143232
0 143296
7 143360
10 143424
8 143488
4 143552
10 143616
4 143680
7 143744
3 143808
10 143872
6 143936
4 144000
7 144064
1 144128
0 144192
2 144256
7 144320
6 144384
7 144448
7 144512
3 144576
5 144640
9 144704
2 144768
5 144832
5 144896
5 144960
6 145024
2 145088
5 145152
8 145216
8 145280
1 145344
5 145408
3 145472
7 145536
1 145600
4 145664
7 145728
3 145792
2 145856
1 145920
0 145984
4 146048
6 146112
9 146176
6 146240
3 146304
2 146368
5 146432
9 146496
5 146560
3 146624
2 146688
7 146752
8 146816
7 146880
7 146944
4 147008
7 147072
0 147136
1 147200
6 147264
8 147328
7 147392
3 147456
3 147520
9 147584
5 147648
0 147712
0 147776
4 147840
7 147904
9 147968
10 148032
10 148096
7 148160
4 148224
8 148288
0 148352
1 148416
6 148480
2 148544
4 148608
5 148672
6 148736
5 148800
0 148864
6 148928
0 148992
9 149056
8 149120
3 149184
5 149248
8 149312
4 149376
1 149440
6 149504
8 149568
7 149632
8 149696
4 149760
9 149824
10 149888
9 149952
1 150016
2 150080
1 150144
6 150208
5 150272
5 150336
8 150400
5 150464
2 150528
3 150592
9 150656
8 150720
6 150784
8 150848
0 150912
0 150976
0 151040
2 151104
5 151168
7 151232
8 151296
7 151360
2 151424
9 151488
8 151552
2 151616
5 151680
9 151744
5 151808
2 151872
6 151936
9 152000
4 152064
9 152128
5 152192
8 152256
8 152320
8 152384
7 152448
9 152512
4 152576
7 152640
0 152704
5 152768
5 152832
10 152896
1 152960
6 153024
9 153088
4 153152
10 153216
0 153280
9 153344
7 153408
4 153472
10 153536
9 153600
9 153664
3 153728
0 153792
9 153856
7 153920
2 153984
8 154048
10 154112
9 154176
6 154240
2 154304
10 154368
3 154432
0 154496
9 154560
1 154624
3 154688
0 154752
7 154816
5 154880
6 154944
2 155008
6 155072
3 155136
6 155200
8 155264
9 155328
7 155392
0 155456
2 155520
8 155584
3 155648
8 155712
5 155776
10 155840
7 155904
8 155968
6 156032
5 156096
2 156160
7 156224
8 156288
5 156352
8 156416
5 156480
10 156544
10 156608
10 156672
4 156736
9 156800
7 156864
3 156928
3 156992
4 157056
8 157120
4 157184
3 157248
4 157312
4 157376
3 157440
7 157504
5 157568
7 157632
5 157696
8 157760
4 157824
4 157888
1 157952
9 158016
10 158080
8 158144
6 158208
6 158272
5 158336
2 158400
4 158464
0 158528
4 158592
1 158656
5 158720
7 158784
10 158848
4 158912
7 158976
3 159040
3 159104
8 159168
4 159232
8 159296
4 159360
2 159424
1 159488
9 159552
9 159616
3 159680
3 159744
0 159808
10 159872
8 159936
3 160000
10 160064
3 160128
0 160192
1 160256
6 160320
5 160384
7 160448
1 160512
10 160576
2 160640
0 160704
8 160768
2 160832
6 160896
10 160960
7 161024
7 161088
10 161152
3 161216
4 161280
5 161344
4 161408
10 161472
0 161536
1 161600
10 161664
9 161728
3 161792
8 161856
0 161920
2 161984
6 162048
2 162112
0 162176
6 162240
7 162304
2 162368
4 162432
0 162496
0 162560
4 162624
9 162688
9 162752
1 162816
5 162880
4 162944
7 163008
10 163072
8 163136
8 163200
7 163264
2 163328
8 163392
7 163456
4 163520
3 163584
1 163648
5 163712
2 163776
7 163840
10 163904
4 163968
2 164032
0 164096
5 164160
4 164224
9 164288
10 164352
3 164416
2 164480
9 164544
10 164608
6 164672
6 164736
8 164800
5 164864
1 164928
6 164992
10 165056
1 165120
2 165184
2 165248
7 165312
5 165376
3 165440
0 165504
4 165568
6 165632
3 165696
7 165760
4 165824
5 165888
4 165952
9 166016
9 166080
0 166144
4 166208
10 166272
5 166336
3 166400
0 166464
10 166528
1 166592
7 166656
4 166720
2 166784
6 166848
10 166912
8 166976
4 167040
1 167104
10 167168
4 167232
5 167296
9 167360
3 167424
3 167488
2 167552
7 167616
2 167680
7 167744
9 167808
5 167872
6 167936
8 168000
7 168064
8 168128
10 168192
3 168256
3 168320
10 168384
9 168448
1 168512
8 168576
7 168640
8 168704
5 168768
1 168832
9 168896
1 168960
0 169024
8 169088
8 169152
3 169216
9 169280
8 169344
2 169408
2 169472
5 169536
8 169600
7 169664
1 169728
10 169792
3 169856
9 169920
7 169984
1 170048
8 170112
7 170176
0 170240
7 170304
2 170368
8 170432
6 170496
7 170560
9 170624
0 170688
8 170752
7 170816
10 170880
4 170944
0 171008
6 171072
4 171136
0 171200
3 171264
9 171328
1 171392
0 171456
6 171520
5 171584
1 171648
8 171712
0 171776
1 171840
7 171904
0 171968
4 172032
6 172096
2 172160
2 172224
10 172288
10 172352
6 172416
5 172480
6 172544
7 172608
6 172672
6 172736
1 172800
10 172864
10 172928
8 172992
2 173056
10 173120
5 173184
1 173248
2 173312
8 173376
6 173440
8 173504
2 173568
3 173632
0 173696
0 173760
4 173824
7 173888
10 173952
8 174016
6 174080
8 174144
6 174208
3 174272
3 174336
7 174400
5 174464
2 174528
4 174592
3 174656
1 174720
0 174784
10 174848
6 174912
9 174976
0 175040
3 175104
3 175168
1 175232
1 175296
9 175360
0 175424
7 175488
9 175552
10 175616
0 175680
3 175744
0 175808
6 175872
7 175936
3 176000
8 176064
3 176128
0 176192
2 176256
8 176320
4 176384
3 176448
9 176512
5 176576
9 176640
9 176704
10 176768
5 176832
3 176896
4 176960
2 177024
10 177088
8 177152
3 177216
6 177280
4 177344
4 177408
0 177472
8 177536
9 177600
2 177664
10 177728
10 177792
6 177856
8 177920
7 177984
0 178048
5 178112
10 178176
10 178240
6 178304
8 178368
5 178432
6 178496
6 178560
2 178624
4 178688
6 178752
2 178816
8 178880
7 178944
3 179008
3 179072
4 179136
2 179200
7 179264
0 179328
8 179392
6 179456
6 179520
8 179584
8 179648
2 179712
6 179776
3 179840
4 179904
3 179968
5 180032
10 180096
1 180160
7 180224
5 180288
1 180352
8 180416
3 180480
0 180544
4 180608
6 180672
10 180736
9 180800
9 180864
0 180928
1 180992
3 181056
9 181120
10 181184
8 181248
3 181312
7 181376
3 181440
5 181504
4 181568
0 181632
3 181696
3 181760
1 181824
7 181888
3 181952
9 182016
3 182080
6 182144
3 182208
8 182272
5 182336
4 182400
6 182464
7 182528
8 182592
10 182656
5 182720
4 182784
4 182848
5 182912
8 182976
7 183040
7 183104
1 183168
7 183232
5 183296
3 183360
5 183424
5 183488
6 183552
0 183616
9 183680
3 183744
2 183808
0 183872
4 183936
8 184000
9 184064
9 184128
6 184192
4 184256
2 184320
3 184384
5 184448
3 184512
6 184576
9 184640
3 184704
7 184768
8 184832
10 184896
10 184960
5 185024
4 185088
7 185152
10 185216
7 185280
7 185344
2 185408
5 185472
2 185536
2 185600
8 185664
7 185728
2 185792
8 185856
10 185920
0 185984
8 186048
0 186112
1 186176
10 186240
0 186304
0 186368
6 186432
2 186496
10 186560
3 186624
1 186688
2 186752
0 186816
3 186880
8 186944
7 187008
5 187072
0 187136
9 187200
10 187264
10 187328
9 187392
7 187456
10 187520
7 187584
0 187648
0 187712
8 187776
8 187840
6 187904
0 187968
0 188032
8 188096
4 188160
8 188224
4 188288
0 188352
8 188416
10 188480
6 188544
2 188608
1 188672
1 188736
8 188800
2 188864
3 188928
3 188992
9 189056
8 189120
4 189184
5 189248
4 189312
6 189376
1 189440
5 189504
6 189568
7 189632
9 189696
3 189760
3 189824
4 189888
10 189952
1 190016
10 190080
10 190144
0 190208
1 190272
6 190336
6 190400
6 190464
8 190528
7 190592
0 190656
10 190720
0 190784
2 190848
1 190912
7 190976
6 191040
10 191104
5 191168
9 191232
1 191296
8 191360
0 191424
3 191488
3 191552
9 191616
7 191680
4 191744
0 191808
1 191872
10 191936
4 192000
8 192064
9 192128
10 192192
0 192256
2 192320
5 192384
0 192448
3 192512
9 192576
2 192640
6 192704
1 192768
4 192832
2 192896
9 192960
3 193024
9 193088
6 193152
10 193216
8 193280
5 193344
6 193408
2 193472
1 193536
8 193600
5 193664
0 193728
1 193792
6 193856
3 193920
1 193984
5 194048
9 194112
9 194176
9 194240
6 194304
5 194368
0 194432
10 194496
4 194560
7 194624
7 194688
3 194752
5 194816
8 194880
6 194944
6 195008
2 195072
10 195136
9 195200
10 195264
6 195328
1 195392
9 195456
4 195520
3 195584
1 195648
1 195712
4 195776
2 195840
6 195904
10 195968
2 196032
6 196096
5 196160
5 196224
1 196288
1 196352
0 196416
4 196480
7 196544
5 196608
4 196672
1 196736
2 196800
1 196864
2 196928
6 196992
7 197056
8 197120
8 197184
8 197248
6 197312
1 197376
0 197440
1 197504
5 197568
8 197632
1 197696
9 197760
9 197824
5 197888
6 197952
0 198016
4 198080
6 198144
6 198208
1 198272
8 198336
3 198400
9 198464
8 198528
2 198592
10 198656
6 198720
2 198784
2 198848
4 198912
4 198976
4 199040
7 199104
2 199168
1 199232
2 199296
6 199360
4 199424
6 199488
4 199552
7 199616
1 199680
5 199744
4 199808
3 199872
10 199936
7 200000
9 200064
9 200128
3 200192
7 200256
1 200320
2 200384
4 200448
0 200512
6 200576
5 200640
9 200704
6 200768
5 200832
7 200896
5 200960
6 201024
10 201088
9 201152
2 201216
4 201280
5 201344
9 201408
3 201472
7 201536
5 201600
2 201664
6 201728
5 201792
4 201856
10 201920
7 201984
9 202048
3 202112
5 202176
6 202240
4 202304
6 202368
5 202432
1 202496
9 202560
3 202624
9 202688
8 202752
2 202816
10 202880
8 202944
0 203008
7 203072
3 203136
7 203200
4 203264
1 203328
6 203392
10 203456
7 203520
2 203584
10 203648
4 203712
3 203776
4 203840
10 203904
2 203968
6 204032
6 204096
1 204160
7 204224
9 204288
7 204352
9 204416
6 204480
8 204544
8 204608
6 204672
8 204736
0 204800
5 204864
8 204928
9 204992
10 205056
1 205120
1 205184
3 205248
10 205312
10 205376
5 205440
2 205504
10 205568
9 205632
0 205696
9 205760
10 205824
10 205888
10 205952
6 206016
5 206080
6 206144
1 206208
0 206272
1 206336
4 206400
3 206464
8 206528
8 206592
8 206656
9 206720
9 206784
3 206848
7 206912
5 206976
6 207040
7 207104
10 207168
9 207232
8 207296
2 207360
5 207424
0 207488
7 207552
1 207616
4 207680
6 207744
1 207808
1 207872
2 207936
5 208000
4 208064
5 208128
7 208192
3 208256
8 208320
7 208384
5 208448
7 208512
1 208576
7 208640
7 208704
5 208768
1 208832
4 208896
0 208960
1 209024
0 209088
5 209152
10 209216
1 209280
10 209344
2 209408
3 209472
8 209536
2 209600
8 209664
2 209728
5 209792
8 209856
6 209920
7 209984
3 210048
6 210112
10 210176
2 210240
2 210304
10 210368
10 210432
6 210496
6 210560
0 210624
9 210688
3 210752
7 210816
9 210880
6 210944
6 211008
0 211072
3 211136
3 211200
4 211264
1 211328
9 211392
1 211456
8 211520
2 211584
5 211648
5 211712
3 211776
7 211840
1 211904
4 211968
10 212032
7 212096
8 212160
10 212224
5 212288
9 212352
6 212416
9 212480
6 212544
9 212608
1 212672
5 212736
5 212800
7 212864
9 212928
2 212992
10 213056
4 213120
9 213184
9 213248
1 213312
10 213376
2 213440
5 213504
1 213568
3 213632
4 213696
1 213760
2 213824
5 213888
2 213952
8 214016
6 214080
6 214144
9 214208
2 214272
9 214336
6 214400
6 214464
2 214528
7 214592
10 214656
8 214720
10 214784
2 214848
8 214912
2 214976
7 215040
4 215104
2 215168
2 215232
5 215296
7 215360
9 215424
0 215488
5 215552
0 215616
7 215680
2 215744
3 215808
6 215872
8 215936
8 216000
10 216064
7 216128
6 216192
10 216256
7 216320
6 216384
7 216448
7 216512
2 216576
1 216640
9 216704
0 216768
3 216832
4 216896
0 216960
4 217024
3 217088
8 217152
4 217216
2 217280
7 217344
9 217408
7 217472
8 217536
8 217600
1 217664
9 217728
1 217792
4 217856
8 217920
5 217984
8 218048
0 218112
7 218176
8 218240
3 218304
6 218368
1 218432
10 218496
3 218560
4 218624
0 218688
7 218752
4 218816
5 218880
1 218944
7 219008
1 219072
3 219136
3 219200
9 219264
5 219328
9 219392
10 219456
6 219520
2 219584
9 219648
2 219712
3 219776
3 219840
0 219904
9 219968
5 220032
8 220096
4 220160
9 220224
8 220288
2 220352
5 220416
4 220480
4 220544
9 220608
4 220672
8 220736
10 220800
1 220864
2 220928
6 220992
0 221056
4 221120
10 221184
2 221248
2 221312
3 221376
2 221440
5 221504
3 221568
10 221632
6 221696
7 221760
2 221824
9 221888
10 221952
4 222016
10 222080
6 222144
6 222208
7 222272
1 222336
10 222400
1 222464
6 222528
8 222592
4 222656
5 222720
7 222784
7 222848
5 222912
9 222976
0 223040
1 223104
7 223168
10 223232
10 223296
5 223360
1 223424
8 223488
6 223552
3 223616
6 223680
3 223744
7 223808
4 223872
5 223936
4 224000
5 224064
8 224128
9 224192
2 224256
9 224320
7 224384
5 224448
10 224512
0 224576
0 224640
1 224704
10 224768
7 224832
0 224896
1 224960
2 225024
7 225088
7 225152
0 225216
6 225280
3 225344
2 225408
10 225472
4 225536
2 225600
4 225664
1 225728
10 225792
5 225856
4 225920
1 225984
5 226048
10 226112
10 226176
2 226240
0 226304
6 226368
10 226432
4 226496
3 226560
6 226624
10 226688
1 226752
1 226816
0 226880
3 226944
7 227008
1 227072
2 227136
9 227200
3 227264
8 227328
10 227392
7 227456
0 227520
0 227584
5 227648
1 227712
6 227776
2 227840
7 227904
1 227968
3 228032
6 228096
1 228160
1 228224
1 228288
5 228352
5 228416
4 228480
2 228544
6 228608
2 228672
10 228736
10 228800
2 228864
1 228928
8 228992
9 229056
0 229120
9 229184
10 229248
2 229312
7 229376
5 229440
3 229504
10 229568
2 229632
6 229696
9 229760
10 229824
7 229888
3 229952
1 230016
1 230080
2 230144
1 230208
9 230272
6 230336
5 230400
6 230464
5 230528
2 230592
3 230656
4 230720
10 230784
1 230848
3 230912
8 230976
9 231040
9 231104
9 231168
4 231232
0 231296
10 231360
4 231424
3 231488
8 231552
9 231616
8 231680
3 231744
6 231808
4 231872
10 231936
0 232000
3 232064
7 232128
6 232192
1 232256
3 232320
7 232384
10 232448
9 232512
1 232576
8 232640
0 232704
5 232768
5 232832
2 232896
6 232960
9 233024
6 233088
5 233152
8 233216
10 233280
2 233344
7 233408
1 233472
0 233536
9 233600
1 233664
0 233728
4 233792
3 233856
0 233920
0 233984
6 234048
8 234112
4 234176
10 234240
8 234304
6 234368
6 234432
6 234496
1 234560
10 234624
8 234688
8 234752
9 234816
2 234880
4 234944
1 235008
4 235072
1 235136
8 235200
3 235264
2 235328
8 235392
5 235456
6 235520
9 235584
10 235648
10 235712
10 235776
10 235840
1 235904
4 235968
6 236032
3 236096
0 236160
3 236224
1 236288
6 236352
1 236416
7 236480
9 236544
9 236608
0 236672
4 236736
10 236800
10 236864
2 236928
1 236992
0 237056
2 237120
0 237184
2 237248
7 237312
5 237376
8 237440
8 237504
4 237568
2 237632
5 237696
2 237760
4 237824
1 237888
0 237952
5 238016
6 238080
4 238144
8 238208
1 238272
4 238336
9 238400
10 238464
1 238528
7 238592
7 238656
8 238720
5 238784
0 238848
7 238912
9 238976
2 239040
5 239104
2 239168
4 239232
1 239296
9 239360
10 239424
1 239488
3 239552
8 239616
0 239680
0 239744
0 239808
3 239872
0 239936
7 240000
5 240064
6 240128
2 240192
2 240256
0 240320
8 240384
10 240448
6 240512
3 240576
5 240640
3 240704
6 240768
5 240832
4 240896
1 240960
9 241024
5 241088
1 241152
8 241216
10 241280
0 241344
2 241408
3 241472
8 241536
0 241600
6 241664
1 241728
7 241792
4 241856
4 241920
5 241984
1 242048
8 242112
7 242176
0 242240
5 242304
3 242368
4 242432
9 242496
4 242560
9 242624
3 242688
7 242752
5 242816
9 242880
7 242944
3 243008
8 243072
3 243136
2 243200
0 243264
6 243328
0 243392
3 243456
8 243520
5 243584
10 243648
0 243712
5 243776
0 243840
10 243904
6 243968
4 244032
1 244096
3 244160
8 244224
3 244288
6 244352
7 244416
0 244480
2 244544
4 244608
1 244672
0 244736
3 244800
8 244864
6 244928
5 244992
7 245056
1 245120
9 245184
1 245248
8 245312
2 245376
10 245440
6 245504
1 245568
9 245632
9 245696
0 245760
6 245824
10 245888
2 245952
3 246016
4 246080
4 246144
5 246208
6 246272
5 246336
5 246400
7 246464
4 246528
3 246592
1 246656
3 246720
2 246784
9 246848
1 246912
2 246976
1 247040
2 247104
7 247168
7 247232
5 247296
6 247360
1 247424
8 247488
5 247552
3 247616
7 247680
4 247744
7 247808
4 247872
1 247936
1 248000
2 248064
10 248128
4 248192
9 248256
0 248320
3 248384
5 248448
2 248512
1 248576
3 248640
5 248704
6 248768
8 248832
0 248896
10 248960
4 249024
4 249088
2 249152
0 249216
6 249280
7 249344
8 249408
8 249472
3 249536
1 249600
7 249664
1 249728
2 249792
1 249856
0 249920
0 249984
3 250048
2 250112
3 250176
6 250240
5 250304
10 250368
10 250432
10 250496
1 250560
9 250624
9 250688
4 250752
1 250816
0 250880
1 250944
3 251008
10 251072
7 251136
2 251200
1 251264
5 251328
1 251392
0 251456
7 251520
0 251584
2 251648
9 251712
6 251776
6 251840
7 251904
0 251968
6 252032
10 252096
6 252160
2 252224
5 252288
3 252352
2 252416
4 252480
4 252544
7 252608
2 252672
0 252736
9 252800
9 252864
9 252928
3 252992
10 253056
4 253120
7 253184
6 253248
8 253312
7 253376
0 253440
1 253504
4 253568
6 253632
2 253696
6 253760
3 253824
10 253888
8 253952
3 254016
10 254080
8 254144
0 254208
6 254272
5 254336
7 254400
8 254464
7 254528
5 254592
9 254656
8 254720
5 254784
6 254848
4 254912
2 254976
0 255040
5 255104
9 255168
3 255232
0 255296
4 255360
0 255424
7 255488
8 255552
5 255616
9 255680
3 255744
2 255808
1 255872
3 255936
10 256000
3 256064
4 256128
8 256192
0 256256
3 256320
9 256384
6 256448
5 256512
2 256576
2 256640
3 256704
9 256768
5 256832
5 256896
9 256960
0 257024
5 257088
9 257152
9 257216
2 257280
9 257344
3 257408
7 257472
8 257536
4 257600
2 257664
7 257728
0 257792
1 257856
0 257920
3 257984
9 258048
3 258112
0 258176
8 258240
7 258304
0 258368
5 258432
9 258496
3 258560
2 258624
5 258688
2 258752
5 258816
0 258880
0 258944
2 259008
9 259072
2 259136
1 259200
8 259264
5 259328
1 259392
5 259456
10 259520
6 259584
9 259648
1 259712
5 259776
4 259840
5 259904
2 259968
2 260032
6 260096
10 260160
7 260224
10 260288
5 260352
2 260416
8 260480
9 260544
5 260608
3 260672
10 260736
9 260800
2 260864
6 260928
4 260992
4 261056
2 261120
2 261184
0 261248
9 261312
6 261376
9 261440
0 261504
2 261568
9 261632
5 261696
9 261760
3 261824
10 261888
9 261952
1 262016
7 262080
2 262144
5 262208
1 262272
3 262336
5 262400
5 262464
2 262528
10 262592
1 262656
10 262720
10 262784
5 262848
7 262912
0 262976
4 263040
3 263104
3 263168
1 263232
5 263296
4 263360
1 263424
0 263488
0 263552
6 263616
7 263680
6 263744
2 263808
6 263872
7 263936
6 264000
5 264064
8 264128
6 264192
1 264256
7 264320
9 264384
10 264448
10 264512
3 264576
2 264640
7 264704
1 264768
0 264832
4 264896
0 264960
5 265024
4 265088
1 265152
1 265216
5 265280
2 265344
6 265408
2 265472
1 265536
8 265600
1 265664
5 265728
9 265792
9 265856
7 265920
0 265984
6 266048
10 266112
2 266176
9 266240
6 266304
2 266368
0 266432
1 266496
5 266560
3 266624
3 266688
6 266752
8 266816
8 266880
4 266944
10 267008
4 267072
4 267136
3 267200
1 267264
0 267328
6 267392
9 267456
8 267520
7 267584
2 267648
0 267712
5 267776
0 267840
6 267904
1 267968
4 268032
10 268096
10 268160
9 268224
7 268288
3 268352
1 268416
0 268480
3 268544
2 268608
10 268672
4 268736
1 268800
7 268864
1 268928
4 268992
6 269056
7 269120
7 269184
10 269248
4 269312
1 269376
10 269440
8 269504
6 269568
2 269632
5 269696
6 269760
5 269824
2 269888
7 269952
0 270016
4 270080
7 270144
7 270208
4 270272
3 270336
4 270400
9 270464
0 270528
2 270592
10 270656
1 270720
1 270784
10 270848
5 270912
8 270976
6 271040
9 271104
3 271168
8 271232
0 271296
6 271360
8 271424
6 271488
8 271552
10 271616
7 271680
9 271744
3 271808
7 271872
4 271936
1 272000
6 272064
0 272128
8 272192
9 272256
8 272320
9 272384
10 272448
9 272512
2 272576
1 272640
7 272704
2 272768
2 272832
3 272896
3 272960
2 273024
0 273088
6 273152
1 273216
10 273280
6 273344
3 273408
10 273472
2 273536
9 273600
4 273664
5 273728
1 273792
1 273856
6 273920
8 273984
6 274048
8 274112
5 274176
4 274240
8 274304
7 274368
0 274432
9 274496
9 274560
8 274624
6 274688
1 274752
6 274816
2 274880
2 274944
9 275008
9 275072
9 275136
1 275200
1 275264
9 275328
1 275392
4 275456
8 275520
5 275584
6 275648
4 275712
6 275776
10 275840
7 275904
9 275968
9 276032
7 276096
0 276160
2 276224
4 276288
6 276352
2 276416
9 276480
9 276544
10 276608
6 276672
0 276736
6 276800
5 276864
3 276928
0 276992
7 277056
4 277120
5 277184
0 277248
5 277312
4 277376
4 277440
4 277504
7 277568
10 277632
1 277696
3 277760
2 277824
4 277888
7 277952
5 278016
4 278080
6 278144
9 278208
10 278272
1 278336
3 278400
7 278464
3 278528
6 278592
7 278656
8 278720
5 278784
0 278848
8 278912
2 278976
1 279040
4 279104
8 279168
6 279232
2 279296
8 279360
9 279424
0 279488
2 279552
3 279616
3 279680
0 279744
3 279808
0 279872
7 279936
0 280000
5 280064
3 280128
4 280192
5 280256
7 280320
8 280384
6 280448
10 280512
1 280576
10 280640
0 280704
3 280768
5 280832
7 280896
9 280960
7 281024
2 281088
7 281152
9 281216
8 281280
5 281344
5 281408
2 281472
4 281536
1 281600
4 281664
0 281728
6 281792
0 281856
2 281920
9 281984
3 282048
3 282112
10 282176
3 282240
10 282304
3 282368
4 282432
10 282496
6 282560
8 282624
0 282688
10 282752
0 282816
7 282880
2 282944
10 283008
2 283072
9 283136
0 283200
3 283264
4 283328
9 283392
4 283456
10 283520
4 283584
6 283648
6 283712
5 283776
7 283840
4 283904
3 283968
7 284032
4 284096
10 284160
8 284224
9 284288
6 284352
9 284416
1 284480
0 284544
8 284608
10 284672
5 284736
8 284800
10 284864
9 284928
9 284992
4 285056
4 285120
10 285184
1 285248
7 285312
1 285376
5 285440
4 285504
10 285568
5 285632
4 285696
4 285760
10 285824
10 285888
4 285952
3 286016
2 286080
8 286144
3 286208
0 286272
9 286336
6 286400
10 286464
5 286528
10 286592
2 286656
0 286720
10 286784
7 286848
4 286912
4 286976
6 287040
6 287104
6 287168
0 287232
9 287296
9 287360
3 287424
5 287488
3 287552
10 287616
8 287680
10 287744
7 287808
10 287872
5 287936
8 288000
4 288064
2 288128
10 288192
8 288256
2 288320
4 288384
1 288448
7 288512
2 288576
4 288640
8 288704
2 288768
10 288832
5 288896
10 288960
1 289024
3 289088
5 289152
3 289216
4 289280
6 289344
5 289408
5 289472
4 289536
9 289600
4 289664
7 289728
1 289792
7 289856
0 289920
10 289984
9 290048
9 290112
9 290176
1 290240
7 290304
3 290368
8 290432
1 290496
10 290560
6 290624
8 290688
4 290752
6 290816
0 290880
2 290944
2 291008
3 291072
5 291136
6 291200
9 291264
7 291328
2 291392
5 291456
2 291520
1 291584
7 291648
5 291712
10 291776
2 291840
5 291904
10 291968
0 292032
0 292096
7 292160
4 292224
3 292288
2 292352
9 292416
2 292480
7 292544
1 292608
2 292672
9 292736
6 292800
10 292864
6 292928
6 292992
6 293056
7 293120
6 293184
0 293248
0 293312
8 293376
3 293440
5 293504
0 293568
5 293632
8 293696
3 293760
0 293824
10 293888
0 293952
10 294016
3 294080
3 294144
5 294208
4 294272
2 294336
1 294400
6 294464
8 294528
9 294592
4 294656
2 294720
1 294784
0 294848
4 294912
4 294976
7 295040
8 295104
9 295168
8 295232
5 295296
6 295360
10 295424
2 295488
5 295552
7 295616
5 295680
3 295744
2 295808
6 295872
0 295936
3 296000
3 296064
2 296128
3 296192
0 296256
9 296320
8 296384
2 296448
1 296512
5 296576
10 296640
0 296704
6 296768
10 296832
4 296896
8 296960
9 297024
0 297088
9 297152
0 297216
10 297280
1 297344
10 297408
0 297472
0 297536
1 297600
6 297664
7 297728
6 297792
1 297856
8 297920
4 297984
7 298048
2 298112
3 298176
10 298240
10 298304
0 298368
4 298432
6 298496
10 298560
1 298624
10 298688
8 298752
4 298816
9 298880
9 298944
2 299008
6 299072
1 299136
8 299200
9 299264
1 299328
4 299392
1 299456
1 299520
7 299584
3 299648
9 299712
3 299776
4 299840
8 299904
3 299968
5 300032
6 300096
4 300160
2 300224
0 300288
8 300352
7 300416
3 300480
7 300544
5 300608
3 300672
0 300736
0 300800
10 300864
1 300928
1 300992
9 301056
10 301120
7 301184
2 301248
1 301312
8 301376
1 301440
1 301504
4 301568
10 301632
3 301696
7 301760
4 301824
4 301888
7 301952
0 302016
1 302080
2 302144
0 302208
4 302272
5 302336
10 302400
5 302464
6 302528
1 302592
1 302656
0 302720
0 302784
2 302848
10 302912
10 302976
2 303040
5 303104
5 303168
7 303232
9 303296
4 303360
1 303424
5 303488
5 303552
2 303616
1 303680
6 303744
6 303808
7 303872
4 303936
6 304000
7 304064
6 304128
10 304192
2 304256
1 304320
2 304384
0 304448
2 304512
1 304576
6 304640
9 304704
7 304768
9 304832
10 304896
7 304960
2 305024
9 305088
6 305152
5 305216
9 305280
0 305344
10 305408
2 305472
7 305536
7 305600
1 305664
6 305728
7 305792
0 305856
1 305920
4 305984
10 306048
5 306112
0 306176
10 306240
8 306304
9 306368
9 306432
3 306496
10 306560
5 306624
8 306688
8 306752
9 306816
1 306880
6 306944
10 307008
3 307072
7 307136
5 307200
10 307264
10 307328
10 307392
6 307456
2 307520
8 307584
9 307648
0 307712
0 307776
10 307840
2 307904
8 307968
7 308032
7 308096
2 308160
1 308224
7 308288
5 308352
3 308416
5 308480
4 308544
0 308608
8 308672
3 308736
8 308800
10 308864
6 308928
6 308992
3 309056
1 309120
7 309184
7 309248
9 309312
7 309376
1 309440
7 309504
7 309568
5 309632
1 309696
7 309760
10 309824
0 309888
1 309952
6 310016
6 310080
0 310144
8 310208
8 310272
0 310336
1 310400
9 310464
9 310528
10 310592
4 310656
8 310720
8 310784
3 310848
10 310912
10 310976
7 311040
5 311104
5 311168
0 311232
3 311296
7 311360
5 311424
8 311488
9 311552
9 311616
7 311680
10 311744
5 311808
7 311872
1 311936
1 312000
10 312064
3 312128
0 312192
5 312256
5 312320
10 312384
4 312448
8 312512
8 312576
5 312640
1 312704
0 312768
2 312832
7 312896
2 312960
6 313024
1 313088
4 313152
9 313216
3 313280
3 313344
1 313408
6 313472
3 313536
7 313600
3 313664
5 313728
1 313792
6 313856
0 313920
10 313984
10 314048
9 314112
1 314176
7 314240
7 314304
10 314368
9 314432
8 314496
2 314560
7 314624
0 314688
8 314752
0 314816
8 314880
6 314944
9 315008
7 315072
8 315136
2 315200
9 315264
2 315328
2 315392
1 315456
6 315520
10 315584
9 315648
9 315712
5 315776
8 315840
6 315904
6 315968
9 316032
3 316096
4 316160
6 316224
5 316288
4 316352
7 316416
2 316480
2 316544
6 316608
9 316672
8 316736
4 316800
8 316864
5 316928
8 316992
10 317056
3 317120
3 317184
3 317248
9 317312
4 317376
10 317440
5 317504
10 317568
2 317632
10 317696
2 317760
8 317824
8 317888
10 317952
5 318016
1 318080
5 318144
8 318208
7 318272
9 318336
9 318400
10 318464
6 318528
10 318592
8 318656
4 318720
6 318784
0 318848
8 318912
1 318976
0 319040
6 319104
2 319168
0 319232
10 319296
0 319360
3 319424
4 319488
2 319552
4 319616
10 319680
4 319744
2 319808
0 319872
4 319936
3 320000
8 320064
0 320128
5 320192
7 320256
1 320320
9 320384
10 320448
8 320512
3 320576
10 320640
8 320704
6 320768
3 320832
8 320896
4 320960
10 321024
0 321088
6 321152
6 321216
6 321280
10 321344
5 321408
8 321472
0 321536
0 321600
4 321664
3 321728
9 321792
7 321856
3 321920
10 321984
10 322048
5 322112
9 322176
8 322240
9 322304
3 322368
3 322432
4 322496
7 322560
2 322624
10 322688
1 322752
2 322816
2 322880
8 322944
1 323008
6 323072
0 323136
6 323200
4 323264
8 323328
4 323392
2 323456
2 323520
9 323584
4 323648
0 323712
5 323776
7 323840
2 323904
0 323968
2 324032
5 324096
9 324160
0 324224
10 324288
9 324352
10 324416
4 324480
7 324544
9 324608
8 324672
5 324736
1 324800
5 324864
8 324928
3 324992
2 325056
8 325120
1 325184
8 325248
2 325312
6 325376
8 325440
8 325504
6 325568
1 325632
5 325696
3 325760
3 325824
10 325888
5 325952
5 326016
5 326080
4 326144
3 326208
9 326272
8 326336
7 326400
8 326464
10 326528
0 326592
1 326656
10 326720
5 326784
7 326848
3 326912
10 326976
9 327040
9 327104
3 327168
0 327232
10 327296
5 327360
6 327424
1 327488
6 327552
4 327616
8 327680
4 327744
0 327808
8 327872
5 327936
8 328000
8 328064
7 328128
7 328192
0 328256
4 328320
10 328384
3 328448
5 328512
8 328576
1 328640
1 328704
2 328768
8 328832
8 328896
0 328960
10 329024
1 329088
3 329152
10 329216
10 329280
3 329344
10 329408
6 329472
1 329536
3 329600
8 329664
6 329728
10 329792
1 329856
10 329920
2 329984
0 330048
7 330112
5 330176
0 330240
1 330304
1 330368
0 330432
2 330496
4 330560
8 330624
1 330688
9 330752
3 330816
4 330880
6 330944
6 331008
7 331072
10 331136
6 331200
6 331264
5 331328
0 331392
6 331456
10 331520
1 331584
8 331648
0 331712
10 331776
9 331840
1 331904
9 331968
0 332032
1 332096
5 332160
8 332224
1 332288
4 332352
10 332416
4 332480
9 332544
1 332608
4 332672
7 332736
6 332800
6 332864
10 332928
0 332992
7 333056
2 333120
8 333184
3 333248
2 333312
6 333376
8 333440
4 333504
10 333568
2 333632
4 333696
10 333760
10 333824
5 333888
0 333952
8 334016
8 334080
2 334144
1 334208
0 334272
0 334336
9 334400
9 334464
6 334528
8 334592
8 334656
1 334720
4 334784
3 334848
5 334912
3 334976
6 335040
10 335104
8 335168
2 335232
2 335296
2 335360
3 335424
9 335488
4 335552
3 335616
1 335680
2 335744
10 335808
9 335872
0 335936
8 336000
7 336064
10 336128
8 336192
1 336256
4 336320
10 336384
1 336448
4 336512
1 336576
3 336640
9 336704
7 336768
5 336832
5 336896
2 336960
10 337024
10 337088
3 337152
1 337216
4 337280
9 337344
1 337408
3 337472
5 337536
7 337600
7 337664
5 337728
9 337792
10 337856
4 337920
9 337984
2 338048
9 338112
9 338176
5 338240
5 338304
6 338368
2 338432
0 338496
5 338560
3 338624
3 338688
10 338752
6 338816
4 338880
5 338944
2 339008
10 339072
5 339136
7 339200
7 339264
7 339328
5 339392
4 339456
7 339520
8 339584
1 339648
2 339712
10 339776
9 339840
1 339904
4 339968
2 340032
8 340096
3 340160
4 340224
10 340288
1 340352
1 340416
0 340480
8 340544
10 340608
0 340672
9 340736
9 340800
6 340864
9 340928
3 340992
0 341056
8 341120
4 341184
8 341248
8 341312
7 341376
10 341440
2 341504
5 341568
6 341632
3 341696
9 341760
4 341824
2 341888
7 341952
8 342016
8 342080
1 342144
6 342208
5 342272
8 342336
0 342400
10 342464
3 342528
9 342592
10 342656
2 342720
8 342784
2 342848
7 342912
2 342976
2 343040
9 343104
9 343168
10 343232
2 343296
7 343360
5 343424
0 343488
3 343552
7 343616
3 343680
1 343744
4 343808
5 343872
3 343936
0 344000
10 344064
3 344128
8 344192
5 344256
6 344320
7 344384
7 344448
0 344512
0 344576
10 344640
5 344704
1 344768
8 344832
10 344896
4 344960
4 345024
9 345088
8 345152
9 345216
2 345280
6 345344
10 345408
6 345472
5 345536
9 345600
10 345664
1 345728
8 345792
4 345856
6 345920
3 345984
8 346048
6 346112
5 346176
5 346240
7 346304
7 346368
9 346432
0 346496
8 346560
2 346624
7 346688
2 346752
3 346816
1 346880
8 346944
10 347008
4 347072
3 347136
2 347200
2 347264
2 347328
5 347392
9 347456
1 347520
10 347584
3 347648
6 347712
5 347776
1 347840
7 347904
10 347968
7 348032
7 348096
3 348160
9 348224
2 348288
10 348352
6 348416
0 348480
3 348544
0 348608
2 348672
9 348736
9 348800
2 348864
2 348928
10 348992
8 349056
0 349120
9 349184
2 349248
0 349312
2 349376
4 349440
2 349504
8 349568
6 349632
9 349696
9 349760
10 349824
0 349888
10 349952
4 350016
1 350080
3 350144
7 350208
9 350272
7 350336
7 350400
2 350464
3 350528
6 350592
9 350656
2 350720
9 350784
2 350848
9 350912
10 350976
8 351040
4 351104
2 351168
10 351232
5 351296
7 351360
9 351424
9 351488
1 351552
3 351616
6 351680
6 351744
2 351808
1 351872
0 351936
3 352000
8 352064
8 352128
10 352192
6 352256
2 352320
9 352384
1 352448
2 352512
7 352576
9 352640
9 352704
0 352768
8 352832
8 352896
1 352960
1 353024
7 353088
10 353152
2 353216
9 353280
8 353344
0 353408
10 353472
10 353536
6 353600
8 353664
6 353728
5 353792
0 353856
8 353920
6 353984
3 354048
7 354112
6 354176
5 354240
9 354304
9 354368
1 354432
6 354496
2 354560
4 354624
7 354688
3 354752
1 354816
4 354880
9 354944
8 355008
6 355072
4 355136
3 355200
0 355264
0 355328
9 355392
8 355456
1 355520
8 355584
0 355648
6 355712
10 355776
3 355840
5 355904
6 355968
5 356032
1 356096
2 356160
6 356224
10 356288
9 356352
4 356416
4 356480
8 356544
6 356608
9 356672
5 356736
9 356800
4 356864
10 356928
6 356992
3 357056
6 357120
8 357184
8 357248
7 357312
2 357376
5 357440
8 357504
8 357568
7 357632
4 357696
4 357760
9 357824
5 357888
6 357952
2 358016
10 358080
1 358144
3 358208
7 358272
2 358336
1 358400
3 358464
8 358528
6 358592
5 358656
8 358720
9 358784
10 358848
0 358912
2 358976
6 359040
10 359104
0 359168
1 359232
2 359296
7 359360
9 359424
6 359488
1 359552
1 359616
4 359680
3 359744
5 359808
1 359872
9 359936
0 360000
6 360064
6 360128
9 360192
10 360256
8 360320
4 360384
9 360448
0 360512
2 360576
10 360640
7 360704
7 360768
0 360832
3 360896
10 360960
8 361024
4 361088
3 361152
0 361216
9 361280
8 361344
8 361408
3 361472
9 361536
2 361600
10 361664
0 361728
5 361792
3 361856
10 361920
0 361984
2 362048
1 362112
4 362176
6 362240
5 362304
10 362368
6 362432
6 362496
9 362560
3 362624
8 362688
0 362752
1 362816
1 362880
8 362944
4 363008
8 363072
9 363136
5 363200
5 363264
4 363328
3 363392
9 363456
3 363520
7 363584
6 363648
9 363712
0 363776
4 363840
2 363904
6 363968
8 364032
1 364096
8 364160
1 364224
8 364288
4 364352
5 364416
1 364480
8 364544
4 364608
8 364672
9 364736
4 364800
7 364864
6 364928
9 364992
7 365056
3 365120
5 365184
7 365248
10 365312
7 365376
9 365440
0 365504
7 365568
1 365632
4 365696
1 365760
6 365824
10 365888
3 365952
10 366016
3 366080
5 366144
6 366208
5 366272
8 366336
8 366400
0 366464
4 366528
3 366592
4 366656
1 366720
6 366784
10 366848
5 366912
1 366976
8 367040
2 367104
7 367168
5 367232
5 367296
3 367360
9 367424
4 367488
2 367552
10 367616
3 367680
7 367744
3 367808
3 367872
3 367936
4 368000
3 368064
3 368128
3 368192
3 368256
9 368320
5 368384
2 368448
1 368512
1 368576
1 368640
10 368704
10 368768
7 368832
9 368896
0 368960
8 369024
0 369088
7 369152
5 369216
9 369280
5 369344
7 369408
9 369472
4 369536
7 369600
2 369664
8 369728
4 369792
6 369856
3 369920
9 369984
2 370048
0 370112
8 370176
6 370240
7 370304
8 370368
0 370432
8 370496
5 370560
6 370624
10 370688
2 370752
7 370816
1 370880
8 370944
7 371008
5 371072
0 371136
0 371200
10 371264
3 371328
6 371392
9 371456
1 371520
5 371584
5 371648
9 371712
4 371776
2 371840
8 371904
4 371968
3 372032
4 372096
7 372160
9 372224
5 372288
5 372352
2 372416
7 372480
6 372544
3 372608
6 372672
5 372736
5 372800
6 372864
4 372928
7 372992
2 373056
9 373120
2 373184
9 373248
10 373312
3 373376
1 373440
4 373504
3 373568
8 373632
6 373696
6 373760
3 373824
2 373888
2 373952
7 374016
0 374080
2 374144
6 374208
7 374272
2 374336
10 374400
8 374464
8 374528
5 374592
7 374656
4 374720
4 374784
8 374848
9 374912
0 374976
6 375040
1 375104
2 375168
0 375232
3 375296
4 375360
7 375424
10 375488
1 375552
7 375616
5 375680
4 375744
5 375808
5 375872
8 375936
8 376000
4 376064
5 376128
0 376192
6 376256
1 376320
5 376384
10 376448
9 376512
3 376576
9 376640
9 376704
10 376768
10 376832
8 376896
2 376960
4 377024
5 377088
5 377152
10 377216
8 377280
7 377344
7 377408
1 377472
6 377536
9 377600
4 377664
7 377728
10 377792
2 377856
2 377920
10 377984
5 378048
6 378112
10 378176
9 378240
9 378304
6 378368
1 378432
1 378496
2 378560
5 378624
3 378688
5 378752
5 378816
10 378880
4 378944
4 379008
9 379072
10 379136
6 379200
4 379264
7 379328
5 379392
9 379456
8 379520
7 379584
6 379648
2 379712
2 379776
0 379840
2 379904
3 379968
10 380032
4 380096
1 380160
3 380224
2 380288
6 380352
1 380416
1 380480
1 380544
7 380608
8 380672
0 380736
0 380800
6 380864
8 380928
1 380992
1 381056
4 381120
9 381184
2 381248
1 381312
10 381376
6 381440
4 381504
3 381568
3 381632
4 381696
7 381760
10 381824
2 381888
2 381952
8 382016
2 382080
0 382144
0 382208
10 382272
5 382336
5 382400
7 382464
7 382528
8 382592
4 382656
8 382720
7 382784
2 382848
8 382912
2 382976
9 383040
9 383104
7 383168
10 383232
10 383296
9 383360
6 383424
8 383488
10 383552
10 383616
8 383680
4 383744
5 383808
7 383872
8 383936
3 384000
1 384064
7 384128
4 384192
5 384256
6 384320
4 384384
2 384448
4 384512
0 384576
0 384640
8 384704
2 384768
5 384832
4 384896
7 384960
8 385024
0 385088
7 385152
7 385216
4 385280
0 385344
6 385408
4 385472
9 385536
3 385600
0 385664
8 385728
5 385792
3 385856
6 385920
8 385984
6 386048
6 386112
3 386176
2 386240
10 386304
6 386368
6 386432
3 386496
4 386560
1 386624
6 386688
10 386752
3 386816
8 386880
9 386944
10 387008
4 387072
4 387136
10 387200
8 387264
4 387328
6 387392
3 387456
1 387520
2 387584
2 387648
4 387712
1 387776
10 387840
7 387904
9 387968
7 388032
4 388096
9 388160
7 388224
3 388288
5 388352
0 388416
2 388480
0 388544
8 388608
0 388672
2 388736
1 388800
4 388864
4 388928
2 388992
7 389056
0 389120
3 389184
1 389248
2 389312
0 389376
7 389440
3 389504
5 389568
6 389632
4 389696
7 389760
5 389824
7 389888
0 389952
5 390016
1 390080
2 390144
0 390208
4 390272
6 390336
1 390400
8 390464
7 390528
2 390592
3 390656
4 390720
6 390784
0 390848
1 390912
3 390976
6 391040
7 391104
3 391168
0 391232
3 391296
7 391360
1 391424
8 391488
10 391552
3 391616
7 391680
6 391744
10 391808
4 391872
5 391936
2 392000
10 392064
0 392128
8 392192
8 392256
1 392320
4 392384
7 392448
10 392512
4 392576
3 392640
5 392704
0 392768
10 392832
3 392896
1 392960
3 393024
10 393088
6 393152
5 393216
0 393280
2 393344
4 393408
9 393472
1 393536
6 393600
3 393664
0 393728
0 393792
9 393856
7 393920
9 393984
2 394048
5 394112
1 394176
3 394240
2 394304
7 394368
1 394432
10 394496
9 394560
5 394624
10 394688
0 394752
0 394816
5 394880
10 394944
2 395008
8 395072
1 395136
2 395200
7 395264
3 395328
5 395392
8 395456
10 395520
5 395584
7 395648
3 395712
0 395776
6 395840
5 395904
2 395968
4 396032
0 396096
7 396160
7 396224
8 396288
4 396352
8 396416
7 396480
3 396544
9 396608
2 396672
8 396736
5 396800
5 396864
7 396928
4 396992
9 397056
8 397120
2 397184
1 397248
8 397312
2 397376
7 397440
4 397504
4 397568
8 397632
5 397696
7 397760
0 397824
10 397888
8 397952
6 398016
2 398080
0 398144
9 398208
5 398272
9 398336
3 398400
5 398464
1 398528
10 398592
8 398656
6 398720
3 398784
8 398848
10 398912
7 398976
8 399040
2 399104
9 399168
4 399232
5 399296
6 399360
10 399424
5 399488
1 399552
1 399616
8 399680
10 399744
1 399808
0 399872
2 399936
2 400000
0 400064
3 400128
1 400192
7 400256
3 400320
1 400384
0 400448
9 400512
10 400576
6 400640
10 400704
7 400768
8 400832
9 400896
9 400960
4 401024
0 401088
5 401152
3 401216
9 401280
1 401344
0 401408
3 401472
10 401536
7 401600
1 401664
7 401728
10 401792
0 401856
5 401920
8 401984
6 402048
5 402112
0 402176
9 402240
4 402304
8 402368
0 402432
1 402496
4 402560
1 402624
3 402688
8 402752
1 402816
1 402880
3 402944
8 403008
6 403072
3 403136
3 403200
8 403264
10 403328
3 403392
9 403456
10 403520
2 403584
8 403648
8 403712
6 403776
1 403840
10 403904
9 403968
5 404032
10 404096
7 404160
10 404224
6 404288
1 404352
2 404416
2 404480
8 404544
6 404608
8 404672
5 404736
10 404800
2 404864
8 404928
9 404992
7 405056
5 405120
5 405184
8 405248
5 405312
5 405376
6 405440
10 405504
6 405568
5 405632
9 405696
3 405760
9 405824
8 405888
3 405952
6 406016
8 406080
4 406144
5 406208
7 406272
7 406336
6 406400
0 406464
0 406528
4 406592
9 406656
0 406720
8 406784
2 406848
4 406912
0 406976
4 407040
3 407104
3 407168
5 407232
0 407296
4 407360
8 407424
8 407488
8 407552
9 407616
9 407680
2 407744
1 407808
0 407872
7 407936
5 408000
2 408064
2 408128
4 408192
5 408256
9 408320
3 408384
3 408448
4 408512
4 408576
1 408640
9 408704
6 408768
9 408832
3 408896
1 408960
5 409024
7 409088
2 409152
7 409216
9 409280
1 409344
9 409408
10 409472
4 409536
0 409600
9 409664
6 409728
1 409792
0 409856
5 409920
5 409984
6 410048
6 410112
1 410176
3 410240
10 410304
9 410368
0 410432
10 410496
10 410560
6 410624
0 410688
4 410752
8 410816
0 410880
5 410944
8 411008
9 411072
2 411136
5 411200
8 411264
3 411328
2 411392
0 411456
10 411520
6 411584
7 411648
9 411712
9 411776
8 411840
1 411904
3 411968
6 412032
4 412096
6 412160
2 412224
2 412288
5 412352
1 412416
7 412480
9 412544
0 412608
8 412672
6 412736
4 412800
1 412864
6 412928
8 412992
6 413056
2 413120
2 413184
7 413248
8 413312
3 413376
7 413440
6 413504
10 413568
9 413632
3 413696
8 413760
9 413824
8 413888
3 413952
3 414016
1 414080
4 414144
6 414208
5 414272
10 414336
9 414400
1 414464
1 414528
10 414592
6 414656
6 414720
5 414784
5 414848
3 414912
5 414976
5 415040
9 415104
10 415168
0 415232
4 415296
2 415360
5 415424
9 415488
7 415552
9 415616
2 415680
7 415744
0 415808
3 415872
3 415936
10 416000
5 416064
2 416128
1 416192
1 416256
0 416320
3 416384
9 416448
2 416512
4 416576
0 416640
5 416704
1 416768
4 416832
7 416896
7 416960
0 417024
5 417088
3 417152
8 417216
3 417280
3 417344
8 417408
8 417472
4 417536
8 417600
7 417664
9 417728
2 417792
10 417856
0 417920
6 417984
9 418048
10 418112
8 418176
0 418240
4 418304
2 418368
0 418432
4 418496
3 418560
9 418624
4 418688
0 418752
7 418816
10 418880
0 418944
1 419008
6 419072
10 419136
4 419200
10 419264
10 419328
5 419392
1 419456
0 419520
4 419584
10 419648
6 419712
3 419776
6 419840
8 419904
1 419968
5 420032
7 420096
9 420160
8 420224
1 420288
2 420352
3 420416
8 420480
7 420544
8 420608
0 420672
0 420736
3 420800
8 420864
4 420928
5 420992
7 421056
6 421120
2 421184
0 421248
5 421312
10 421376
5 421440
5 421504
10 421568
4 421632
3 421696
8 421760
4 421824
0 421888
10 421952
4 422016
6 422080
0 422144
8 422208
4 422272
3 422336
2 422400
5 422464
6 422528
10 422592
2 422656
1 422720
6 422784
8 422848
10 422912
9 422976
10 423040
10 423104
3 423168
6 423232
3 423296
9 423360
2 423424
6 423488
4 423552
9 423616
5 423680
7 423744
8 423808
2 423872
3 423936
10 424000
2 424064
9 424128
8 424192
10 424256
3 424320
2 424384
4 424448
8 424512
2 424576
6 424640
2 424704
10 424768
9 424832
2 424896
5 424960
1 425024
8 425088
8 425152
1 425216
2 425280
5 425344
2 425408
0 425472
5 425536
6 425600
6 425664
4 425728
7 425792
10 425856
4 425920
2 425984
3 426048
1 426112
2 426176
2 426240
0 426304
9 426368
9 426432
4 426496
9 426560
9 426624
9 426688
3 426752
9 426816
3 426880
3 426944
10 427008
0 427072
5 427136
1 427200
7 427264
2 427328
8 427392
9 427456
7 427520
10 427584
5 427648
2 427712
6 427776
7 427840
7 427904
2 427968
2 428032
3 428096
3 428160
0 428224
6 428288
0 428352
4 428416
6 428480
3 428544
10 428608
3 428672
3 428736
1 428800
2 428864
7 428928
9 428992
7 429056
5 429120
7 429184
3 429248
6 429312
6 429376
0 429440
9 429504
6 429568
5 429632
6 429696
9 429760
9 429824
9 429888
8 429952
8 430016
10 430080
0 430144
8 430208
1 430272
7 430336
7 430400
0 430464
3 430528
8 430592
8 430656
6 430720
0 430784
8 430848
6 430912
8 430976
10 431040
0 431104
3 431168
4 431232
7 431296
6 431360
4 431424
4 431488
7 431552
2 431616
6 431680
4 431744
9 431808
0 431872
8 431936
2 432000
7 432064
10 432128
7 432192
1 432256
8 432320
1 432384
2 432448
9 432512
8 432576
2 432640
6 432704
6 432768
5 432832
7 432896
0 432960
2 433024
7 433088
9 433152
3 433216
7 433280
1 433344
4 433408
5 433472
10 433536
2 433600
1 433664
1 433728
1 433792
7 433856
10 433920
5 433984
1 434048
8 434112
6 434176
8 434240
9 434304
2 434368
6 434432
8 434496
6 434560
0 434624
2 434688
5 434752
9 434816
10 434880
2 434944
2 435008
2 435072
2 435136
0 435200
6 435264
4 435328
4 435392
7 435456
4 435520
10 435584
2 435648
1 435712
2 435776
3 435840
0 435904
9 435968
4 436032
0 436096
7 436160
7 436224
7 436288
8 436352
0 436416
9 436480
7 436544
3 436608
3 436672
9 436736
10 436800
7 436864
7 436928
6 436992
7 437056
1 437120
9 437184
9 437248
0 437312
3 437376
8 437440
4 437504
9 437568
10 437632
8 437696
3 437760
0 437824
2 437888
2 437952
0 438016
10 438080
5 438144
0 438208
2 438272
0 438336
10 438400
9 438464
9 438528
4 438592
5 438656
1 438720
0 438784
1 438848
6 438912
2 438976
2 439040
10 439104
4 439168
9 439232
10 439296
9 439360
9 439424
8 439488
2 439552
7 439616
9 439680
5 439744
0 439808
1 439872
4 439936
5 440000
5 440064
6 440128
1 440192
6 440256
8 440320
1 440384
4 440448
7 440512
2 440576
1 440640
4 440704
5 440768
8 440832
6 440896
8 440960
3 441024
3 441088
9 441152
0 441216
1 441280
9 441344
10 441408
8 441472
1 441536
7 441600
9 441664
4 441728
6 441792
9 441856
5 441920
4 441984
8 442048
9 442112
9 442176
5 442240
2 442304
9 442368
9 442432
7 442496
8 442560
10 442624
7 442688
7 442752
2 442816
9 442880
3 442944
4 443008
3 443072
0 443136
1 443200
0 443264
7 443328
10 443392
1 443456
3 443520
9 443584
6 443648
6 443712
0 443776
5 443840
5 443904
8 443968
10 444032
3 444096
0 444160
10 444224
3 444288
4 444352
4 444416
1 444480
4 444544
4 444608
8 444672
8 444736
5 444800
0 444864
1 444928
10 444992
5 445056
5 445120
6 445184
9 445248
9 445312
0 445376
2 445440
3 445504
5 445568
5 445632
10 445696
7 445760
7 445824
0 445888
10 445952
2 446016
7 446080
2 446144
10 446208
7 446272
8 446336
5 446400
7 446464
6 446528
0 446592
8 446656
4 446720
9 446784
10 446848
5 446912
8 446976
8 447040
0 447104
3 447168
9 447232
10 447296
5 447360
5 447424
1 447488
2 447552
4 447616
0 447680
5 447744
6 447808
10 447872
8 447936
2 448000
9 448064
9 448128
6 448192
2 448256
9 448320
1 448384
4 448448
5 448512
0 448576
4 448640
6 448704
1 448768
7 448832
3 448896
5 448960
7 449024
4 449088
3 449152
8 449216
4 449280
2 449344
1 449408
5 449472
0 449536
3 449600
1 449664
7 449728
8 449792
0 449856
7 449920
8 449984
2 450048
3 450112
5 450176
7 450240
8 450304
4 450368
5 450432
2 450496
1 450560
8 450624
10 450688
2 450752
3 450816
0 450880
7 450944
6 451008
8 451072
1 451136
0 451200
4 451264
0 451328
10 451392
9 451456
1 451520
5 451584
7 451648
0 451712
1 451776
8 451840
10 451904
4 451968
0 452032
9 452096
4 452160
10 452224
3 452288
5 452352
3 452416
3 452480
4 452544
4 452608
8 452672
5 452736
7 452800
10 452864
1 452928
4 452992
2 453056
2 453120
4 453184
1 453248
0 453312
9 453376
8 453440
8 453504
1 453568
3 453632
8 453696
5 453760
8 453824
5 453888
4 453952
2 454016
4 454080
9 454144
3 454208
2 454272
1 454336
4 454400
9 454464
5 454528
8 454592
7 454656
0 454720
2 454784
0 454848
7 454912
10 454976
0 455040
1 455104
6 455168
0 455232
1 455296
6 455360
6 455424
2 455488
9 455552
9 455616
10 455680
7 455744
9 455808
5 455872
4 455936
5 456000
3 456064
10 456128
8 456192
1 456256
7 456320
9 456384
2 456448
1 456512
7 456576
1 456640
7 456704
4 456768
10 456832
10 456896
7 456960
7 457024
3 457088
3 457152
2 457216
9 457280
4 457344
5 457408
6 457472
2 457536
10 457600
5 457664
5 457728
7 457792
7 457856
0 457920
1 457984
7 458048
1 458112
5 458176
7 458240
7 458304
2 458368
4 458432
5 458496
9 458560
9 458624
2 458688
8 458752
1 458816
6 458880
1 458944
5 459008
8 459072
10 459136
1 459200
4 459264
8 459328
7 459392
6 459456
9 459520
6 459584
3 459648
9 459712
3 459776
8 459840
2 459904
7 459968
6 460032
1 460096
5 460160
3 460224
9 460288
6 460352
6 460416
9 460480
5 460544
8 460608
3 460672
2 460736
10 460800
10 460864
1 460928
9 460992
7 461056
1 461120
9 461184
9 461248
7 461312
5 461376
8 461440
1 461504
7 461568
2 461632
4 461696
6 461760
1 461824
9 461888
1 461952
10 462016
9 462080
6 462144
5 462208
7 462272
10 462336
10 462400
0 462464
1 462528
3 462592
2 462656
9 462720
10 462784
0 462848
2 462912
10 462976
2 463040
7 463104
8 463168
4 463232
6 463296
9 463360
9 463424
7 463488
3 463552
3 463616
10 463680
5 463744
4 463808
9 463872
10 463936
4 464000
6 464064
5 464128
1 464192
9 464256
0 464320
9 464384
8 464448
6 464512
2 464576
4 464640
0 464704
5 464768
8 464832
0 464896
0 464960
8 465024
5 465088
1 465152
4 465216
0 465280
3 465344
6 465408
9 465472
6 465536
10 465600
5 465664
6 465728
6 465792
6 465856
6 465920
8 465984
3 466048
10 466112
2 466176
7 466240
2 466304
3 466368
8 466432
6 466496
5 466560
6 466624
2 466688
4 466752
10 466816
2 466880
2 466944
0 467008
1 467072
10 467136
0 467200
2 467264
7 467328
10 467392
6 467456
2 467520
1 467584
2 467648
10 467712
6 467776
7 467840
9 467904
6 467968
9 468032
2 468096
7 468160
8 468224
6 468288
8 468352
7 468416
6 468480
5 468544
3 468608
2 468672
6 468736
9 468800
0 468864
9 468928
7 468992
3 469056
8 469120
4 469184
6 469248
8 469312
9 469376
5 469440
0 469504
0 469568
9 469632
7 469696
5 469760
1 469824
9 469888
7 469952
1 470016
2 470080
8 470144
4 470208
7 470272
8 470336
1 470400
8 470464
9 470528
1 470592
3 470656
7 470720
10 470784
10 470848
10 470912
1 470976
10 471040
10 471104
8 471168
9 471232
4 471296
9 471360
0 471424
5 471488
8 471552
0 471616
7 471680
7 471744
8 471808
7 471872
9 471936
5 472000
6 472064
5 472128
4 472192
4 472256
2 472320
0 472384
9 472448
4 472512
9 472576
4 472640
0 472704
10 472768
7 472832
9 472896
2 472960
9 473024
0 473088
10 473152
4 473216
9 473280
0 473344
4 473408
7 473472
1 473536
2 473600
8 473664
1 473728
4 473792
4 473856
2 473920
9 473984
4 474048
4 474112
4 474176
0 474240
1 474304
9 474368
2 474432
9 474496
2 474560
10 474624
7 474688
5 474752
2 474816
4 474880
3 474944
7 475008
2 475072
8 475136
0 475200
5 475264
1 475328
2 475392
9 475456
2 475520
7 475584
6 475648
6 475712
3 475776
10 475840
7 475904
10 475968
2 476032
3 476096
9 476160
5 476224
0 476288
10 476352
4 476416
1 476480
0 476544
2 476608
7 476672
6 476736
7 476800
4 476864
7 476928
8 476992
3 477056
6 477120
10 477184
6 477248
7 477312
4 477376
2 477440
8 477504
6 477568
0 477632
4 477696
7 477760
6 477824
10 477888
5 477952
8 478016
10 478080
0 478144
1 478208
8 478272
10 478336
5 478400
6 478464
9 478528
10 478592
4 478656
5 478720
4 478784
4 478848
1 478912
4 478976
10 479040
9 479104
6 479168
7 479232
10 479296
3 479360
10 479424
9 479488
3 479552
8 479616
5 479680
10 479744
2 479808
5 479872
8 479936
0 480000
10 480064
0 480128
1 480192
0 480256
6 480320
1 480384
8 480448
1 480512
10 480576
7 480640
5 480704
3 480768
4 480832
4 480896
3 480960
0 481024
0 481088
9 481152
1 481216
0 481280
9 481344
10 481408
3 481472
9 481536
10 481600
1 481664
1 481728
1 481792
9 481856
2 481920
6 481984
10 482048
10 482112
9 482176
2 482240
1 482304
2 482368
4 482432
4 482496
7 482560
10 482624
1 482688
10 482752
7 482816
4 482880
6 482944
10 483008
5 483072
4 483136
2 483200
1 483264
4 483328
0 483392
6 483456
6 483520
5 483584
0 483648
4 483712
4 483776
2 483840
7 483904
1 483968
7 484032
3 484096
9 484160
6 484224
2 484288
10 484352
7 484416
1 484480
2 484544
8 484608
6 484672
3 484736
9 484800
10 484864
1 484928
7 484992
4 485056
1 485120
0 485184
1 485248
1 485312
9 485376
4 485440
7 485504
0 485568
7 485632
2 485696
10 485760
10 485824
0 485888
0 485952
10 486016
6 486080
4 486144
2 486208
5 486272
6 486336
9 486400
0 486464
8 486528
7 486592
7 486656
6 486720
6 486784
1 486848
8 486912
3 486976
0 487040
6 487104
7 487168
1 487232
9 487296
8 487360
5 487424
5 487488
10 487552
4 487616
6 487680
0 487744
10 487808
10 487872
1 487936
5 488000
8 488064
5 488128
1 488192
7 488256
4 488320
10 488384
3 488448
2 488512
8 488576
0 488640
6 488704
10 488768
3 488832
4 488896
6 488960
1 489024
10 489088
5 489152
7 489216
1 489280
10 489344
7 489408
3 489472
2 489536
0 489600
3 489664
0 489728
9 489792
3 489856
7 489920
6 489984
1 490048
8 490112
10 490176
4 490240
7 490304
8 490368
7 490432
0 490496
0 490560
5 490624
0 490688
5 490752
0 490816
6 490880
1 490944
3 491008
10 491072
10 491136
8 491200
7 491264
10 491328
8 491392
2 491456
9 491520
3 491584
1 491648
0 491712
2 491776
7 491840
10 491904
0 491968
7 492032
9 492096
0 492160
3 492224
10 492288
2 492352
0 492416
2 492480
10 492544
0 492608
4 492672
1 492736
7 492800
9 492864
2 492928
9 492992
1 493056
1 493120
1 493184
7 493248
9 493312
9 493376
3 493440
1 493504
3 493568
6 493632
5 493696
10 493760
6 493824
5 493888
1 493952
10 494016
9 494080
8 494144
2 494208
5 494272
3 494336
0 494400
9 494464
2 494528
5 494592
1 494656
1 494720
4 494784
2 494848
6 494912
2 494976
5 495040
8 495104
2 495168
7 495232
3 495296
9 495360
0 495424
2 495488
1 495552
10 495616
9 495680
6 495744
2 495808
0 495872
7 495936
1 496000
0 496064
0 496128
2 496192
1 496256
10 496320
9 496384
4 496448
6 496512
7 496576
2 496640
3 496704
2 496768
10 496832
4 496896
8 496960
7 497024
6 497088
3 497152
2 497216
9 497280
0 497344
9 497408
2 497472
7 497536
9 497600
1 497664
10 497728
4 497792
5 497856
6 497920
0 497984
8 498048
3 498112
3 498176
1 498240
8 498304
1 498368
9 498432
5 498496
8 498560
8 498624
3 498688
7 498752
10 498816
10 498880
3 498944
4 499008
0 499072
3 499136
1 499200
2 499264
10 499328
7 499392
7 499456
2 499520
2 499584
10 499648
0 499712
0 499776
10 499840
5 499904
4 499968
3 500032
6 500096
4 500160
5 500224
9 500288
7 500352
0 500416
1 500480
0 500544
8 500608
2 500672
2 500736
0 500800
7 500864
8 500928
1 500992
1 501056
3 501120
7 501184
9 501248
9 501312
5 501376
6 501440
3 501504
10 501568
5 501632
3 501696
1 501760
5 501824
3 501888
1 501952
3 502016
6 502080
3 502144
6 502208
3 502272
1 502336
7 502400
9 502464
7 502528
0 502592
6 502656
2 502720
3 502784
9 502848
7 502912
2 502976
6 503040
5 503104
2 503168
7 503232
3 503296
10 503360
5 503424
4 503488
3 503552
5 503616
2 503680
0 503744
9 503808
0 503872
4 503936
2 504000
1 504064
7 504128
7 504192
6 504256
2 504320
5 504384
3 504448
4 504512
9 504576
2 504640
10 504704
9 504768
2 504832
9 504896
8 504960
3 505024
1 505088
6 505152
8 505216
7 505280
3 505344
9 505408
7 505472
7 505536
4 505600
0 505664
6 505728
3 505792
3 505856
5 505920
6 505984
9 506048
3 506112
9 506176
2 506240
9 506304
0 506368
6 506432
0 506496
0 506560
7 506624
8 506688
0 506752
6 506816
8 506880
6 506944
7 507008
1 507072
7 507136
7 507200
3 507264
1 507328
8 507392
0 507456
6 507520
3 507584
2 507648
5 507712
4 507776
3 507840
10 507904
1 507968
0 508032
7 508096
10 508160
4 508224
2 508288
7 508352
9 508416
9 508480
0 508544
7 508608
7 508672
2 508736
6 508800
2 508864
5 508928
10 508992
7 509056
10 509120
0 509184
10 509248
1 509312
6 509376
5 509440
8 509504
0 509568
4 509632
6 509696
4 509760
9 509824
8 509888
9 509952
3 510016
10 510080
1 510144
9 510208
5 510272
0 510336
8 510400
10 510464
5 510528
0 510592
1 510656
6 510720
5 510784
7 510848
9 510912
0 510976
5 511040
5 511104
2 511168
10 511232
8 511296
1 511360
8 511424
3 511488
2 511552
5 511616
3 511680
8 511744
1 511808
10 511872
7 511936
9 512000
3 512064
3 512128
5 512192
5 512256
4 512320
8 512384
10 512448
6 512512
4 512576
0 512640
1 512704
5 512768
5 512832
7 512896
7 512960
8 513024
8 513088
1 513152
7 513216
8 513280
10 513344
8 513408
4 513472
7 513536
9 513600
5 513664
10 513728
1 513792
3 513856
7 513920
1 513984
1 514048
6 514112
2 514176
4 514240
1 514304
1 514368
2 514432
4 514496
1 514560
2 514624
7 514688
2 514752
3 514816
8 514880
10 514944
0 515008
4 515072
6 515136
10 515200
8 515264
2 515328
7 515392
5 515456
6 515520
7 515584
10 515648
0 515712
4 515776
3 515840
1 515904
0 515968
3 516032
8 516096
10 516160
5 516224
6 516288
9 516352
5 516416
10 516480
10 516544
5 516608
7 516672
9 516736
10 516800
8 516864
8 516928
7 516992
7 517056
4 517120
9 517184
2 517248
4 517312
2 517376
4 517440
3 517504
7 517568
5 517632
4 517696
0 517760
2 517824
5 517888
4 517952
7 518016
2 518080
9 518144
2 518208
8 518272
4 518336
2 518400
2 518464
10 518528
2 518592
2 518656
3 518720
1 518784
0 518848
5 518912
9 518976
2 519040
7 519104
4 519168
5 519232
2 519296
3 519360
8 519424
0 519488
10 519552
5 519616
5 519680
2 519744
5 519808
7 519872
8 519936
2 520000
8 520064
4 520128
1 520192
0 520256
6 520320
7 520384
2 520448
7 520512
5 520576
2 520640
0 520704
8 520768
8 520832
5 520896
10 520960
4 521024
7 521088
4 521152
9 521216
10 521280
2 521344
9 521408
7 521472
5 521536
1 521600
7 521664
0 521728
2 521792
10 521856
8 521920
1 521984
4 522048
0 522112
6 522176
9 522240
3 522304
7 522368
5 522432
1 522496
5 522560
0 522624
9 522688
10 522752
3 522816
9 522880
8 522944
3 523008
4 523072
3 523136
0 523200
1 523264
8 523328
7 523392
10 523456
10 523520
1 523584
8 523648
6 523712
3 523776
7 523840
5 523904
9 523968
9 524032
8 524096
0 524160
10 524224
5 524288
6 524352
2 524416
6 524480
5 524544
6 524608
5 524672
0 524736
4 524800
5 524864
5 524928
4 524992
7 525056
8 525120
1 525184
3 525248
7 525312
6 525376
7 525440
4 525504
2 525568
6 525632
6 525696
2 525760
9 525824
9 525888
1 525952
2 526016
3 526080
4 526144
7 526208
8 526272
5 526336
1 526400
9 526464
6 526528
1 526592
0 526656
6 526720
10 526784
4 526848
6 526912
2 526976
8 527040
7 527104
9 527168
2 527232
3 527296
2 527360
6 527424
4 527488
8 527552
7 527616
0 527680
4 527744
9 527808
4 527872
7 527936
8 528000
7 528064
3 528128
0 528192
0 528256
2 528320
4 528384
4 528448
10 528512
10 528576
7 528640
1 528704
10 528768
10 528832
4 528896
6 528960
2 529024
7 529088
10 529152
3 529216
0 529280
1 529344
4 529408
7 529472
1 529536
9 529600
5 529664
9 529728
7 529792
9 529856
6 529920
4 529984
10 530048
10 530112
7 530176
1 530240
5 530304
8 530368
9 530432
0 530496
4 530560
2 530624
9 530688
0 530752
2 530816
5 530880
7 530944
2 531008
5 531072
2 531136
0 531200
4 531264
5 531328
6 531392
10 531456
5 531520
0 531584
4 531648
4 531712
8 531776
10 531840
1 531904
8 531968
3 532032
10 532096
2 532160
1 532224
9 532288
2 532352
8 532416
5 532480
5 532544
10 532608
4 532672
4 532736
10 532800
5 532864
1 532928
8 532992
9 533056
5 533120
2 533184
0 533248
2 533312
8 533376
4 533440
5 533504
7 533568
6 533632
5 533696
2 533760
1 533824
3 533888
2 533952
8 534016
3 534080
3 534144
8 534208
9 534272
8 534336
8 534400
8 534464
1 534528
6 534592
7 534656
1 534720
1 534784
2 534848
0 534912
7 534976
5 535040
4 535104
5 535168
2 535232
7 535296
9 535360
8 535424
5 535488
2 535552
4 535616
0 535680
1 535744
3 535808
2 535872
2 535936
3 536000
4 536064
2 536128
3 536192
2 536256
1 536320
6 536384
1 536448
1 536512
0 536576
7 536640
6 536704
0 536768
3 536832
1 536896
0 536960
10 537024
8 537088
9 537152
0 537216
7 537280
1 537344
4 537408
0 537472
1 537536
4 537600
10 537664
0 537728
1 537792
1 537856
9 537920
3 537984
9 538048
3 538112
2 538176
10 538240
5 538304
0 538368
1 538432
2 538496
4 538560
9 538624
5 538688
5 538752
2 538816
8 538880
9 538944
3 539008
8 539072
9 539136
1 539200
1 539264
9 539328
0 539392
8 539456
3 539520
3 539584
4 539648
2 539712
8 539776
0 539840
1 539904
3 539968
8 540032
7 540096
5 540160
9 540224
2 540288
7 540352
10 540416
1 540480
2 540544
5 540608
6 540672
6 540736
3 540800
8 540864
3 540928
6 540992
1 541056
5 541120
1 541184
7 541248
1 541312
8 541376
2 541440
7 541504
5 541568
4 541632
8 541696
0 541760
1 541824
5 541888
7 541952
1 542016
6 542080
4 542144
7 542208
9 542272
4 542336
10 542400
7 542464
3 542528
8 542592
6 542656
4 542720
6 542784
3 542848
1 542912
7 542976
10 543040
5 543104
2 543168
0 543232
10 543296
7 543360
10 543424
1 543488
6 543552
7 543616
8 543680
10 543744
10 543808
1 543872
1 543936
2 544000
6 544064
6 544128
9 544192
1 544256
2 544320
1 544384
5 544448
3 544512
5 544576
3 544640
9 544704
6 544768
1 544832
3 544896
6 544960
7 545024
4 545088
9 545152
9 545216
4 545280
10 545344
6 545408
5 545472
7 545536
10 545600
9 545664
6 545728
7 545792
8 545856
4 545920
2 545984
7 546048
1 546112
1 546176
4 546240
7 546304
7 546368
3 546432
10 546496
2 546560
0 546624
1 546688
0 546752
1 546816
7 546880
10 546944
0 547008
2 547072
6 547136
9 547200
10 547264
5 547328
2 547392
4 547456
9 547520
9 547584
1 547648
1 547712
10 547776
8 547840
7 547904
7 547968
3 548032
4 548096
10 548160
7 548224
7 548288
8 548352
4 548416
8 548480
5 548544
8 548608
8 548672
0 548736
0 548800
6 548864
1 548928
6 548992
7 549056
5 549120
6 549184
7 549248
7 549312
0 549376
0 549440
2 549504
8 549568
10 549632
4 549696
2 549760
7 549824
6 549888
2 549952
4 550016
6 550080
7 550144
1 550208
9 550272
10 550336
7 550400
10 550464
8 550528
10 550592
8 550656
9 550720
7 550784
7 550848
8 550912
2 550976
8 551040
0 551104
6 551168
4 551232
7 551296
9 551360
6 551424
9 551488
10 551552
5 551616
4 551680
5 551744
0 551808
0 551872
9 551936
0 552000
2 552064
5 552128
5 552192
9 552256
0 552320
10 552384
5 552448
6 552512
1 552576
6 552640
5 552704
5 552768
6 552832
5 552896
0 552960
10 553024
3 553088
3 553152
3 553216
10 553280
4 553344
9 553408
1 553472
1 553536
4 553600
1 553664
5 553728
2 553792
0 553856
8 553920
5 553984
0 554048
7 554112
10 554176
6 554240
9 554304
8 554368
6 554432
4 554496
0 554560
7 554624
9 554688
0 554752
5 554816
6 554880
9 554944
6 555008
5 555072
9 555136
1 555200
7 555264
1 555328
10 555392
3 555456
5 555520
7 555584
8 555648
10 555712
5 555776
2 555840
9 555904
4 555968
5 556032
6 556096
3 556160
7 556224
10 556288
1 556352
8 556416
3 556480
4 556544
4 556608
0 556672
4 556736
9 556800
6 556864
3 556928
9 556992
1 557056
9 557120
1 557184
9 557248
5 557312
4 557376
1 557440
9 557504
8 557568
7 557632
6 557696
3 557760
5 557824
1 557888
10 557952
4 558016
8 558080
4 558144
6 558208
10 558272
8 558336
5 558400
3 558464
6 558528
6 558592
4 558656
9 558720
8 558784
7 558848
10 558912
8 558976
2 559040
0 559104
10 559168
8 559232
2 559296
9 559360
7 559424
3 559488
10 559552
7 559616
4 559680
10 559744
8 559808
9 559872
6 559936
9 560000
10 560064
0 560128
8 560192
3 560256
5 560320
7 560384
2 560448
3 560512
2 560576
10 560640
4 560704
6 560768
6 560832
5 560896
1 560960
10 561024
3 561088
6 561152
4 561216
4 561280
10 561344
2 561408
4 561472
10 561536
9 561600
3 561664
6 561728
3 561792
1 561856
2 561920
3 561984
0 562048
3 562112
4 562176
7 562240
7 562304
8 562368
6 562432
6 562496
10 562560
0 562624
3 562688
2 562752
4 562816
2 562880
0 562944
4 563008
4 563072
10 563136
8 563200
2 563264
10 563328
0 563392
7 563456
0 563520
0 563584
1 563648
5 563712
9 563776
4 563840
1 563904
6 563968
5 564032
10 564096
10 564160
1 564224
6 564288
2 564352
3 564416
1 564480
9 564544
8 564608
1 564672
8 564736
10 564800
9 564864
8 564928
4 564992
7 565056
1 565120
3 565184
9 565248
1 565312
5 565376
5 565440
9 565504
6 565568
3 565632
6 565696
3 565760
2 565824
1 565888
2 565952
3 566016
4 566080
7 566144
6 566208
4 566272
9 566336
0 566400
7 566464
8 566528
5 566592
1 566656
5 566720
8 566784
6 566848
7 566912
10 566976
3 567040
4 567104
2 567168
5 567232
7 567296
5 567360
4 567424
0 567488
10 567552
9 567616
0 567680
10 567744
0 567808
10 567872
3 567936
4 568000
8 568064
6 568128
4 568192
10 568256
5 568320
10 568384
1 568448
8 568512
3 568576
7 568640
6 568704
0 568768
6 568832
4 568896
4 568960
1 569024
3 569088
4 569152
3 569216
2 569280
7 569344
10 569408
5 569472
10 569536
6 569600
0 569664
4 569728
1 569792
7 569856
7 569920
6 569984
5 570048
6 570112
1 570176
2 570240
4 570304
8 570368
1 570432
5 570496
6 570560
9 570624
8 570688
5 570752
7 570816
0 570880
0 570944
10 571008
10 571072
2 571136
10 571200
7 571264
10 571328
2 571392
0 571456
6 571520
3 571584
10 571648
4 571712
5 571776
9 571840
1 571904
1 571968
2 572032
3 572096
8 572160
10 572224
2 572288
9 572352
10 572416
6 572480
5 572544
7 572608
7 572672
2 572736
4 572800
2 572864
10 572928
9 572992
5 573056
4 573120
3 573184
1 573248
6 573312
5 573376
2 573440
6 573504
6 573568
9 573632
3 573696
0 573760
0 573824
8 573888
10 573952
9 574016
10 574080
3 574144
1 574208
7 574272
3 574336
4 574400
2 574464
0 574528
6 574592
9 574656
6 574720
9 574784
4 574848
2 574912
1 574976
5 575040
2 575104
9 575168
1 575232
0 575296
8 575360
6 575424
7 575488
10 575552
7 575616
1 575680
3 575744
3 575808
3 575872
4 575936
4 576000
7 576064
6 576128
2 576192
6 576256
3 576320
9 576384
3 576448
4 576512
10 576576
3 576640
6 576704
2 576768
6 576832
2 576896
0 576960
4 577024
4 577088
3 577152
9 577216
7 577280
3 577344
5 577408
9 577472
10 577536
10 577600
7 577664
1 577728
0 577792
7 577856
2 577920
5 577984
6 578048
10 578112
3 578176
6 578240
6 578304
9 578368
4 578432
1 578496
1 578560
8 578624
0 578688
0 578752
5 578816
3 578880
7 578944
5 579008
9 579072
10 579136
9 579200
0 579264
0 579328
4 579392
8 579456
9 579520
6 579584
4 579648
6 579712
10 579776
5 579840
2 579904
8 579968
0 580032
9 580096
2 580160
4 580224
2 580288
8 580352
7 580416
5 580480
7 580544
2 580608
1 580672
5 580736
8 580800
6 580864
2 580928
4 580992
1 581056
5 581120
0 581184
2 581248
7 581312
4 581376
5 581440
6 581504
4 581568
4 581632
9 581696
4 581760
8 581824
5 581888
6 581952
2 582016
5 582080
7 582144
2 582208
8 582272
10 582336
10 582400
7 582464
0 582528
3 582592
2 582656
0 582720
3 582784
2 582848
0 582912
7 582976
4 583040
2 583104
7 583168
6 583232
1 583296
7 583360
0 583424
7 583488
5 583552
8 583616
7 583680
7 583744
7 583808
1 583872
2 583936
1 584000
5 584064
1 584128
3 584192
4 584256
2 584320
2 584384
8 584448
4 584512
9 584576
10 584640
9 584704
3 584768
9 584832
0 584896
8 584960
9 585024
2 585088
6 585152
1 585216
3 585280
7 585344
10 585408
1 585472
5 585536
0 585600
4 585664
10 585728
10 585792
1 585856
6 585920
5 585984
9 586048
1 586112
5 586176
2 586240
0 586304
1 586368
7 586432
10 586496
7 586560
7 586624
10 586688
4 586752
9 586816
10 586880
0 586944
5 587008
0 587072
10 587136
9 587200
7 587264
5 587328
9 587392
2 587456
3 587520
0 587584
10 587648
4 587712
5 587776
0 587840
1 587904
8 587968
9 588032
6 588096
1 588160
6 588224
4 588288
2 588352
3 588416
6 588480
1 588544
0 588608
3 588672
2 588736
6 588800
6 588864
4 588928
10 588992
10 589056
2 589120
1 589184
4 589248
7 589312
6 589376
4 589440
10 589504
9 589568
2 589632
5 589696
10 589760
1 589824
5 589888
8 589952
3 590016
7 590080
7 590144
6 590208
7 590272
4 590336
9 590400
9 590464
6 590528
1 590592
6 590656
5 590720
9 590784
2 590848
6 590912
10 590976
6 591040
1 591104
0 591168
8 591232
5 591296
7 591360
10 591424
3 591488
10 591552
10 591616
2 591680
7 591744
8 591808
10 591872
10 591936
8 592000
1 592064
4 592128
7 592192
6 592256
1 592320
7 592384
4 592448
2 592512
2 592576
10 592640
4 592704
3 592768
8 592832
6 592896
4 592960
9 593024
0 593088
8 593152
1 593216
0 593280
8 593344
1 593408
8 593472
6 593536
6 593600
1 593664
7 593728
10 593792
9 593856
4 593920
5 593984
4 594048
9 594112
1 594176
8 594240
0 594304
1 594368
10 594432
7 594496
2 594560
2 594624
6 594688
0 594752
1 594816
6 594880
4 594944
5 595008
9 595072
7 595136
10 595200
7 595264
9 595328
4 595392
5 595456
2 595520
3 595584
2 595648
1 595712
9 595776
4 595840
10 595904
1 595968
6 596032
8 596096
0 596160
0 596224
6 596288
1 596352
0 596416
2 596480
10 596544
7 596608
7 596672
6 596736
10 596800
9 596864
7 596928
4 596992
9 597056
9 597120
5 597184
10 597248
10 597312
6 597376
4 597440
1 597504
2 597568
2 597632
0 597696
3 597760
1 597824
0 597888
3 597952
0 598016
3 598080
7 598144
10 598208
2 598272
10 598336
3 598400
6 598464
10 598528
8 598592
3 598656
1 598720
4 598784
7 598848
2 598912
7 598976
6 599040
0 599104
1 599168
2 599232
2 599296
7 599360
7 599424
7 599488
0 599552
7 599616
9 599680
3 599744
3 599808
4 599872
9 599936
6 600000
0 600064
5 600128
0 600192
1 600256
10 600320
6 600384
6 600448
7 600512
9 600576
9 600640
8 600704
4 600768
0 600832
7 600896
6 600960
7 601024
8 601088
9 601152
9 601216
10 601280
7 601344
3 601408
0 601472
8 601536
0 601600
6 601664
9 601728
5 601792
8 601856
1 601920
4 601984
10 602048
6 602112
7 602176
1 602240
7 602304
9 602368
10 602432
5 602496
7 602560
6 602624
0 602688
2 602752
4 602816
3 602880
7 602944
5 603008
7 603072
3 603136
8 603200
3 603264
9 603328
10 603392
5 603456
9 603520
10 603584
7 603648
2 603712
4 603776
6 603840
6 603904
10 603968
10 604032
5 604096
7 604160
2 604224
9 604288
3 604352
4 604416
1 604480
10 604544
7 604608
2 604672
2 604736
3 604800
2 604864
9 604928
7 604992
1 605056
6 605120
7 605184
4 605248
3 605312
3 605376
8 605440
0 605504
0 605568
5 605632
4 605696
5 605760
10 605824
2 605888
2 605952
8 606016
0 606080
1 606144
5 606208
6 606272
1 606336
9 606400
3 606464
1 606528
8 606592
3 606656
7 606720
4 606784
5 606848
5 606912
0 606976
8 607040
4 607104
2 607168
8 607232
9 607296
10 607360
1 607424
0 607488
7 607552
7 607616
1 607680
1 607744
9 607808
9 607872
1 607936
8 608000
0 608064
8 608128
1 608192
2 608256
10 608320
1 608384
3 608448
5 608512
2 608576
4 608640
7 608704
8 608768
7 608832
1 608896
2 608960
10 609024
5 609088
5 609152
2 609216
1 609280
3 609344
7 609408
6 609472
0 609536
3 609600
7 609664
5 609728
4 609792
8 609856
2 609920
1 609984
4 610048
5 610112
6 610176
5 610240
10 610304
10 610368
3 610432
2 610496
8 610560
6 610624
3 610688
2 610752
6 610816
6 610880
6 610944
7 611008
8 611072
10 611136
5 611200
0 611264
7 611328
2 611392
0 611456
8 611520
1 611584
1 611648
5 611712
5 611776
6 611840
2 611904
6 611968
0 612032
6 612096
0 612160
10 612224
10 612288
2 612352
9 612416
0 612480
10 612544
10 612608
8 612672
4 612736
6 612800
6 612864
10 612928
8 612992
4 613056
5 613120
5 613184
0 613248
4 613312
8 613376
9 613440
2 613504
6 613568
7 613632
10 613696
3 613760
8 613824
9 613888
9 613952
10 614016
7 614080
5 614144
10 614208
6 614272
3 614336
4 614400
1 614464
0 614528
8 614592
5 614656
6 614720
2 614784
8 614848
8 614912
4 614976
3 615040
1 615104
8 615168
8 615232
4 615296
8 615360
5 615424
10 615488
2 615552
0 615616
0 615680
8 615744
9 615808
4 615872
3 615936
4 616000
6 616064
8 616128
1 616192
0 616256
5 616320
4 616384
10 616448
8 616512
5 616576
1 616640
0 616704
10 616768
1 616832
7 616896
4 616960
9 617024
0 617088
7 617152
5 617216
3 617280
9 617344
9 617408
10 617472
10 617536
8 617600
9 617664
3 617728
5 617792
4 617856
4 617920
10 617984
9 618048
10 618112
2 618176
6 618240
8 618304
3 618368
1 618432
5 618496
8 618560
9 618624
3 618688
5 618752
7 618816
1 618880
2 618944
6 619008
6 619072
1 619136
1 619200
0 619264
6 619328
2 619392
7 619456
3 619520
7 619584
1 619648
5 619712
10 619776
8 619840
6 619904
9 619968
8 620032
8 620096
6 620160
4 620224
9 620288
7 620352
10 620416
6 620480
7 620544
7 620608
6 620672
2 620736
2 620800
8 620864
2 620928
7 620992
7 621056
2 621120
8 621184
8 621248
1 621312
3 621376
7 621440
7 621504
0 621568
2 621632
8 621696
5 621760
1 621824
9 621888
6 621952
1 622016
1 622080
5 622144
9 622208
4 622272
0 622336
8 622400
2 622464
1 622528
5 622592
4 622656
5 622720
4 622784
4 622848
7 622912
0 622976
2 623040
2 623104
9 623168
6 623232
0 623296
4 623360
4 623424
3 623488
2 623552
7 623616
0 623680
1 623744
8 623808
5 623872
1 623936
0 624000
6 624064
7 624128
9 624192
4 624256
9 624320
7 624384
5 624448
6 624512
7 624576
9 624640
2 624704
2 624768
8 624832
10 624896
7 624960
7 625024
10 625088
7 625152
2 625216
5 625280
1 625344
9 625408
10 625472
9 625536
6 625600
6 625664
3 625728
6 625792
5 625856
8 625920
0 625984
10 626048
7 626112
4 626176
10 626240
1 626304
2 626368
0 626432
9 626496
10 626560
4 626624
8 626688
10 626752
1 626816
10 626880
8 626944
1 627008
3 627072
9 627136
8 627200
9 627264
0 627328
9 627392
8 627456
3 627520
7 627584
8 627648
0 627712
1 627776
10 627840
8 627904
2 627968
0 628032
4 628096
3 628160
3 628224
9 628288
7 628352
1 628416
8 628480
9 628544
5 628608
6 628672
9 628736
0 628800
7 628864
0 628928
5 628992
6 629056
2 629120
6 629184
0 629248
8 629312
5 629376
6 629440
4 629504
1 629568
1 629632
1 629696
8 629760
2 629824
4 629888
2 629952
2 630016
4 630080
1 630144
2 630208
4 630272
6 630336
10 630400
2 630464
0 630528
9 630592
5 630656
2 630720
0 630784
0 630848
4 630912
6 630976
1 631040
5 631104
2 631168
6 631232
5 631296
4 631360
6 631424
1 631488
0 631552
3 631616
3 631680
9 631744
9 631808
3 631872
7 631936
8 632000
8 632064
6 632128
1 632192
4 632256
0 632320
5 632384
7 632448
8 632512
6 632576
1 632640
7 632704
0 632768
6 632832
10 632896
3 632960
0 633024
4 633088
8 633152
9 633216
10 633280
1 633344
3 633408
8 633472
10 633536
2 633600
4 633664
9 633728
6 633792
7 633856
1 633920
10 633984
8 634048
3 634112
2 634176
5 634240
8 634304
2 634368
3 634432
8 634496
6 634560
8 634624
7 634688
0 634752
0 634816
7 634880
9 634944
4 635008
10 635072
2 635136
0 635200
0 635264
7 635328
4 635392
9 635456
4 635520
10 635584
6 635648
5 635712
10 635776
3 635840
9 635904
8 635968
4 636032
0 636096
2 636160
8 636224
9 636288
1 636352
4 636416
1 636480
6 636544
1 636608
2 636672
8 636736
4 636800
6 636864
3 636928
9 636992
8 637056
5 637120
10 637184
5 637248
10 637312
4 637376
7 637440
4 637504
3 637568
10 637632
5 637696
5 637760
3 637824
7 637888
9 637952
5 638016
0 638080
2 638144
10 638208
0 638272
9 638336
7 638400
0 638464
0 638528
10 638592
2 638656
6 638720
8 638784
7 638848
6 638912
8 638976
1 639040
10 639104
10 639168
1 639232
8 639296
0 639360
10 639424
7 639488
10 639552
1 639616
5 639680
6 639744
9 639808
5 639872
6 639936
2 640000
0 640064
1 640128
7 640192
5 640256
3 640320
7 640384
0 640448
3 640512
0 640576
4 640640
10 640704
5 640768
3 640832
1 640896
9 640960
10 641024
4 641088
3 641152
3 641216
7 641280
5 641344
0 641408
4 641472
7 641536
9 641600
3 641664
0 641728
3 641792
10 641856
6 641920
1 641984
4 642048
9 642112
8 642176
7 642240
2 642304
8 642368
3 642432
10 642496
9 642560
10 642624
10 642688
9 642752
9 642816
2 642880
1 642944
9 643008
2 643072
1 643136
2 643200
4 643264
9 643328
3 643392
8 643456
4 643520
3 643584
10 643648
0 643712
10 643776
8 643840
9 643904
4 643968
10 644032
8 644096
7 644160
0 644224
6 644288
10 644352
10 644416
10 644480
0 644544
5 644608
6 644672
6 644736
4 644800
1 644864
10 644928
8 644992
7 645056
7 645120
5 645184
8 645248
0 645312
3 645376
0 645440
4 645504
6 645568
8 645632
7 645696
5 645760
0 645824
6 645888
3 645952
5 646016
1 646080
9 646144
0 646208
3 646272
6 646336
1 646400
3 646464
3 646528
2 646592
5 646656
4 646720
1 646784
10 646848
10 646912
1 646976
0 647040
7 647104
6 647168
0 647232
9 647296
10 647360
5 647424
4 647488
3 647552
1 647616
7 647680
3 647744
5 647808
0 647872
5 647936
8 648000
3 648064
1 648128
9 648192
9 648256
7 648320
1 648384
10 648448
7 648512
9 648576
1 648640
1 648704
0 648768
0 648832
6 648896
5 648960
1 649024
2 649088
0 649152
7 649216
0 649280
4 649344
9 649408
10 649472
6 649536
1 649600
1 649664
10 649728
0 649792
8 649856
0 649920
4 649984
6 650048
6 650112
1 650176
9 650240
6 650304
3 650368
9 650432
10 650496
9 650560
0 650624
7 650688
6 650752
7 650816
6 650880
9 650944
9 651008
1 651072
5 651136
10 651200
10 651264
0 651328
7 651392
8 651456
5 651520
9 651584
3 651648
1 651712
1 651776
0 651840
9 651904
1 651968
9 652032
3 652096
9 652160
2 652224
10 652288
8 652352
4 652416
5 652480
6 652544
7 652608
9 652672
7 652736
2 652800
3 652864
2 652928
0 652992
0 653056
2 653120
4 653184
9 653248
6 653312
8 653376
10 653440
5 653504
4 653568
9 653632
8 653696
2 653760
2 653824
7 653888
4 653952
9 654016
5 654080
4 654144
5 654208
0 654272
8 654336
9 654400
10 654464
10 654528
2 654592
0 654656
3 654720
8 654784
8 654848
0 654912
6 654976
5 655040
3 655104
3 655168
10 655232
3 655296
1 655360
5 655424
3 655488
10 655552
7 655616
7 655680
9 655744
5 655808
9 655872
9 655936
5 656000
9 656064
4 656128
6 656192
5 656256
2 656320
1 656384
7 656448
0 656512
7 656576
3 656640
0 656704
10 656768
3 656832
3 656896
7 656960
9 657024
3 657088
3 657152
7 657216
5 657280
6 657344
3 657408
6 657472
2 657536
0 657600
5 657664
0 657728
1 657792
5 657856
0 657920
8 657984
1 658048
2 658112
4 658176
7 658240
3 658304
10 658368
9 658432
5 658496
0 658560
0 658624
3 658688
3 658752
4 658816
2 658880
3 658944
4 659008
2 659072
5 659136
8 659200
3 659264
2 659328
3 659392
0 659456
2 659520
4 659584
1 659648
0 659712
10 659776
2 659840
6 659904
10 659968
1 660032
5 660096
3 660160
4 660224
7 660288
3 660352
5 660416
5 660480
10 660544
2 660608
8 660672
9 660736
6 660800
1 660864
1 660928
2 660992
2 661056
3 661120
3 661184
8 661248
6 661312
5 661376
5 661440
9 661504
6 661568
10 661632
3 661696
0 661760
9 661824
9 661888
3 661952
8 662016
4 662080
2 662144
5 662208
3 662272
0 662336
10 662400
4 662464
2 662528
8 662592
9 662656
7 662720
3 662784
1 662848
7 662912
10 662976
9 663040
1 663104
2 663168
8 663232
6 663296
10 663360
8 663424
5 663488
7 663552
8 663616
7 663680
2 663744
5 663808
5 663872
8 663936
7 664000
7 664064
7 664128
4 664192
9 664256
6 664320
10 664384
9 664448
10 664512
0 664576
3 664640
3 664704
3 664768
7 664832
3 664896
6 664960
3 665024
4 665088
6 665152
6 665216
9 665280
2 665344
5 665408
4 665472
8 665536
1 665600
2 665664
1 665728
4 665792
7 665856
8 665920
5 665984
3 666048
9 666112
0 666176
7 666240
8 666304
9 666368
5 666432
6 666496
7 666560
7 666624
6 666688
6 666752
5 666816
7 666880
5 666944
4 667008
6 667072
0 667136
2 667200
7 667264
3 667328
4 667392
10 667456
1 667520
5 667584
1 667648
4 667712
8 667776
8 667840
8 667904
10 667968
1 668032
4 668096
3 668160
1 668224
1 668288
1 668352
5 668416
0 668480
8 668544
3 668608
5 668672
3 668736
10 668800
5 668864
4 668928
4 668992
10 669056
4 669120
3 669184
9 669248
2 669312
8 669376
4 669440
0 669504
4 669568
4 669632
5 669696
6 669760
6 669824
9 669888
10 669952
0 670016
7 670080
10 670144
8 670208
2 670272
6 670336
3 670400
3 670464
3 670528
7 670592
3 670656
8 670720
9 670784
8 670848
7 670912
7 670976
5 671040
1 671104
5 671168
3 671232
6 671296
6 671360
3 671424
7 671488
7 671552
8 671616
0 671680
5 671744
2 671808
9 671872
2 671936
4 672000
0 672064
7 672128
10 672192
5 672256
5 672320
3 672384
6 672448
6 672512
10 672576
6 672640
8 672704
4 672768
5 672832
9 672896
0 672960
9 673024
0 673088
2 673152
2 673216
5 673280
9 673344
10 673408
9 673472
9 673536
9 673600
6 673664
6 673728
3 673792
6 673856
1 673920
8 673984
6 674048
3 674112
7 674176
1 674240
5 674304
9 674368
7 674432
10 674496
4 674560
1 674624
2 674688
1 674752
10 674816
8 674880
2 674944
0 675008
9 675072
7 675136
0 675200
2 675264
3 675328
1 675392
6 675456
4 675520
3 675584
3 675648
4 675712
10 675776
8 675840
1 675904
7 675968
0 676032
5 676096
8 676160
0 676224
2 676288
5 676352
6 676416
6 676480
2 676544
1 676608
2 676672
8 676736
6 676800
7 676864
1 676928
6 676992
3 677056
2 677120
3 677184
4 677248
6 677312
10 677376
7 677440
2 677504
9 677568
9 677632
4 677696
9 677760
3 677824
8 677888
10 677952
7 678016
4 678080
3 678144
0 678208
2 678272
7 678336
1 678400
6 678464
9 678528
3 678592
8 678656
5 678720
9 678784
7 678848
7 678912
7 678976
9 679040
0 679104
1 679168
4 679232
10 679296
7 679360
5 679424
4 679488
6 679552
9 679616
2 679680
6 679744
3 679808
2 679872
9 679936
6 680000
7 680064
6 680128
10 680192
2 680256
9 680320
1 680384
6 680448
0 680512
3 680576
2 680640
4 680704
10 680768
8 680832
4 680896
10 680960
1 681024
3 681088
7 681152
6 681216
8 681280
1 681344
5 681408
1 681472
1 681536
8 681600
5 681664
6 681728
7 681792
2 681856
4 681920
3 681984
8 682048
0 682112
7 682176
0 682240
1 682304
10 682368
10 682432
7 682496
6 682560
5 682624
6 682688
3 682752
6 682816
0 682880
0 682944
4 683008
1 683072
2 683136
5 683200
10 683264
7 683328
7 683392
7 683456
1 683520
1 683584
8 683648
10 683712
3 683776
7 683840
2 683904
7 683968
4 684032
2 684096
2 684160
0 684224
9 684288
1 684352
2 684416
4 684480
1 684544
8 684608
6 684672
2 684736
1 684800
10 684864
0 684928
10 684992
4 685056
2 685120
7 685184
5 685248
2 685312
3 685376
0 685440
10 685504
8 685568
3 685632
7 685696
0 685760
10 685824
8 685888
10 685952
10 686016
10 686080
1 686144
6 686208
4 686272
7 686336
0 686400
9 686464
0 686528
0 686592
6 686656
3 686720
3 686784
5 686848
3 686912
3 686976
1 687040
0 687104
6 687168
0 687232
0 687296
5 687360
3 687424
10 687488
10 687552
1 687616
3 687680
1 687744
10 687808
2 687872
2 687936
0 688000
6 688064
8 688128
1 688192
5 688256
5 688320
8 688384
10 688448
3 688512
9 688576
3 688640
8 688704
6 688768
6 688832
1 688896
3 688960
3 689024
1 689088
5 689152
5 689216
2 689280
0 689344
6 689408
10 689472
5 689536
0 689600
6 689664
3 689728
7 689792
3 689856
1 689920
10 689984
4 690048
10 690112
9 690176
5 690240
0 690304
1 690368
3 690432
6 690496
4 690560
9 690624
7 690688
1 690752
8 690816
9 690880
2 690944
4 691008
1 691072
9 691136
5 691200
10 691264
6 691328
10 691392
2 691456
5 691520
2 691584
10 691648
5 691712
10 691776
7 691840
1 691904
5 691968
0 692032
9 692096
9 692160
7 692224
6 692288
8 692352
10 692416
3 692480
8 692544
9 692608
0 692672
3 692736
0 692800
9 692864
1 692928
4 692992
3 693056
6 693120
3 693184
9 693248
1 693312
0 693376
2 693440
5 693504
7 693568
4 693632
3 693696
2 693760
6 693824
3 693888
10 693952
0 694016
3 694080
9 694144
7 694208
5 694272
2 694336
4 694400
5 694464
10 694528
0 694592
8 694656
6 694720
10 694784
4 694848
0 694912
3 694976
5 695040
5 695104
3 695168
3 695232
8 695296
0 695360
10 695424
3 695488
10 695552
3 695616
9 695680
6 695744
8 695808
5 695872
2 695936
7 696000
10 696064
0 696128
1 696192
7 696256
1 696320
3 696384
0 696448
10 696512
2 696576
3 696640
2 696704
1 696768
2 696832
9 696896
8 696960
3 697024
3 697088
8 697152
1 697216
6 697280
7 697344
4 697408
2 697472
3 697536
3 697600
6 697664
2 697728
9 697792
3 697856
4 697920
4 697984
9 698048
7 698112
10 698176
3 698240
4 698304
7 698368
1 698432
5 698496
6 698560
6 698624
2 698688
7 698752
7 698816
6 698880
8 698944
9 699008
6 699072
2 699136
7 699200
0 699264
6 699328
6 699392
1 699456
4 699520
9 699584
8 699648
2 699712
8 699776
2 699840
4 699904
6 699968
7 700032
4 700096
7 700160
4 700224
6 700288
8 700352
9 700416
7 700480
1 700544
5 700608
2 700672
7 700736
3 700800
2 700864
3 700928
0 700992
0 701056
8 701120
5 701184
7 701248
6 701312
6 701376
6 701440
5 701504
6 701568
7 701632
4 701696
10 701760
9 701824
1 701888
6 701952
0 702016
1 702080
6 702144
9 702208
2 702272
3 702336
6 702400
4 702464
5 702528
8 702592
7 702656
10 702720
5 702784
0 702848
10 702912
6 702976
6 703040
3 703104
3 703168
7 703232
0 703296
5 703360
10 703424
10 703488
0 703552
10 703616
10 703680
2 703744
4 703808
9 703872
7 703936
10 704000
2 704064
4 704128
3 704192
9 704256
9 704320
10 704384
2 704448
0 704512
1 704576
1 704640
10 704704
6 704768
6 704832
9 704896
1 704960
8 705024
3 705088
6 705152
2 705216
6 705280
4 705344
4 705408
8 705472
8 705536
10 705600
6 705664
9 705728
4 705792
6 705856
1 705920
1 705984
10 706048
9 706112
5 706176
2 706240
4 706304
3 706368
6 706432
4 706496
0 706560
2 706624
7 706688
0 706752
1 706816
1 706880
6 706944
8 707008
6 707072
10 707136
4 707200
6 707264
2 707328
2 707392
5 707456
2 707520
2 707584
3 707648
7 707712
2 707776
8 707840
1 707904
7 707968
9 708032
3 708096
2 708160
3 708224
0 708288
2 708352
3 708416
4 708480
6 708544
7 708608
10 708672
9 708736
1 708800
10 708864
2 708928
1 708992
4 709056
1 709120
6 709184
1 709248
4 709312
1 709376
5 709440
0 709504
9 709568
3 709632
7 709696
7 709760
10 709824
1 709888
0 709952
0 710016
4 710080
0 710144
10 710208
9 710272
0 710336
1 710400
3 710464
8 710528
0 710592
6 710656
9 710720
8 710784
4 710848
7 710912
7 710976
5 711040
9 711104
6 711168
5 711232
5 711296
10 711360
5 711424
5 711488
3 711552
5 711616
10 711680
6 711744
6 711808
9 711872
0 711936
5 712000
5 712064
1 712128
0 712192
7 712256
6 712320
2 712384
0 712448
9 712512
1 712576
8 712640
4 712704
3 712768
5 712832
7 712896
9 712960
10 713024
10 713088
7 713152
8 713216
6 713280
10 713344
3 713408
0 713472
10 713536
5 713600
0 713664
10 713728
5 713792
0 713856
5 713920
10 713984
7 714048
3 714112
9 714176
7 714240
6 714304
9 714368
1 714432
5 714496
6 714560
7 714624
10 714688
1 714752
6 714816
4 714880
9 714944
3 715008
2 715072
8 715136
9 715200
8 715264
0 715328
2 715392
7 715456
1 715520
4 715584
10 715648
8 715712
7 715776
2 715840
7 715904
1 715968
7 716032
10 716096
8 716160
3 716224
3 716288
3 716352
2 716416
10 716480
1 716544
1 716608
6 716672
0 716736
2 716800
5 716864
6 716928
4 716992
3 717056
4 717120
10 717184
7 717248
10 717312
1 717376
10 717440
2 717504
8 717568
10 717632
7 717696
1 717760
5 717824
3 717888
9 717952
9 718016
1 718080
10 718144
5 718208
6 718272
6 718336
10 718400
10 718464
8 718528
6 718592
3 718656
3 718720
4 718784
1 718848
4 718912
1 718976
1 719040
1 719104
5 719168
9 719232
3 719296
1 719360
9 719424
5 719488
2 719552
5 719616
6 719680
9 719744
0 719808
4 719872
0 719936
9 720000
8 720064
3 720128
6 720192
6 720256
5 720320
5 720384
10 720448
2 720512
8 720576
10 720640
9 720704
9 720768
3 720832
1 720896
6 720960
0 721024
8 721088
7 721152
5 721216
2 721280
4 721344
3 721408
7 721472
10 721536
7 721600
2 721664
9 721728
4 721792
2 721856
10 721920
0 721984
9 722048
5 722112
4 722176
8 722240
1 722304
4 722368
9 722432
7 722496
10 722560
3 722624
7 722688
4 722752
6 722816
0 722880
5 722944
2 723008
3 723072
3 723136
0 723200
2 723264
7 723328
6 723392
4 723456
10 723520
2 723584
0 723648
8 723712
6 723776
5 723840
6 723904
10 723968
7 724032
5 724096
6 724160
6 724224
1 724288
8 724352
4 724416
4 724480
3 724544
8 724608
6 724672
1 724736
2 724800
5 724864
9 724928
0 724992
4 725056
7 725120
10 725184
2 725248
9 725312
2 725376
7 725440
7 725504
4 725568
2 725632
3 725696
3 725760
3 725824
10 725888
0 725952
5 726016
9 726080
1 726144
10 726208
2 726272
6 726336
6 726400
10 726464
2 726528
0 726592
1 726656
5 726720
7 726784
2 726848
0 726912
1 726976
8 727040
10 727104
5 727168
9 727232
6 727296
2 727360
10 727424
6 727488
3 727552
0 727616
1 727680
3 727744
6 727808
7 727872
4 727936
9 728000
2 728064
10 728128
6 728192
10 728256
10 728320
1 728384
7 728448
10 728512
6 728576
4 728640
10 728704
10 728768
7 728832
5 728896
0 728960
1 729024
1 729088
1 729152
1 729216
7 729280
10 729344
10 729408
8 729472
3 729536
0 729600
9 729664
9 729728
9 729792
7 729856
4 729920
1 729984
9 730048
2 730112
6 730176
7 730240
10 730304
6 730368
4 730432
9 730496
2 730560
1 730624
5 730688
1 730752
8 730816
2 730880
6 730944
0 731008
6 731072
8 731136
8 731200
8 731264
7 731328
1 731392
8 731456
9 731520
8 731584
10 731648
1 731712
3 731776
10 731840
1 731904
2 731968
9 732032
2 732096
0 732160
8 732224
7 732288
5 732352
1 732416
0 732480
2 732544
9 732608
3 732672
10 732736
2 732800
1 732864
8 732928
4 732992
0 733056
1 733120
1 733184
8 733248
4 733312
5 733376
8 733440
2 733504
6 733568
10 733632
0 733696
3 733760
4 733824
0 733888
8 733952
4 734016
10 734080
8 734144
7 734208
2 734272
9 734336
7 734400
5 734464
8 734528
5 734592
9 734656
8 734720
8 734784
3 734848
1 734912
10 734976
0 735040
3 735104
0 735168
3 735232
2 735296
4 735360
3 735424
2 735488
9 735552
8 735616
3 735680
9 735744
5 735808
4 735872
2 735936
9 736000
6 736064
1 736128
8 736192
4 736256
4 736320
6 736384
10 736448
2 736512
6 736576
7 736640
1 736704
4 736768
10 736832
6 736896
2 736960
8 737024
3 737088
1 737152
10 737216
4 737280
10 737344
10 737408
3 737472
5 737536
9 737600
10 737664
10 737728
8 737792
9 737856
2 737920
6 737984
2 738048
5 738112
6 738176
6 738240
0 738304
9 738368
3 738432
1 738496
4 738560
1 738624
8 738688
1 738752
10 738816
8 738880
6 738944
1 739008
5 739072
10 739136
1 739200
5 739264
5 739328
4 739392
2 739456
3 739520
4 739584
0 739648
1 739712
6 739776
3 739840
6 739904
1 739968
1 740032
2 740096
8 740160
4 740224
9 740288
7 740352
1 740416
8 740480
5 740544
9 740608
4 740672
8 740736
4 740800
9 740864
1 740928
0 740992
2 741056
5 741120
6 741184
2 741248
5 741312
10 741376
8 741440
8 741504
9 741568
6 741632
7 741696
9 741760
2 741824
4 741888
0 741952
10 742016
8 742080
2 742144
10 742208
2 742272
2 742336
6 742400
9 742464
4 742528
0 742592
10 742656
5 742720
3 742784
10 742848
9 742912
6 742976
7 743040
2 743104
7 743168
5 743232
7 743296
8 743360
4 743424
4 743488
6 743552
8 743616
3 743680
4 743744
10 743808
1 743872
4 743936
6 744000
5 744064
1 744128
10 744192
1 744256
1 744320
3 744384
1 744448
2 744512
9 744576
0 744640
1 744704
4 744768
8 744832
7 744896
0 744960
6 745024
10 745088
8 745152
2 745216
7 745280
7 745344
8 745408
10 745472
10 745536
8 745600
1 745664
6 745728
0 745792
9 745856
3 745920
0 745984
6 746048
8 746112
5 746176
3 746240
10 746304
8 746368
10 746432
9 746496
0 746560
9 746624
7 746688
2 746752
10 746816
8 746880
3 746944
2 747008
1 747072
5 747136
2 747200
8 747264
5 747328
0 747392
6 747456
7 747520
6 747584
2 747648
5 747712
1 747776
5 747840
10 747904
3 747968
8 748032
1 748096
4 748160
4 748224
7 748288
4 748352
4 748416
3 748480
0 748544
10 748608
9 748672
6 748736
3 748800
4 748864
10 748928
8 748992
0 749056
7 749120
9 749184
7 749248
0 749312
5 749376
0 749440
9 749504
7 749568
5 749632
4 749696
5 749760
1 749824
0 749888
5 749952
2 750016
6 750080
5 750144
0 750208
1 750272
6 750336
7 750400
3 750464
1 750528
8 750592
8 750656
2 750720
6 750784
1 750848
7 750912
0 750976
2 751040
10 751104
4 751168
3 751232
7 751296
6 751360
5 751424
4 751488
5 751552
6 751616
2 751680
8 751744
4 751808
1 751872
7 751936
10 752000
7 752064
2 752128
2 752192
5 752256
6 752320
0 752384
5 752448
3 752512
1 752576
3 752640
4 752704
0 752768
2 752832
6 752896
6 752960
5 753024
0 753088
2 753152
10 753216
3 753280
7 753344
10 753408
4 753472
1 753536
6 753600
7 753664
8 753728
7 753792
10 753856
2 753920
5 753984
6 754048
8 754112
6 754176
2 754240
1 754304
1 754368
0 754432
2 754496
2 754560
5 754624
8 754688
0 754752
10 754816
3 754880
0 754944
10 755008
5 755072
6 755136
9 755200
0 755264
6 755328
7 755392
4 755456
4 755520
7 755584
1 755648
6 755712
3 755776
9 755840
2 755904
8 755968
2 756032
3 756096
4 756160
1 756224
4 756288
3 756352
10 756416
6 756480
3 756544
7 756608
1 756672
8 756736
9 756800
2 756864
3 756928
9 756992
10 757056
10 757120
2 757184
3 757248
1 757312
2 757376
6 757440
0 757504
4 757568
3 757632
2 757696
6 757760
0 757824
9 757888
3 757952
1 758016
0 758080
6 758144
6 758208
8 758272
4 758336
10 758400
3 758464
3 758528
5 758592
6 758656
7 758720
0 758784
8 758848
6 758912
10 758976
0 759040
4 759104
1 759168
4 759232
5 759296
4 759360
5 759424
6 759488
3 759552
5 759616
0 759680
2 759744
0 759808
0 759872
0 759936
10 760000
5 760064
3 760128
4 760192
7 760256
4 760320
9 760384
1 760448
6 760512
2 760576
4 760640
7 760704
5 760768
5 760832
4 760896
1 760960
1 761024
10 761088
0 761152
10 761216
8 761280
2 761344
5 761408
5 761472
5 761536
9 761600
8 761664
9 761728
5 761792
3 761856
10 761920
4 761984
3 762048
9 762112
6 762176
1 762240
1 762304
2 762368
10 762432
9 762496
1 762560
0 762624
9 762688
10 762752
3 762816
3 762880
7 762944
1 763008
1 763072
8 763136
9 763200
5 763264
4 763328
7 763392
3 763456
8 763520
2 763584
0 763648
2 763712
3 763776
6 763840
8 763904
4 763968
8 764032
5 764096
5 764160
7 764224
10 764288
1 764352
6 764416
1 764480
7 764544
6 764608
8 764672
8 764736
0 764800
2 764864
9 764928
4 764992
2 765056
4 765120
0 765184
9 765248
0 765312
3 765376
6 765440
7 765504
10 765568
8 765632
8 765696
1 765760
2 765824
7 765888
8 765952
6 766016
8 766080
6 766144
6 766208
9 766272
4 766336
3 766400
2 766464
0 766528
2 766592
9 766656
3 766720
9 766784
0 766848
8 766912
7 766976
8 767040
8 767104
4 767168
4 767232
3 767296
4 767360
4 767424
8 767488
1 767552
2 767616
3 767680
0 767744
8 767808
3 767872
4 767936
0 768000
10 768064
2 768128
4 768192
2 768256
4 768320
0 768384
10 768448
3 768512
3 768576
8 768640
1 768704
0 768768
10 768832
5 768896
10 768960
9 769024
5 769088
5 769152
1 769216
8 769280
4 769344
2 769408
6 769472
9 769536
4 769600
5 769664
0 769728
10 769792
0 769856
5 769920
3 769984
4 770048
2 770112
4 770176
0 770240
8 770304
10 770368
9 770432
1 770496
6 770560
10 770624
4 770688
10 770752
10 770816
9 770880
8 770944
3 771008
7 771072
3 771136
5 771200
4 771264
3 771328
9 771392
10 771456
6 771520
2 771584
7 771648
3 771712
6 771776
5 771840
2 771904
7 771968
1 772032
7 772096
2 772160
7 772224
2 772288
2 772352
3 772416
9 772480
7 772544
2 772608
10 772672
4 772736
0 772800
4 772864
2 772928
2 772992
6 773056
10 773120
9 773184
3 773248
1 773312
2 773376
1 773440
6 773504
3 773568
7 773632
10 773696
6 773760
1 773824
8 773888
2 773952
0 774016
9 774080
1 774144
6 774208
6 774272
0 774336
1 774400
0 774464
10 774528
0 774592
2 774656
3 774720
1 774784
4 774848
2 774912
10 774976
9 775040
0 775104
0 775168
1 775232
8 775296
5 775360
1 775424
3 775488
2 775552
7 775616
9 775680
7 775744
2 775808
4 775872
5 775936
7 776000
2 776064
3 776128
0 776192
8 776256
4 776320
10 776384
8 776448
1 776512
0 776576
0 776640
1 776704
8 776768
4 776832
1 776896
8 776960
6 777024
2 777088
0 777152
3 777216
0 777280
3 777344
6 777408
6 777472
2 777536
5 777600
10 777664
4 777728
3 777792
10 777856
6 777920
10 777984
1 778048
7 778112
2 778176
1 778240
3 778304
1 778368
4 778432
5 778496
1 778560
9 778624
5 778688
1 778752
5 778816
1 778880
0 778944
9 779008
2 779072
2 779136
6 779200
8 779264
5 779328
9 779392
2 779456
10 779520
6 779584
2 779648
10 779712
10 779776
4 779840
9 779904
4 779968
5 780032
1 780096
4 780160
7 780224
10 780288
5 780352
4 780416
1 780480
0 780544
2 780608
10 780672
2 780736
5 780800
2 780864
6 780928
7 780992
7 781056
1 781120
1 781184
9 781248
6 781312
4 781376
2 781440
1 781504
5 781568
2 781632
2 781696
6 781760
5 781824
5 781888
7 781952
6 782016
7 782080
6 782144
9 782208
10 782272
5 782336
2 782400
10 782464
3 782528
6 782592
6 782656
8 782720
7 782784
8 782848
8 782912
7 782976
8 783040
8 783104
3 783168
6 783232
1 783296
9 783360
6 783424
8 783488
9 783552
3 783616
1 783680
3 783744
5 783808
0 783872
3 783936
0 784000
5 784064
8 784128
7 784192
2 784256
1 784320
0 784384
5 784448
5 784512
2 784576
4 784640
7 784704
2 784768
8 784832
6 784896
3 784960
3 785024
3 785088
0 785152
2 785216
1 785280
2 785344
6 785408
0 785472
6 785536
5 785600
0 785664
1 785728
10 785792
9 785856
1 785920
7 785984
9 786048
2 786112
0 786176
2 786240
5 786304
2 786368
1 786432
3 786496
1 786560
0 786624
9 786688
6 786752
2 786816
2 786880
7 786944
2 787008
8 787072
4 787136
7 787200
6 787264
5 787328
7 787392
10 787456
0 787520
4 787584
1 787648
2 787712
0 787776
10 787840
0 787904
9 787968
2 788032
8 788096
2 788160
0 788224
6 788288
6 788352
10 788416
7 788480
8 788544
4 788608
9 788672
8 788736
4 788800
3 788864
6 788928
2 788992
4 789056
1 789120
8 789184
6 789248
2 789312
3 789376
6 789440
9 789504
0 789568
3 789632
6 789696
2 789760
8 789824
9 789888
1 789952
7 790016
7 790080
5 790144
10 790208
10 790272
6 790336
6 790400
2 790464
0 790528
5 790592
10 790656
6 790720
3 790784
4 790848
1 790912
1 790976
1 791040
5 791104
9 791168
5 791232
0 791296
3 791360
4 791424
2 791488
8 791552
1 791616
1 791680
3 791744
9 791808
0 791872
4 791936
3 792000
8 792064
3 792128
10 792192
0 792256
3 792320
4 792384
1 792448
9 792512
9 792576
0 792640
9 792704
7 792768
0 792832
0 792896
5 792960
1 793024
4 793088
0 793152
5 793216
4 793280
6 793344
8 793408
3 793472
5 793536
6 793600
5 793664
2 793728
10 793792
1 793856
5 793920
6 793984
8 794048
1 794112
8 794176
2 794240
0 794304
9 794368
6 794432
7 794496
9 794560
0 794624
4 794688
2 794752
2 794816
10 794880
7 794944
1 795008
10 795072
1 795136
3 795200
3 795264
10 795328
10 795392
2 795456
2 795520
8 795584
8 795648
9 795712
10 795776
8 795840
5 795904
7 795968
2 796032
5 796096
4 796160
5 796224
9 796288
6 796352
0 796416
10 796480
6 796544
3 796608
3 796672
9 796736
9 796800
1 796864
2 796928
9 796992
10 797056
7 797120
1 797184
0 797248
2 797312
4 797376
8 797440
1 797504
7 797568
1 797632
7 797696
5 797760
2 797824
4 797888
2 797952
1 798016
4 798080
9 798144
5 798208
5 798272
1 798336
1 798400
2 798464
7 798528
4 798592
7 798656
4 798720
7 798784
10 798848
2 798912
1 798976
9 799040
7 799104
0 799168
5 799232
4 799296
6 799360
6 799424
9 799488
10 799552
2 799616
7 799680
5 799744
8 799808
9 799872
5 799936
5 800000
1 800064
10 800128
6 800192
8 800256
7 800320
4 800384
10 800448
0 800512
9 800576
10 800640
0 800704
3 800768
8 800832
0 800896
2 800960
1 801024
4 801088
6 801152
2 801216
9 801280
6 801344
1 801408
3 801472
6 801536
7 801600
10 801664
1 801728
5 801792
7 801856
7 801920
10 801984
8 802048
7 802112
1 802176
1 802240
2 802304
1 802368
6 802432
6 802496
3 802560
6 802624
5 802688
1 802752
5 802816
5 802880
9 802944
7 803008
3 803072
7 803136
1 803200
4 803264
7 803328
0 803392
8 803456
2 803520
7 803584
2 803648
10 803712
3 803776
5 803840
9 803904
0 803968
9 804032
6 804096
0 804160
5 804224
6 804288
7 804352
3 804416
0 804480
3 804544
0 804608
10 804672
6 804736
4 804800
4 804864
10 804928
2 804992
1 805056
2 805120
1 805184
4 805248
6 805312
1 805376
4 805440
7 805504
6 805568
8 805632
3 805696
10 805760
4 805824
2 805888
0 805952
1 806016
6 806080
5 806144
4 806208
2 806272
3 806336
5 806400
6 806464
7 806528
7 806592
8 806656
2 806720
6 806784
5 806848
9 806912
6 806976
0 807040
8 807104
9 807168
3 807232
1 807296
10 807360
9 807424
9 807488
2 807552
5 807616
10 807680
5 807744
0 807808
2 807872
7 807936
2 808000
7 808064
5 808128
1 808192
10 808256
6 808320
4 808384
8 808448
0 808512
7 808576
2 808640
10 808704
7 808768
10 808832
9 808896
1 808960
0 809024
3 809088
3 809152
6 809216
8 809280
2 809344
9 809408
6 809472
3 809536
5 809600
3 809664
3 809728
10 809792
9 809856
0 809920
5 809984
5 810048
0 810112
4 810176
4 810240
8 810304
1 810368
7 810432
10 810496
7 810560
6 810624
6 810688
5 810752
5 810816
8 810880
6 810944
8 811008
5 811072
1 811136
2 811200
7 811264
6 811328
5 811392
2 811456
8 811520
9 811584
2 811648
8 811712
6 811776
6 811840
4 811904
10 811968
10 812032
6 812096
10 812160
4 812224
9 812288
1 812352
1 812416
1 812480
1 812544
10 812608
0 812672
9 812736
6 812800
1 812864
7 812928
9 812992
8 813056
1 813120
10 813184
7 813248
8 813312
9 813376
0 813440
10 813504
4 813568
6 813632
3 813696
3 813760
7 813824
8 813888
6 813952
1 814016
3 814080
7 814144
1 814208
5 814272
7 814336
6 814400
10 814464
6 814528
0 814592
5 814656
3 814720
8 814784
4 814848
4 814912
10 814976
4 815040
4 815104
6 815168
10 815232
3 815296
0 815360
6 815424
0 815488
0 815552
0 815616
2 815680
5 815744
8 815808
9 815872
5 815936
5 816000
2 816064
9 816128
6 816192
3 816256
8 816320
6 816384
3 816448
9 816512
10 816576
6 816640
0 816704
9 816768
6 816832
2 816896
10 816960
6 817024
2 817088
6 817152
5 817216
8 817280
2 817344
6 817408
3 817472
1 817536
2 817600
8 817664
1 817728
10 817792
9 817856
6 817920
10 817984
4 818048
8 818112
2 818176
5 818240
3 818304
1 818368
1 818432
0 818496
6 818560
0 818624
10 818688
9 818752
2 818816
0 818880
9 818944
8 819008
1 819072
9 819136
6 819200
0 819264
2 819328
7 819392
10 819456
10 819520
5 819584
2 819648
3 819712
10 819776
3 819840
4 819904
3 819968
8 820032
3 820096
6 820160
4 820224
10 820288
0 820352
4 820416
1 820480
2 820544
10 820608
0 820672
10 820736
9 820800
1 820864
1 820928
7 820992
9 821056
1 821120
1 821184
2 821248
4 821312
4 821376
2 821440
1 821504
1 821568
7 821632
5 821696
3 821760
6 821824
1 821888
7 821952
0 822016
6 822080
1 822144
7 822208
10 822272
1 822336
3 822400
10 822464
6 822528
6 822592
5 822656
10 822720
7 822784
2 822848
2 822912
4 822976
0 823040
2 823104
10 823168
9 823232
10 823296
9 823360
0 823424
1 823488
5 823552
5 823616
7 823680
9 823744
9 823808
8 823872
0 823936
2 824000
8 824064
4 824128
1 824192
3 824256
9 824320
0 824384
8 824448
0 824512
8 824576
8 824640
2 824704
3 824768
5 824832
1 824896
3 824960
0 825024
5 825088
2 825152
3 825216
1 825280
2 825344
4 825408
4 825472
7 825536
3 825600
1 825664
5 825728
8 825792
10 825856
4 825920
7 825984
7 826048
6 826112
8 826176
6 826240
3 826304
4 826368
2 826432
3 826496
10 826560
4 826624
6 826688
1 826752
9 826816
9 826880
4 826944
2 827008
3 827072
7 827136
6 827200
7 827264
6 827328
9 827392
4 827456
5 827520
9 827584
1 827648
9 827712
6 827776
6 827840
3 827904
9 827968
5 828032
5 828096
10 828160
1 828224
7 828288
2 828352
0 828416
8 828480
4 828544
9 828608
6 828672
4 828736
9 828800
10 828864
8 828928
5 828992
6 829056
0 829120
1 829184
2 829248
5 829312
6 829376
2 829440
5 829504
3 829568
1 829632
3 829696
10 829760
5 829824
5 829888
2 829952
5 830016
1 830080
0 830144
5 830208
0 830272
5 830336
3 830400
7 830464
9 830528
5 830592
3 830656
8 830720
1 830784
6 830848
4 830912
9 830976
3 831040
8 831104
3 831168
1 831232
8 831296
4 831360
9 831424
10 831488
1 831552
9 831616
10 831680
6 831744
10 831808
6 831872
5 831936
5 832000
3 832064
3 832128
0 832192
7 832256
7 832320
0 832384
4 832448
6 832512
1 832576
1 832640
7 832704
2 832768
9 832832
5 832896
9 832960
6 833024
3 833088
9 833152
0 833216
4 833280
0 833344
10 833408
9 833472
0 833536
7 833600
4 833664
2 833728
6 833792
0 833856
8 833920
8 833984
0 834048
5 834112
10 834176
0 834240
1 834304
7 834368
1 834432
6 834496
4 834560
4 834624
5 834688
5 834752
6 834816
1 834880
8 834944
5 835008
7 835072
9 835136
0 835200
6 835264
4 835328
7 835392
7 835456
10 835520
1 835584
5 835648
9 835712
1 835776
0 835840
3 835904
0 835968
0 836032
2 836096
1 836160
5 836224
6 836288
3 836352
2 836416
1 836480
3 836544
5 836608
8 836672
0 836736
0 836800
4 836864
0 836928
1 836992
0 837056
4 837120
1 837184
4 837248
5 837312
9 837376
6 837440
4 837504
2 837568
2 837632
9 837696
7 837760
1 837824
2 837888
5 837952
2 838016
9 838080
6 838144
10 838208
7 838272
10 838336
1 838400
8 838464
8 838528
3 838592
9 838656
7 838720
10 838784
7 838848
4 838912
5 838976
7 839040
3 839104
1 839168
4 839232
4 839296
1 839360
5 839424
8 839488
3 839552
10 839616
10 839680
3 839744
1 839808
1 839872
7 839936
0 840000
3 840064
0 840128
10 840192
3 840256
7 840320
6 840384
3 840448
7 840512
1 840576
5 840640
3 840704
9 840768
8 840832
8 840896
5 840960
4 841024
7 841088
10 841152
2 841216
8 841280
1 841344
2 841408
3 841472
5 841536
6 841600
7 841664
9 841728
8 841792
3 841856
6 841920
3 841984
1 842048
4 842112
6 842176
2 842240
10 842304
4 842368
9 842432
10 842496
1 842560
2 842624
7 842688
1 842752
1 842816
3 842880
0 842944
7 843008
2 843072
4 843136
0 843200
7 843264
10 843328
8 843392
7 843456
5 843520
4 843584
1 843648
8 843712
1 843776
5 843840
6 843904
3 843968
2 844032
6 844096
8 844160
6 844224
8 844288
5 844352
0 844416
7 844480
4 844544
5 844608
1 844672
0 844736
10 844800
6 844864
6 844928
3 844992
4 845056
3 845120
6 845184
2 845248
9 845312
4 845376
8 845440
9 845504
7 845568
8 845632
6 845696
1 845760
10 845824
0 845888
10 845952
3 846016
1 846080
3 846144
1 846208
0 846272
0 846336
9 846400
4 846464
3 846528
1 846592
8 846656
1 846720
4 846784
3 846848
9 846912
6 846976
6 847040
6 847104
1 847168
3 847232
4 847296
7 847360
3 847424
2 847488
3 847552
5 847616
10 847680
4 847744
9 847808
4 847872
0 847936
1 848000
2 848064
8 848128
9 848192
7 848256
4 848320
3 848384
2 848448
5 848512
10 848576
1 848640
2 848704
2 848768
5 848832
7 848896
2 848960
0 849024
10 849088
7 849152
6 849216
5 849280
0 849344
2 849408
4 849472
1 849536
2 849600
10 849664
0 849728
9 849792
5 849856
7 849920
9 849984
0 850048
7 850112
3 850176
7 850240
1 850304
0 850368
0 850432
9 850496
10 850560
4 850624
3 850688
8 850752
8 850816
2 850880
2 850944
1 851008
1 851072
4 851136
5 851200
7 851264
7 851328
5 851392
8 851456
4 851520
10 851584
7 851648
4 851712
5 851776
7 851840
0 851904
5 851968
4 852032
5 852096
8 852160
10 852224
9 852288
7 852352
1 852416
4 852480
10 852544
8 852608
10 852672
0 852736
2 852800
6 852864
3 852928
10 852992
2 853056
5 853120
7 853184
0 853248
3 853312
9 853376
6 853440
5 853504
3 853568
1 853632
3 853696
6 853760
10 853824
1 853888
4 853952
10 854016
10 854080
8 854144
7 854208
8 854272
2 854336
4 854400
10 854464
5 854528
5 854592
6 854656
9 854720
6 854784
4 854848
4 854912
3 854976
0 855040
9 855104
8 855168
5 855232
9 855296
1 855360
6 855424
7 855488
9 855552
5 855616
4 855680
1 855744
0 855808
7 855872
10 855936
2 856000
7 856064
10 856128
2 856192
8 856256
4 856320
9 856384
8 856448
10 856512
2 856576
4 856640
7 856704
4 856768
1 856832
4 856896
0 856960
7 857024
0 857088
3 857152
4 857216
9 857280
1 857344
0 857408
7 857472
4 857536
0 857600
6 857664
5 857728
10 857792
0 857856
0 857920
4 857984
2 858048
5 858112
4 858176
8 858240
10 858304
8 858368
2 858432
1 858496
4 858560
2 858624
3 858688
6 858752
9 858816
1 858880
4 858944
3 859008
0 859072
7 859136
5 859200
3 859264
10 859328
10 859392
6 859456
6 859520
6 859584
1 859648
4 859712
4 859776
9 859840
4 859904
2 859968
9 860032
6 860096
10 860160
5 860224
9 860288
2 860352
10 860416
3 860480
4 860544
2 860608
6 860672
8 860736
3 860800
4 860864
4 860928
1 860992
4 861056
9 861120
10 861184
7 861248
8 861312
2 861376
6 861440
6 861504
1 861568
2 861632
8 861696
7 861760
5 861824
8 861888
10 861952
5 862016
7 862080
5 862144
6 862208
7 862272
6 862336
6 862400
7 862464
0 862528
8 862592
0 862656
6 862720
1 862784
2 862848
9 862912
4 862976
3 863040
9 863104
8 863168
5 863232
2 863296
9 863360
8 863424
9 863488
4 863552
0 863616
6 863680
2 863744
6 863808
10 863872
0 863936
7 864000
8 864064
7 864128
0 864192
1 864256
0 864320
4 864384
10 864448
1 864512
5 864576
9 864640
1 864704
4 864768
9 864832
7 864896
5 864960
0 865024
1 865088
9 865152
10 865216
8 865280
0 865344
3 865408
8 865472
2 865536
8 865600
7 865664
2 865728
3 865792
10 865856
10 865920
2 865984
4 866048
10 866112
4 866176
0 866240
7 866304
9 866368
3 866432
1 866496
1 866560
0 866624
2 866688
9 866752
1 866816
8 866880
1 866944
3 867008
3 867072
1 867136
7 867200
0 867264
8 867328
7 867392
6 867456
0 867520
1 867584
4 867648
6 867712
7 867776
2 867840
3 867904
8 867968
4 868032
9 868096
10 868160
7 868224
10 868288
9 868352
1 868416
6 868480
2 868544
10 868608
0 868672
2 868736
2 868800
10 868864
3 868928
2 868992
8 869056
8 869120
3 869184
7 869248
7 869312
4 869376
4 869440
10 869504
1 869568
9 869632
7 869696
5 869760
10 869824
4 869888
6 869952
6 870016
1 870080
7 870144
6 870208
6 870272
2 870336
0 870400
4 870464
7 870528
1 870592
9 870656
6 870720
0 870784
9 870848
4 870912
0 870976
10 871040
10 871104
10 871168
9 871232
7 871296
0 871360
5 871424
2 871488
7 871552
7 871616
4 871680
0 871744
2 871808
5 871872
8 871936
8 872000
3 872064
5 872128
8 872192
6 872256
8 872320
1 872384
2 872448
10 872512
2 872576
5 872640
10 872704
9 872768
5 872832
7 872896
2 872960
4 873024
10 873088
4 873152
6 873216
1 873280
10 873344
7 873408
6 873472
7 873536
9 873600
10 873664
2 873728
9 873792
8 873856
10 873920
8 873984
4 874048
2 874112
5 874176
9 874240
9 874304
5 874368
9 874432
9 874496
6 874560
1 874624
0 874688
0 874752
2 874816
3 874880
1 874944
10 875008
1 875072
7 875136
10 875200
7 875264
5 875328
3 875392
3 875456
1 875520
2 875584
6 875648
6 875712
1 875776
0 875840
9 875904
4 875968
1 876032
0 876096
1 876160
7 876224
5 876288
9 876352
10 876416
0 876480
2 876544
5 876608
1 876672
7 876736
6 876800
2 876864
10 876928
9 876992
8 877056
3 877120
3 877184
4 877248
7 877312
7 877376
10 877440
4 877504
3 877568
3 877632
2 877696
6 877760
8 877824
3 877888
1 877952
9 878016
0 878080
10 878144
10 878208
1 878272
3 878336
0 878400
2 878464
0 878528
5 878592
6 878656
9 878720
8 878784
1 878848
5 878912
2 878976
10 879040
10 879104
8 879168
7 879232
3 879296
3 879360
9 879424
7 879488
8 879552
5 879616
5 879680
9 879744
8 879808
2 879872
1 879936
7 880000
6 880064
10 880128
6 880192
1 880256
9 880320
1 880384
2 880448
8 880512
4 880576
1 880640
1 880704
7 880768
3 880832
0 880896
9 880960
8 881024
5 881088
0 881152
3 881216
4 881280
4 881344
6 881408
5 881472
1 881536
2 881600
4 881664
1 881728
8 881792
9 881856
3 881920
8 881984
9 882048
8 882112
4 882176
6 882240
9 882304
0 882368
8 882432
1 882496
9 882560
7 882624
4 882688
10 882752
0 882816
0 882880
5 882944
6 883008
4 883072
3 883136
5 883200
0 883264
2 883328
3 883392
8 883456
5 883520
10 883584
0 883648
3 883712
7 883776
1 883840
9 883904
9 883968
0 884032
5 884096
1 884160
6 884224
9 884288
9 884352
1 884416
8 884480
7 884544
2 884608
4 884672
0 884736
1 884800
0 884864
7 884928
8 884992
3 885056
10 885120
5 885184
6 885248
7 885312
4 885376
3 885440
0 885504
0 885568
0 885632
3 885696
8 885760
9 885824
6 885888
10 885952
10 886016
0 886080
8 886144
7 886208
0 886272
6 886336
6 886400
2 886464
6 886528
6 886592
8 886656
2 886720
1 886784
7 886848
1 886912
9 886976
5 887040
5 887104
3 887168
5 887232
6 887296
0 887360
3 887424
3 887488
1 887552
9 887616
0 887680
3 887744
6 887808
8 887872
9 887936
0 888000
0 888064
3 888128
0 888192
1 888256
0 888320
2 888384
7 888448
2 888512
4 888576
0 888640
5 888704
5 888768
9 888832
10 888896
3 888960
4 889024
2 889088
9 889152
6 889216
7 889280
10 889344
1 889408
10 889472
1 889536
1 889600
4 889664
8 889728
3 889792
7 889856
5 889920
3 889984
7 890048
4 890112
5 890176
8 890240
4 890304
10 890368
3 890432
8 890496
4 890560
5 890624
8 890688
8 890752
1 890816
0 890880
5 890944
6 891008
9 891072
7 891136
4 891200
1 891264
3 891328
2 891392
8 891456
3 891520
4 891584
8 891648
3 891712
1 891776
5 891840
2 891904
0 891968
3 892032
7 892096
10 892160
7 892224
1 892288
0 892352
7 892416
0 892480
4 892544
4 892608
9 892672
6 892736
4 892800
1 892864
0 892928
4 892992
9 893056
6 893120
7 893184
0 893248
6 893312
6 893376
7 893440
0 893504
3 893568
3 893632
6 893696
2 893760
10 893824
6 893888
8 893952
0 894016
10 894080
4 894144
0 894208
8 894272
5 894336
0 894400
9 894464
5 894528
4 894592
9 894656
3 894720
0 894784
5 894848
9 894912
6 894976
6 895040
0 895104
1 895168
8 895232
6 895296
10 895360
4 895424
8 895488
7 895552
6 895616
9 895680
9 895744
8 895808
4 895872
2 895936
6 896000
7 896064
3 896128
2 896192
0 896256
4 896320
10 896384
4 896448
1 896512
3 896576
8 896640
4 896704
5 896768
9 896832
6 896896
0 896960
9 897024
4 897088
5 897152
4 897216
10 897280
4 897344
10 897408
9 897472
0 897536
1 897600
4 897664
9 897728
10 897792
5 897856
4 897920
2 897984
7 898048
7 898112
0 898176
7 898240
0 898304
7 898368
0 898432
5 898496
7 898560
10 898624
8 898688
3 898752
6 898816
0 898880
9 898944
1 899008
4 899072
9 899136
8 899200
5 899264
1 899328
7 899392
2 899456
4 899520
4 899584
4 899648
7 899712
2 899776
3 899840
10 899904
2 899968
2 900032
9 900096
10 900160
0 900224
3 900288
1 900352
10 900416
0 900480
2 900544
10 900608
8 900672
7 900736
9 900800
5 900864
0 900928
8 900992
3 901056
0 901120
4 901184
4 901248
0 901312
10 901376
5 901440
8 901504
0 901568
9 901632
3 901696
5 901760
1 901824
1 901888
8 901952
7 902016
1 902080
8 902144
1 902208
3 902272
3 902336
5 902400
9 902464
5 902528
10 902592
6 902656
1 902720
10 902784
6 902848
4 902912
2 902976
0 903040
5 903104
9 903168
5 903232
5 903296
6 903360
10 903424
5 903488
7 903552
4 903616
9 903680
0 903744
2 903808
5 903872
0 903936
4 904000
2 904064
9 904128
0 904192
1 904256
9 904320
3 904384
5 904448
8 904512
8 904576
9 904640
5 904704
3 904768
6 904832
9 904896
0 904960
10 905024
2 905088
6 905152
10 905216
1 905280
1 905344
3 905408
9 905472
8 905536
9 905600
10 905664
8 905728
6 905792
8 905856
1 905920
8 905984
0 906048
9 906112
7 906176
10 906240
8 906304
8 906368
7 906432
5 906496
4 906560
3 906624
9 906688
4 906752
3 906816
5 906880
3 906944
5 907008
3 907072
7 907136
5 907200
1 907264
3 907328
7 907392
6 907456
5 907520
1 907584
5 907648
8 907712
8 907776
1 907840
5 907904
10 907968
7 908032
9 908096
3 908160
7 908224
6 908288
3 908352
9 908416
2 908480
8 908544
3 908608
6 908672
10 908736
9 908800
10 908864
2 908928
9 908992
4 909056
4 909120
5 909184
5 909248
1 909312
1 909376
6 909440
6 909504
8 909568
2 909632
9 909696
7 909760
10 909824
3 909888
2 909952
7 910016
0 910080
2 910144
1 910208
6 910272
4 910336
8 910400
7 910464
1 910528
2 910592
0 910656
6 910720
0 910784
2 910848
1 910912
2 910976
8 911040
8 911104
6 911168
6 911232
5 911296
2 911360
6 911424
8 911488
3 911552
4 911616
1 911680
5 911744
5 911808
9 911872
9 911936
9 912000
1 912064
0 912128
1 912192
5 912256
7 912320
6 912384
10 912448
7 912512
6 912576
4 912640
7 912704
2 912768
2 912832
9 912896
8 912960
1 913024
2 913088
0 913152
9 913216
9 913280
5 913344
10 913408
10 913472
7 913536
6 913600
5 913664
7 913728
2 913792
8 913856
9 913920
4 913984
1 914048
3 914112
4 914176
7 914240
5 914304
0 914368
9 914432
8 914496
8 914560
9 914624
8 914688
6 914752
4 914816
5 914880
6 914944
5 915008
2 915072
2 915136
0 915200
3 915264
6 915328
8 915392
4 915456
9 915520
9 915584
5 915648
1 915712
5 915776
4 915840
2 915904
1 915968
4 916032
4 916096
7 916160
7 916224
3 916288
2 916352
4 916416
4 916480
9 916544
1 916608
3 916672
10 916736
4 916800
2 916864
1 916928
3 916992
8 917056
8 917120
2 917184
0 917248
9 917312
0 917376
8 917440
8 917504
3 917568
0 917632
7 917696
0 917760
5 917824
3 917888
4 917952
9 918016
6 918080
7 918144
8 918208
2 918272
7 918336
4 918400
1 918464
1 918528
7 918592
6 918656
7 918720
4 918784
1 918848
2 918912
4 918976
10 919040
1 919104
5 919168
1 919232
3 919296
1 919360
5 919424
2 919488
8 919552
5 919616
4 919680
7 919744
10 919808
8 919872
10 919936
1 920000
5 920064
0 920128
6 920192
1 920256
8 920320
5 920384
3 920448
8 920512
10 920576
10 920640
0 920704
10 920768
10 920832
0 920896
3 920960
2 921024
9 921088
6 921152
3 921216
10 921280
3 921344
4 921408
7 921472
2 921536
7 921600
2 921664
7 921728
4 921792
2 921856
3 921920
10 921984
1 922048
8 922112
3 922176
0 922240
6 922304
1 922368
7 922432
8 922496
9 922560
3 922624
2 922688
0 922752
6 922816
4 922880
9 922944
6 923008
10 923072
9 923136
3 923200
10 923264
5 923328
7 923392
8 923456
10 923520
2 923584
4 923648
3 923712
4 923776
10 923840
7 923904
7 923968
10 924032
6 924096
9 924160
5 924224
8 924288
7 924352
4 924416
1 924480
3 924544
1 924608
4 924672
6 924736
7 924800
5 924864
3 924928
10 924992
6 925056
1 925120
2 925184
7 925248
5 925312
10 925376
1 925440
5 925504
6 925568
2 925632
7 925696
7 925760
9 925824
6 925888
10 925952
3 926016
0 926080
4 926144
4 926208
8 926272
3 926336
6 926400
0 926464
8 926528
5 926592
4 926656
10 926720
5 926784
6 926848
6 926912
7 926976
6 927040
6 927104
4 927168
0 927232
4 927296
7 927360
3 927424
5 927488
10 927552
0 927616
4 927680
7 927744
6 927808
3 927872
9 927936
2 928000
8 928064
3 928128
10 928192
1 928256
9 928320
9 928384
5 928448
2 928512
9 928576
8 928640
0 928704
0 928768
6 928832
1 928896
5 928960
5 929024
8 929088
1 929152
10 929216
0 929280
8 929344
3 929408
5 929472
8 929536
3 929600
2 929664
8 929728
6 929792
3 929856
4 929920
2 929984
5 930048
5 930112
6 930176
3 930240
8 930304
3 930368
0 930432
0 930496
0 930560
8 930624
1 930688
8 930752
6 930816
7 930880
0 930944
2 931008
4 931072
4 931136
0 931200
3 931264
10 931328
3 931392
0 931456
4 931520
1 931584
6 931648
10 931712
6 931776
2 931840
4 931904
1 931968
1 932032
1 932096
8 932160
6 932224
0 932288
0 932352
8 932416
9 932480
2 932544
1 932608
9 932672
6 932736
3 932800
9 932864
4 932928
5 932992
6 933056
8 933120
0 933184
4 933248
4 933312
7 933376
3 933440
1 933504
4 933568
10 933632
9 933696
7 933760
6 933824
4 933888
6 933952
1 934016
3 934080
6 934144
8 934208
4 934272
7 934336
4 934400
8 934464
8 934528
3 934592
6 934656
0 934720
7 934784
6 934848
5 934912
8 934976
1 935040
7 935104
3 935168
9 935232
0 935296
6 935360
3 935424
7 935488
5 935552
7 935616
9 935680
1 935744
10 935808
4 935872
5 935936
2 936000
10 936064
1 936128
1 936192
8 936256
2 936320
3 936384
7 936448
9 936512
3 936576
1 936640
2 936704
6 936768
9 936832
7 936896
8 936960
9 937024
3 937088
0 937152
7 937216
4 937280
6 937344
4 937408
5 937472
2 937536
0 937600
5 937664
9 937728
9 937792
6 937856
0 937920
4 937984
3 938048
8 938112
7 938176
8 938240
7 938304
5 938368
10 938432
3 938496
5 938560
7 938624
7 938688
8 938752
8 938816
1 938880
1 938944
6 939008
1 939072
6 939136
2 939200
0 939264
2 939328
8 939392
1 939456
2 939520
3 939584
7 939648
1 939712
0 939776
6 939840
7 939904
2 939968
10 940032
8 940096
7 940160
2 940224
8 940288
6 940352
6 940416
0 940480
4 940544
1 940608
6 940672
4 940736
10 940800
4 940864
8 940928
5 940992
9 941056
5 941120
9 941184
10 941248
2 941312
2 941376
4 941440
8 941504
10 941568
3 941632
9 941696
5 941760
8 941824
9 941888
4 941952
7 942016
7 942080
3 942144
5 942208
2 942272
2 942336
8 942400
7 942464
0 942528
5 942592
6 942656
2 942720
2 942784
7 942848
1 942912
0 942976
4 943040
3 943104
3 943168
1 943232
8 943296
7 943360
5 943424
1 943488
0 943552
9 943616
7 943680
9 943744
2 943808
1 943872
5 943936
10 944000
8 944064
3 944128
5 944192
10 944256
0 944320
3 944384
4 944448
4 944512
6 944576
9 944640
4 944704
5 944768
9 944832
6 944896
4 944960
8 945024
8 945088
10 945152
10 945216
3 945280
1 945344
9 945408
2 945472
1 945536
3 945600
4 945664
2 945728
4 945792
9 945856
1 945920
2 945984
8 946048
9 946112
10 946176
6 946240
5 946304
9 946368
9 946432
9 946496
4 946560
9 946624
10 946688
7 946752
3 946816
2 946880
0 946944
3 947008
3 947072
1 947136
9 947200
2 947264
2 947328
2 947392
7 947456
0 947520
5 947584
1 947648
0 947712
2 947776
8 947840
7 947904
6 947968
10 948032
7 948096
5 948160
4 948224
8 948288
1 948352
3 948416
8 948480
6 948544
6 948608
6 948672
7 948736
5 948800
4 948864
8 948928
5 948992
8 949056
1 949120
9 949184
3 949248
2 949312
10 949376
4 949440
2 949504
6 949568
8 949632
7 949696
7 949760
4 949824
10 949888
1 949952
8 950016
6 950080
10 950144
5 950208
2 950272
0 950336
5 950400
7 950464
10 950528
5 950592
6 950656
3 950720
9 950784
8 950848
3 950912
6 950976
5 951040
2 951104
0 951168
3 951232
7 951296
5 951360
8 951424
3 951488
0 951552
9 951616
4 951680
5 951744
1 951808
5 951872
4 951936
8 952000
0 952064
9 952128
4 952192
0 952256
10 952320
4 952384
10 952448
7 952512
6 952576
0 952640
4 952704
4 952768
10 952832
0 952896
9 952960
0 953024
7 953088
9 953152
10 953216
7 953280
7 953344
2 953408
7 953472
10 953536
8 953600
1 953664
0 953728
5 953792
0 953856
9 953920
2 953984
2 954048
2 954112
1 954176
6 954240
1 954304
0 954368
7 954432
10 954496
0 954560
5 954624
1 954688
8 954752
4 954816
3 954880
10 954944
9 955008
0 955072
5 955136
10 955200
5 955264
2 955328
9 955392
5 955456
8 955520
0 955584
10 955648
6 955712
6 955776
10 955840
10 955904
0 955968
1 956032
3 956096
8 956160
2 956224
4 956288
1 956352
2 956416
7 956480
0 956544
4 956608
9 956672
3 956736
8 956800
6 956864
2 956928
10 956992
0 957056
4 957120
4 957184
8 957248
5 957312
1 957376
5 957440
7 957504
9 957568
1 957632
9 957696
7 957760
1 957824
1 957888
1 957952
2 958016
1 958080
2 958144
5 958208
9 958272
10 958336
0 958400
2 958464
0 958528
3 958592
10 958656
5 958720
7 958784
1 958848
3 958912
4 958976
10 959040
10 959104
3 959168
2 959232
4 959296
0 959360
6 959424
4 959488
2 959552
4 959616
2 959680
9 959744
5 959808
6 959872
3 959936
3 960000
4 960064
3 960128
2 960192
4 960256
4 960320
7 960384
4 960448
1 960512
7 960576
5 960640
9 960704
5 960768
5 960832
10 960896
8 960960
7 961024
10 961088
10 961152
2 961216
0 961280
9 961344
6 961408
2 961472
8 961536
9 961600
3 961664
6 961728
5 961792
10 961856
10 961920
4 961984
3 962048
5 962112
8 962176
8 962240
4 962304
1 962368
8 962432
3 962496
4 962560
3 962624
7 962688
4 962752
0 962816
1 962880
8 962944
10 963008
10 963072
2 963136
7 963200
2 963264
7 963328
9 963392
5 963456
5 963520
9 963584
6 963648
10 963712
9 963776
0 963840
5 963904
1 963968
10 964032
5 964096
0 964160
2 964224
6 964288
7 964352
5 964416
5 964480
10 964544
1 964608
2 964672
5 964736
4 964800
2 964864
7 964928
8 964992
2 965056
0 965120
7 965184
9 965248
7 965312
9 965376
9 965440
6 965504
6 965568
7 965632
3 965696
4 965760
5 965824
9 965888
5 965952
7 966016
10 966080
6 966144
4 966208
0 966272
3 966336
8 966400
1 966464
6 966528
6 966592
4 966656
9 966720
6 966784
9 966848
0 966912
2 966976
8 967040
2 967104
4 967168
9 967232
8 967296
3 967360
9 967424
2 967488
2 967552
10 967616
5 967680
0 967744
1 967808
4 967872
2 967936
5 968000
7 968064
6 968128
2 968192
7 968256
0 968320
10 968384
2 968448
3 968512
2 968576
4 968640
4 968704
1 968768
2 968832
3 968896
3 968960
6 969024
1 969088
3 969152
2 969216
10 969280
8 969344
5 969408
0 969472
7 969536
2 969600
5 969664
1 969728
7 969792
8 969856
10 969920
6 969984
3 970048
7 970112
10 970176
6 970240
7 970304
3 970368
1 970432
6 970496
2 970560
5 970624
2 970688
6 970752
5 970816
4 970880
10 970944
6 971008
9 971072
6 971136
8 971200
1 971264
5 971328
7 971392
10 971456
9 971520
0 971584
3 971648
9 971712
2 971776
3 971840
5 971904
5 971968
5 972032
8 972096
0 972160
9 972224
9 972288
6 972352
1 972416
10 972480
3 972544
2 972608
7 972672
3 972736
0 972800
3 972864
4 972928
6 972992
1 973056
5 973120
6 973184
10 973248
2 973312
6 973376
2 973440
4 973504
4 973568
6 973632
10 973696
7 973760
0 973824
4 973888
6 973952
2 974016
2 974080
6 974144
10 974208
8 974272
1 974336
7 974400
1 974464
5 974528
10 974592
1 974656
10 974720
6 974784
0 974848
2 974912
5 974976
2 975040
9 975104
8 975168
6 975232
10 975296
7 975360
0 975424
7 975488
10 975552
10 975616
6 975680
6 975744
0 975808
4 975872
6 975936
4 976000
10 976064
1 976128
9 976192
7 976256
8 976320
5 976384
7 976448
5 976512
8 976576
5 976640
1 976704
2 976768
6 976832
8 976896
6 976960
10 977024
1 977088
2 977152
0 977216
5 977280
9 977344
4 977408
3 977472
8 977536
9 977600
7 977664
6 977728
0 977792
7 977856
4 977920
0 977984
1 978048
7 978112
7 978176
5 978240
0 978304
9 978368
10 978432
5 978496
4 978560
6 978624
5 978688
10 978752
4 978816
0 978880
8 978944
4 979008
2 979072
4 979136
5 979200
6 979264
0 979328
7 979392
5 979456
4 979520
10 979584
0 979648
9 979712
1 979776
5 979840
0 979904
8 979968
6 980032
3 980096
2 980160
1 980224
8 980288
1 980352
2 980416
2 980480
10 980544
7 980608
6 980672
4 980736
5 980800
7 980864
9 980928
3 980992
8 981056
9 981120
7 981184
0 981248
1 981312
5 981376
5 981440
0 981504
2 981568
9 981632
10 981696
1 981760
6 981824
8 981888
1 981952
5 982016
10 982080
4 982144
6 982208
6 982272
0 982336
2 982400
4 982464
10 982528
1 982592
6 982656
1 982720
3 982784
9 982848
4 982912
4 982976
9 983040
8 983104
8 983168
3 983232
0 983296
5 983360
9 983424
7 983488
3 983552
6 983616
4 983680
2 983744
4 983808
8 983872
10 983936
0 984000
9 984064
6 984128
2 984192
10 984256
4 984320
4 984384
0 984448
6 984512
3 984576
0 984640
6 984704
10 984768
2 984832
4 984896
4 984960
7 985024
9 985088
10 985152
5 985216
1 985280
3 985344
3 985408
0 985472
5 985536
3 985600
1 985664
9 985728
4 985792
9 985856
7 985920
9 985984
6 986048
10 986112
9 986176
5 986240
8 986304
6 986368
7 986432
8 986496
0 986560
5 986624
5 986688
5 986752
5 986816
7 986880
2 986944
7 987008
7 987072
3 987136
8 987200
2 987264
10 987328
6 987392
4 987456
6 987520
0 987584
10 987648
9 987712
1 987776
10 987840
7 987904
8 987968
5 988032
1 988096
3 988160
8 988224
5 988288
4 988352
4 988416
5 988480
7 988544
10 988608
7 988672
0 988736
2 988800
9 988864
9 988928
2 988992
9 989056
5 989120
9 989184
6 989248
6 989312
0 989376
4 989440
8 989504
7 989568
3 989632
6 989696
8 989760
2 989824
6 989888
9 989952
1 990016
1 990080
6 990144
3 990208
3 990272
1 990336
9 990400
4 990464
2 990528
2 990592
6 990656
8 990720
6 990784
5 990848
3 990912
6 990976
9 991040
4 991104
5 991168
5 991232
10 991296
1 991360
10 991424
10 991488
10 991552
10 991616
5 991680
8 991744
8 991808
8 991872
6 991936
3 992000
6 992064
7 992128
7 992192
4 992256
7 992320
2 992384
2 992448
6 992512
4 992576
0 992640
8 992704
5 992768
7 992832
10 992896
2 992960
10 993024
1 993088
6 993152
9 993216
10 993280
6 993344
6 993408
6 993472
3 993536
10 993600
0 993664
9 993728
3 993792
2 993856
9 993920
9 993984
8 994048
1 994112
9 994176
9 994240
6 994304
0 994368
5 994432
9 994496
3 994560
2 994624
9 994688
10 994752
7 994816
10 994880
1 994944
5 995008
0 995072
9 995136
10 995200
6 995264
8 995328
8 995392
3 995456
2 995520
7 995584
5 995648
3 995712
2 995776
7 995840
3 995904
5 995968
2 996032
4 996096
1 996160
0 996224
3 996288
9 996352
7 996416
7 996480
3 996544
10 996608
9 996672
7 996736
3 996800
2 996864
7 996928
8 996992
10 997056
1 997120
9 997184
5 997248
2 997312
3 997376
7 997440
1 997504
0 997568
0 997632
10 997696
10 997760
6 997824
8 997888
7 997952
6 998016
1 998080
6 998144
4 998208
8 998272
1 998336
9 998400
10 998464
8 998528
0 998592
7 998656
7 998720
0 998784
4 998848
6 998912
0 998976
5 999040
6 999104
8 999168
10 999232
10 999296
7 999360
6 999424
1 999488
1 999552
2 999616
4 999680
9 999744
1 999808
2 999872
5 999936
6 1000000
10 1000064
5 1000128
2 1000192
3 1000256
7 1000320
3 1000384
4 1000448
1 1000512
5 1000576
10 1000640
1 1000704
7 1000768
7 1000832
3 1000896
4 1000960
5 1001024
4 1001088
7 1001152
5 1001216
7 1001280
4 1001344
9 1001408
4 1001472
9 1001536
0 1001600
2 1001664
2 1001728
8 1001792
4 1001856
0 1001920
3 1001984
5 1002048
9 1002112
5 1002176
4 1002240
4 1002304
2 1002368
9 1002432
10 1002496
4 1002560
7 1002624
7 1002688
10 1002752
4 1002816
2 1002880
2 1002944
2 1003008
9 1003072
4 1003136
6 1003200
4 1003264
10 1003328
3 1003392
0 1003456
3 1003520
9 1003584
4 1003648
2 1003712
9 1003776
0 1003840
4 1003904
5 1003968
8 1004032
8 1004096
6 1004160
7 1004224
9 1004288
2 1004352
5 1004416
10 1004480
2 1004544
9 1004608
8 1004672
5 1004736
8 1004800
5 1004864
6 1004928
7 1004992
10 1005056
2 1005120
8 1005184
7 1005248
2 1005312
7 1005376
6 1005440
0 1005504
10 1005568
1 1005632
5 1005696
3 1005760
4 1005824
3 1005888
3 1005952
2 1006016
4 1006080
9 1006144
1 1006208
10 1006272
3 1006336
5 1006400
7 1006464
7 1006528
9 1006592
10 1006656
0 1006720
8 1006784
3 1006848
3 1006912
5 1006976
10 1007040
0 1007104
6 1007168
10 1007232
1 1007296
5 1007360
8 1007424
1 1007488
4 1007552
8 1007616
8 1007680
8 1007744
1 1007808
0 1007872
7 1007936
9 1008000
8 1008064
3 1008128
3 1008192
4 1008256
2 1008320
10 1008384
3 1008448
3 1008512
7 1008576
2 1008640
0 1008704
9 1008768
4 1008832
8 1008896
4 1008960
1 1009024
3 1009088
1 1009152
2 1009216
8 1009280
4 1009344
0 1009408
3 1009472
3 1009536
3 1009600
9 1009664
9 1009728
7 1009792
7 1009856
1 1009920
8 1009984
0 1010048
5 1010112
10 1010176
1 1010240
3 1010304
7 1010368
1 1010432
7 1010496
1 1010560
7 1010624
3 1010688
1 1010752
8 1010816
9 1010880
3 1010944
9 1011008
7 1011072
4 1011136
9 1011200
0 1011264
9 1011328
6 1011392
1 1011456
7 1011520
10 1011584
3 1011648
9 1011712
10 1011776
9 1011840
7 1011904
0 1011968
4 1012032
6 1012096
9 1012160
4 1012224
7 1012288
10 1012352
2 1012416
5 1012480
8 1012544
7 1012608
8 1012672
4 1012736
10 1012800
4 1012864
4 1012928
8 1012992
3 1013056
5 1013120
4 1013184
10 1013248
8 1013312
8 1013376
4 1013440
10 1013504
7 1013568
1 1013632
2 1013696
7 1013760
0 1013824
5 1013888
8 1013952
7 1014016
7 1014080
2 1014144
2 1014208
1 1014272
6 1014336
10 1014400
4 1014464
1 1014528
7 1014592
5 1014656
10 1014720
10 1014784
8 1014848
2 1014912
3 1014976
1 1015040
3 1015104
3 1015168
4 1015232
8 1015296
4 1015360
5 1015424
8 1015488
7 1015552
1 1015616
10 1015680
4 1015744
9 1015808
3 1015872
9 1015936
10 1016000
2 1016064
5 1016128
2 1016192
3 1016256
6 1016320
2 1016384
2 1016448
9 1016512
10 1016576
2 1016640
5 1016704
8 1016768
7 1016832
10 1016896
9 1016960
6 1017024
4 1017088
3 1017152
4 1017216
7 1017280
4 1017344
5 1017408
2 1017472
4 1017536
5 1017600
5 1017664
5 1017728
7 1017792
4 1017856
6 1017920
9 1017984
6 1018048
6 1018112
0 1018176
6 1018240
0 1018304
6 1018368
5 1018432
10 1018496
2 1018560
7 1018624
4 1018688
0 1018752
3 1018816
3 1018880
10 1018944
4 1019008
4 1019072
5 1019136
0 1019200
5 1019264
6 1019328
6 1019392
5 1019456
8 1019520
8 1019584
3 1019648
3 1019712
9 1019776
8 1019840
7 1019904
4 1019968
1 1020032
1 1020096
3 1020160
2 1020224
5 1020288
7 1020352
9 1020416
7 1020480
0 1020544
10 1020608
6 1020672
7 1020736
3 1020800
4 1020864
9 1020928
9 1020992
6 1021056
0 1021120
1 1021184
0 1021248
10 1021312
5 1021376
4 1021440
8 1021504
5 1021568
7 1021632
4 1021696
1 1021760
7 1021824
2 1021888
1 1021952
5 1022016
6 1022080
2 1022144
2 1022208
9 1022272
4 1022336
9 1022400
3 1022464
8 1022528
1 1022592
7 1022656
3 1022720
5 1022784
9 1022848
8 1022912
10 1022976
4 1023040
8 1023104
8 1023168
4 1023232
0 1023296
2 1023360
1 1023424
5 1023488
5 1023552
7 1023616
3 1023680
2 1023744
5 1023808
7 1023872
3 1023936
7 1024000
5 1024064
5 1024128
3 1024192
10 1024256
4 1024320
4 1024384
9 1024448
0 1024512
2 1024576
1 1024640
10 1024704
6 1024768
6 1024832
6 1024896
7 1024960
0 1025024
8 1025088
0 1025152
8 1025216
5 1025280
0 1025344
9 1025408
6 1025472
0 1025536
8 1025600
5 1025664
8 1025728
7 1025792
4 1025856
9 1025920
5 1025984
10 1026048
1 1026112
1 1026176
9 1026240
1 1026304
8 1026368
1 1026432
8 1026496
2 1026560
8 1026624
1 1026688
9 1026752
7 1026816
9 1026880
10 1026944
3 1027008
1 1027072
10 1027136
6 1027200
4 1027264
7 1027328
7 1027392
2 1027456
10 1027520
5 1027584
1 1027648
2 1027712
10 1027776
9 1027840
5 1027904
7 1027968
8 1028032
6 1028096
0 1028160
6 1028224
9 1028288
4 1028352
0 1028416
9 1028480
6 1028544
0 1028608
0 1028672
3 1028736
5 1028800
6 1028864
2 1028928
4 1028992
3 1029056
9 1029120
10 1029184
5 1029248
8 1029312
7 1029376
10 1029440
10 1029504
3 1029568
9 1029632
5 1029696
9 1029760
2 1029824
3 1029888
2 1029952
3 1030016
4 1030080
2 1030144
1 1030208
0 1030272
8 1030336
9 1030400
0 1030464
2 1030528
8 1030592
5 1030656
1 1030720
5 1030784
5 1030848
3 1030912
10 1030976
3 1031040
3 1031104
4 1031168
2 1031232
6 1031296
4 1031360
3 1031424
3 1031488
5 1031552
0 1031616
2 1031680
7 1031744
1 1031808
6 1031872
0 1031936
7 1032000
3 1032064
6 1032128
0 1032192
7 1032256
7 1032320
6 1032384
3 1032448
3 1032512
6 1032576
9 1032640
1 1032704
1 1032768
2 1032832
8 1032896
9 1032960
8 1033024
1 1033088
2 1033152
3 1033216
1 1033280
7 1033344
9 1033408
5 1033472
5 1033536
6 1033600
3 1033664
3 1033728
1 1033792
8 1033856
5 1033920
7 1033984
4 1034048
8 1034112
1 1034176
7 1034240
0 1034304
0 1034368
6 1034432
6 1034496
6 1034560
1 1034624
5 1034688
5 1034752
4 1034816
1 1034880
6 1034944
10 1035008
4 1035072
3 1035136
1 1035200
10 1035264
10 1035328
6 1035392
7 1035456
0 1035520
4 1035584
10 1035648
5 1035712
0 1035776
2 1035840
3 1035904
2 1035968
9 1036032
0 1036096
2 1036160
8 1036224
2 1036288
2 1036352
7 1036416
0 1036480
0 1036544
9 1036608
3 1036672
10 1036736
4 1036800
5 1036864
9 1036928
6 1036992
2 1037056
6 1037120
2 1037184
2 1037248
8 1037312
2 1037376
10 1037440
2 1037504
5 1037568
1 1037632
2 1037696
0 1037760
7 1037824
3 1037888
4 1037952
6 1038016
10 1038080
5 1038144
4 1038208
9 1038272
5 1038336
0 1038400
0 1038464
5 1038528
0 1038592
7 1038656
0 1038720
2 1038784
6 1038848
0 1038912
8 1038976
6 1039040
9 1039104
8 1039168
2 1039232
2 1039296
1 1039360
0 1039424
5 1039488
3 1039552
1 1039616
6 1039680
1 1039744
1 1039808
7 1039872
7 1039936
6 1040000
8 1040064
7 1040128
2 1040192
9 1040256
10 1040320
0 1040384
4 1040448
7 1040512
7 1040576
4 1040640
2 1040704
5 1040768
10 1040832
8 1040896
5 1040960
9 1041024
10 1041088
1 1041152
7 1041216
7 1041280
9 1041344
3 1041408
2 1041472
3 1041536
8 1041600
2 1041664
2 1041728
3 1041792
10 1041856
1 1041920
1 1041984
6 1042048
4 1042112
9 1042176
1 1042240
3 1042304
3 1042368
4 1042432
2 1042496
10 1042560
4 1042624
5 1042688
7 1042752
10 1042816
9 1042880
8 1042944
8 1043008
9 1043072
4 1043136
2 1043200
5 1043264
6 1043328
5 1043392
10 1043456
2 1043520
9 1043584
0 1043648
6 1043712
10 1043776
0 1043840
3 1043904
2 1043968
0 1044032
2 1044096
10 1044160
0 1044224
3 1044288
2 1044352
6 1044416
5 1044480
0 1044544
9 1044608
7 1044672
7 1044736
5 1044800
3 1044864
10 1044928
9 1044992
6 1045056
7 1045120
3 1045184
7 1045248
9 1045312
4 1045376
8 1045440
7 1045504
1 1045568
4 1045632
10 1045696
8 1045760
5 1045824
5 1045888
2 1045952
4 1046016
5 1046080
7 1046144
8 1046208
7 1046272
10 1046336
1 1046400
10 1046464
5 1046528
8 1046592
4 1046656
1 1046720
5 1046784
6 1046848
10 1046912
0 1046976
8 1047040
2 1047104
1 1047168
3 1047232
7 1047296
1 1047360
1 1047424
8 1047488
4 1047552
2 1047616
5 1047680
4 1047744
7 1047808
6 1047872
8 1047936
1 1048000
8 1048064
2 1048128
6 1048192
8 1048256
3 1048320
2 1048384
10 1048448
3 1048512
0 1048576
3 1048640
5 1048704
8 1048768
9 1048832
2 1048896
9 1048960
8 1049024
8 1049088
0 1049152
8 1049216
5 1049280
8 1049344
3 1049408
8 1049472
2 1049536
5 1049600
2 1049664
1 1049728
10 1049792
2 1049856
10 1049920
10 1049984
9 1050048
3 1050112
2 1050176
8 1050240
9 1050304
6 1050368
3 1050432
4 1050496
0 1050560
6 1050624
4 1050688
6 1050752
8 1050816
6 1050880
7 1050944
7 1051008
5 1051072
2 1051136
4 1051200
0 1051264
1 1051328
4 1051392
8 1051456
10 1051520
4 1051584
3 1051648
9 1051712
9 1051776
1 1051840
0 1051904
6 1051968
2 1052032
2 1052096
7 1052160
2 1052224
3 1052288
6 1052352
2 1052416
10 1052480
6 1052544
6 1052608
9 1052672
3 1052736
3 1052800
5 1052864
1 1052928
3 1052992
4 1053056
2 1053120
6 1053184
1 1053248
9 1053312
10 1053376
2 1053440
3 1053504
7 1053568
2 1053632
10 1053696
4 1053760
5 1053824
0 1053888
10 1053952
1 1054016
8 1054080
4 1054144
8 1054208
1 1054272
10 1054336
9 1054400
7 1054464
3 1054528
10 1054592
7 1054656
4 1054720
1 1054784
8 1054848
9 1054912
7 1054976
2 1055040
1 1055104
5 1055168
4 1055232
0 1055296
6 1055360
4 1055424
1 1055488
10 1055552
7 1055616
6 1055680
9 1055744
2 1055808
7 1055872
4 1055936
3 1056000
8 1056064
1 1056128
1 1056192
9 1056256
9 1056320
5 1056384
3 1056448
10 1056512
7 1056576
6 1056640
6 1056704
0 1056768
10 1056832
1 1056896
4 1056960
4 1057024
4 1057088
10 1057152
8 1057216
5 1057280
6 1057344
10 1057408
4 1057472
5 1057536
1 1057600
0 1057664
1 1057728
7 1057792
3 1057856
9 1057920
7 1057984
3 1058048
9 1058112
6 1058176
10 1058240
4 1058304
1 1058368
7 1058432
8 1058496
9 1058560
9 1058624
6 1058688
9 1058752
8 1058816
10 1058880
6 1058944
0 1059008
9 1059072
1 1059136
9 1059200
10 1059264
1 1059328
9 1059392
1 1059456
1 1059520
3 1059584
5 1059648
9 1059712
10 1059776
9 1059840
6 1059904
6 1059968
0 1060032
5 1060096
10 1060160
7 1060224
7 1060288
9 1060352
8 1060416
0 1060480
6 1060544
10 1060608
6 1060672
10 1060736
0 1060800
3 1060864
9 1060928
2 1060992
0 1061056
10 1061120
5 1061184
1 1061248
4 1061312
6 1061376
0 1061440
7 1061504
4 1061568
5 1061632
10 1061696
5 1061760
5 1061824
3 1061888
4 1061952
7 1062016
0 1062080
5 1062144
7 1062208
10 1062272
4 1062336
2 1062400
3 1062464
8 1062528
8 1062592
10 1062656
5 1062720
6 1062784
5 1062848
2 1062912
7 1062976
1 1063040
5 1063104
5 1063168
9 1063232
8 1063296
3 1063360
5 1063424
4 1063488
1 1063552
1 1063616
10 1063680
6 1063744
5 1063808
9 1063872
7 1063936
10 1064000
2 1064064
6 1064128
3 1064192
4 1064256
7 1064320
5 1064384
5 1064448
7 1064512
5 1064576
2 1064640
2 1064704
5 1064768
0 1064832
1 1064896
3 1064960
9 1065024
4 1065088
8 1065152
10 1065216
8 1065280
4 1065344
8 1065408
8 1065472
2 1065536
6 1065600
9 1065664
1 1065728
3 1065792
1 1065856
1 1065920
9 1065984
10 1066048
6 1066112
4 1066176
2 1066240
5 1066304
8 1066368
5 1066432
6 1066496
2 1066560
6 1066624
1 1066688
4 1066752
9 1066816
9 1066880
1 1066944
5 1067008
3 1067072
7 1067136
0 1067200
3 1067264
8 1067328
2 1067392
10 1067456
4 1067520
0 1067584
7 1067648
3 1067712
3 1067776
3 1067840
3 1067904
7 1067968
10 1068032
3 1068096
2 1068160
0 1068224
4 1068288
3 1068352
0 1068416
9 1068480
7 1068544
7 1068608
6 1068672
8 1068736
8 1068800
9 1068864
3 1068928
6 1068992
2 1069056
8 1069120
9 1069184
6 1069248
10 1069312
9 1069376
6 1069440
4 1069504
5 1069568
4 1069632
6 1069696
5 1069760
5 1069824
3 1069888
5 1069952
8 1070016
5 1070080
1 1070144
2 1070208
5 1070272
3 1070336
8 1070400
9 1070464
2 1070528
1 1070592
8 1070656
7 1070720
8 1070784
5 1070848
1 1070912
9 1070976
3 1071040
5 1071104
10 1071168
8 1071232
3 1071296
7 1071360
4 1071424
9 1071488
0 1071552
7 1071616
9 1071680
7 1071744
7 1071808
9 1071872
6 1071936
1 1072000
2 1072064
0 1072128
8 1072192
7 1072256
8 1072320
10 1072384
0 1072448
5 1072512
7 1072576
2 1072640
1 1072704
10 1072768
5 1072832
1 1072896
4 1072960
9 1073024
4 1073088
0 1073152
9 1073216
7 1073280
6 1073344
2 1073408
6 1073472
3 1073536
10 1073600
7 1073664
4 1073728
8 1073792
10 1073856
4 1073920
5 1073984
3 1074048
9 1074112
8 1074176
6 1074240
2 1074304
8 1074368
10 1074432
9 1074496
5 1074560
0 1074624
9 1074688
0 1074752
5 1074816
9 1074880
1 1074944
1 1075008
9 1075072
1 1075136
8 1075200
6 1075264
2 1075328
3 1075392
3 1075456
9 1075520
2 1075584
2 1075648
0 1075712
10 1075776
7 1075840
1 1075904
5 1075968
1 1076032
1 1076096
6 1076160
9 1076224
10 1076288
6 1076352
6 1076416
6 1076480
7 1076544
2 1076608
5 1076672
2 1076736
1 1076800
4 1076864
5 1076928
2 1076992
6 1077056
4 1077120
7 1077184
1 1077248
2 1077312
4 1077376
6 1077440
3 1077504
3 1077568
5 1077632
10 1077696
10 1077760
1 1077824
5 1077888
7 1077952
1 1078016
8 1078080
4 1078144
0 1078208
9 1078272
0 1078336
8 1078400
0 1078464
10 1078528
5 1078592
1 1078656
2 1078720
0 1078784
8 1078848
0 1078912
0 1078976
5 1079040
6 1079104
4 1079168
0 1079232
9 1079296
9 1079360
5 1079424
1 1079488
2 1079552
3 1079616
10 1079680
9 1079744
7 1079808
2 1079872
8 1079936
3 1080000
5 1080064
1 1080128
10 1080192
2 1080256
9 1080320
5 1080384
9 1080448
2 1080512
7 1080576
2 1080640
8 1080704
2 1080768
7 1080832
0 1080896
9 1080960
0 1081024
8 1081088
1 1081152
4 1081216
4 1081280
1 1081344
5 1081408
10 1081472
2 1081536
9 1081600
8 1081664
2 1081728
1 1081792
7 1081856
3 1081920
9 1081984
2 1082048
9 1082112
5 1082176
7 1082240
10 1082304
8 1082368
6 1082432
7 1082496
1 1082560
10 1082624
8 1082688
1 1082752
5 1082816
3 1082880
5 1082944
2 1083008
3 1083072
7 1083136
3 1083200
6 1083264
0 1083328
5 1083392
0 1083456
7 1083520
10 1083584
9 1083648
1 1083712
8 1083776
1 1083840
10 1083904
10 1083968
5 1084032
8 1084096
9 1084160
9 1084224
8 1084288
8 1084352
6 1084416
8 1084480
10 1084544
3 1084608
4 1084672
5 1084736
2 1084800
7 1084864
3 1084928
4 1084992
10 1085056
6 1085120
6 1085184
6 1085248
6 1085312
1 1085376
7 1085440
0 1085504
7 1085568
1 1085632
5 1085696
8 1085760
7 1085824
9 1085888
6 1085952
4 1086016
7 1086080
4 1086144
10 1086208
0 1086272
8 1086336
0 1086400
3 1086464
1 1086528
4 1086592
9 1086656
9 1086720
8 1086784
2 1086848
10 1086912
5 1086976
0 1087040
8 1087104
0 1087168
0 1087232
4 1087296
6 1087360
3 1087424
5 1087488
8 1087552
0 1087616
10 1087680
6 1087744
8 1087808
8 1087872
2 1087936
8 1088000
5 1088064
10 1088128
0 1088192
3 1088256
1 1088320
7 1088384
2 1088448
3 1088512
5 1088576
1 1088640
3 1088704
7 1088768
3 1088832
9 1088896
10 1088960
9 1089024
0 1089088
0 1089152
6 1089216
3 1089280
1 1089344
4 1089408
0 1089472
3 1089536
10 1089600
5 1089664
2 1089728
6 1089792
3 1089856
5 1089920
6 1089984
0 1090048
2 1090112
2 1090176
9 1090240
3 1090304
9 1090368
10 1090432
4 1090496
6 1090560
10 1090624
9 1090688
10 1090752
4 1090816
3 1090880
10 1090944
4 1091008
6 1091072
0 1091136
6 1091200
6 1091264
6 1091328
4 1091392
3 1091456
7 1091520
4 1091584
9 1091648
0 1091712
10 1091776
6 1091840
0 1091904
7 1091968
2 1092032
10 1092096
3 1092160
1 1092224
10 1092288
1 1092352
1 1092416
2 1092480
7 1092544
1 1092608
2 1092672
8 1092736
5 1092800
2 1092864
4 1092928
10 1092992
6 1093056
4 1093120
8 1093184
4 1093248
4 1093312
9 1093376
4 1093440
1 1093504
1 1093568
6 1093632
3 1093696
1 1093760
8 1093824
7 1093888
3 1093952
2 1094016
8 1094080
0 1094144
7 1094208
7 1094272
1 1094336
1 1094400
3 1094464
0 1094528
6 1094592
2 1094656
1 1094720
1 1094784
3 1094848
6 1094912
9 1094976
5 1095040
7 1095104
2 1095168
7 1095232
9 1095296
0 1095360
10 1095424
8 1095488
3 1095552
3 1095616
5 1095680
0 1095744
9 1095808
0 1095872
2 1095936
5 1096000
4 1096064
2 1096128
5 1096192
7 1096256
3 1096320
10 1096384
0 1096448
6 1096512
6 1096576
2 1096640
4 1096704
8 1096768
1 1096832
3 1096896
2 1096960
10 1097024
3 1097088
5 1097152
10 1097216
7 1097280
0 1097344
7 1097408
1 1097472
3 1097536
9 1097600
8 1097664
4 1097728
8 1097792
2 1097856
2 1097920
8 1097984
5 1098048
0 1098112
1 1098176
10 1098240
1 1098304
6 1098368
8 1098432
8 1098496
0 1098560
9 1098624
2 1098688
5 1098752
5 1098816
0 1098880
2 1098944
1 1099008
10 1099072
3 1099136
0 1099200
6 1099264
0 1099328
9 1099392
0 1099456
6 1099520
9 1099584
1 1099648
3 1099712
10 1099776
0 1099840
9 1099904
8 1099968
1 1100032
0 1100096
10 1100160
7 1100224
9 1100288
10 1100352
6 1100416
4 1100480
10 1100544
9 1100608
6 1100672
7 1100736
3 1100800
10 1100864
7 1100928
9 1100992
4 1101056
5 1101120
10 1101184
7 1101248
7 1101312
2 1101376
7 1101440
8 1101504
5 1101568
3 1101632
2 1101696
4 1101760
10 1101824
2 1101888
6 1101952
4 1102016
2 1102080
5 1102144
0 1102208
6 1102272
4 1102336
2 1102400
0 1102464
7 1102528
6 1102592
8 1102656
3 1102720
6 1102784
2 1102848
10 1102912
5 1102976
3 1103040
6 1103104
6 1103168
6 1103232
7 1103296
7 1103360
7 1103424
6 1103488
7 1103552
5 1103616
5 1103680
5 1103744
10 1103808
6 1103872
2 1103936
8 1104000
3 1104064
3 1104128
3 1104192
3 1104256
9 1104320
3 1104384
10 1104448
9 1104512
5 1104576
7 1104640
8 1104704
6 1104768
5 1104832
10 1104896
4 1104960
3 1105024
6 1105088
2 1105152
7 1105216
1 1105280
8 1105344
10 1105408
7 1105472
4 1105536
9 1105600
6 1105664
0 1105728
3 1105792
3 1105856
5 1105920
8 1105984
2 1106048
10 1106112
6 1106176
8 1106240
6 1106304
2 1106368
7 1106432
0 1106496
3 1106560
6 1106624
9 1106688
10 1106752
2 1106816
4 1106880
10 1106944
9 1107008
2 1107072
10 1107136
6 1107200
9 1107264
3 1107328
2 1107392
6 1107456
5 1107520
7 1107584
3 1107648
2 1107712
7 1107776
5 1107840
9 1107904
9 1107968
8 1108032
10 1108096
0 1108160
10 1108224
1 1108288
1 1108352
1 1108416
0 1108480
0 1108544
0 1108608
5 1108672
1 1108736
5 1108800
5 1108864
3 1108928
2 1108992
3 1109056
4 1109120
1 1109184
5 1109248
9 1109312
5 1109376
9 1109440
7 1109504
7 1109568
5 1109632
2 1109696
4 1109760
4 1109824
1 1109888
8 1109952
2 1110016
2 1110080
2 1110144
6 1110208
1 1110272
8 1110336
9 1110400
6 1110464
2 1110528
8 1110592
8 1110656
10 1110720
7 1110784
4 1110848
3 1110912
1 1110976
10 1111040
2 1111104
7 1111168
1 1111232
0 1111296
2 1111360
6 1111424
7 1111488
6 1111552
7 1111616
2 1111680
0 1111744
9 1111808
5 1111872
7 1111936
9 1112000
9 1112064
2 1112128
7 1112192
0 1112256
7 1112320
10 1112384
9 1112448
5 1112512
5 1112576
1 1112640
5 1112704
1 1112768
2 1112832
2 1112896
9 1112960
4 1113024
10 1113088
6 1113152
2 1113216
1 1113280
10 1113344
3 1113408
10 1113472
5 1113536
4 1113600
1 1113664
5 1113728
9 1113792
7 1113856
0 1113920
9 1113984
9 1114048
6 1114112
2 1114176
5 1114240
4 1114304
3 1114368
8 1114432
4 1114496
8 1114560
0 1114624
7 1114688
5 1114752
2 1114816
0 1114880
10 1114944
3 1115008
4 1115072
4 1115136
7 1115200
6 1115264
5 1115328
0 1115392
4 1115456
10 1115520
7 1115584
10 1115648
1 1115712
5 1115776
8 1115840
0 1115904
2 1115968
9 1116032
0 1116096
9 1116160
0 1116224
4 1116288
6 1116352
3 1116416
7 1116480
6 1116544
6 1116608
0 1116672
10 1116736
4 1116800
6 1116864
5 1116928
5 1116992
8 1117056
6 1117120
6 1117184
5 1117248
2 1117312
5 1117376
4 1117440
8 1117504
3 1117568
7 1117632
4 1117696
4 1117760
1 1117824
7 1117888
10 1117952
1 1118016
10 1118080
5 1118144
8 1118208
1 1118272
0 1118336
2 1118400
1 1118464
3 1118528
1 1118592
2 1118656
5 1118720
1 1118784
2 1118848
9 1118912
3 1118976
1 1119040
1 1119104
0 1119168
0 1119232
5 1119296
9 1119360
1 1119424
2 1119488
9 1119552
10 1119616
7 1119680
10 1119744
5 1119808
10 1119872
1 1119936
9 1120000
1 1120064
0 1120128
2 1120192
3 1120256
1 1120320
2 1120384
1 1120448
1 1120512
0 1120576
6 1120640
10 1120704
3 1120768
3 1120832
0 1120896
1 1120960
6 1121024
5 1121088
10 1121152
8 1121216
3 1121280
7 1121344
3 1121408
7 1121472
9 1121536
2 1121600
7 1121664
4 1121728
10 1121792
9 1121856
0 1121920
7 1121984
2 1122048
8 1122112
0 1122176
1 1122240
2 1122304
3 1122368
4 1122432
2 1122496
8 1122560
9 1122624
3 1122688
1 1122752
1 1122816
3 1122880
2 1122944
5 1123008
3 1123072
2 1123136
6 1123200
10 1123264
9 1123328
4 1123392
9 1123456
6 1123520
8 1123584
10 1123648
4 1123712
3 1123776
6 1123840
4 1123904
5 1123968
3 1124032
8 1124096
0 1124160
10 1124224
10 1124288
4 1124352
4 1124416
2 1124480
1 1124544
0 1124608
1 1124672
7 1124736
5 1124800
0 1124864
9 1124928
6 1124992
1 1125056
10 1125120
7 1125184
0 1125248
10 1125312
1 1125376
5 1125440
9 1125504
5 1125568
10 1125632
9 1125696
10 1125760
1 1125824
9 1125888
4 1125952
5 1126016
7 1126080
5 1126144
7 1126208
5 1126272
7 1126336
4 1126400
7 1126464
5 1126528
8 1126592
3 1126656
3 1126720
9 1126784
2 1126848
0 1126912
5 1126976
6 1127040
7 1127104
7 1127168
5 1127232
6 1127296
7 1127360
7 1127424
7 1127488
2 1127552
2 1127616
6 1127680
6 1127744
0 1127808
2 1127872
5 1127936
6 1128000
10 1128064
2 1128128
6 1128192
5 1128256
0 1128320
6 1128384
10 1128448
2 1128512
2 1128576
9 1128640
2 1128704
3 1128768
1 1128832
0 1128896
6 1128960
7 1129024
2 1129088
4 1129152
5 1129216
3 1129280
0 1129344
7 1129408
6 1129472
2 1129536
4 1129600
8 1129664
4 1129728
3 1129792
3 1129856
7 1129920
9 1129984
7 1130048
6 1130112
6 1130176
2 1130240
7 1130304
10 1130368
0 1130432
5 1130496
1 1130560
1 1130624
5 1130688
7 1130752
9 1130816
4 1130880
2 1130944
3 1131008
8 1131072
7 1131136
3 1131200
6 1131264
7 1131328
0 1131392
4 1131456
10 1131520
2 1131584
5 1131648
10 1131712
4 1131776
10 1131840
9 1131904
6 1131968
9 1132032
1 1132096
9 1132160
2 1132224
8 1132288
4 1132352
5 1132416
5 1132480
2 1132544
5 1132608
9 1132672
7 1132736
1 1132800
0 1132864
7 1132928
5 1132992
6 1133056
3 1133120
3 1133184
5 1133248
3 1133312
5 1133376
10 1133440
7 1133504
4 1133568
8 1133632
5 1133696
9 1133760
5 1133824
3 1133888
2 1133952
5 1134016
10 1134080
9 1134144
3 1134208
9 1134272
9 1134336
3 1134400
3 1134464
7 1134528
9 1134592
7 1134656
0 1134720
5 1134784
8 1134848
1 1134912
6 1134976
2 1135040
9 1135104
5 1135168
1 1135232
8 1135296
7 1135360
7 1135424
9 1135488
4 1135552
1 1135616
7 1135680
6 1135744
3 1135808
4 1135872
2 1135936
5 1136000
0 1136064
7 1136128
3 1136192
3 1136256
10 1136320
0 1136384
5 1136448
5 1136512
9 1136576
7 1136640
8 1136704
2 1136768
4 1136832
5 1136896
7 1136960
5 1137024
9 1137088
8 1137152
3 1137216
10 1137280
3 1137344
9 1137408
9 1137472
1 1137536
4 1137600
0 1137664
3 1137728
8 1137792
8 1137856
4 1137920
3 1137984
6 1138048
6 1138112
0 1138176
4 1138240
4 1138304
3 1138368
2 1138432
4 1138496
0 1138560
0 1138624
10 1138688
10 1138752
6 1138816
1 1138880
5 1138944
7 1139008
2 1139072
7 1139136
10 1139200
6 1139264
8 1139328
2 1139392
9 1139456
7 1139520
5 1139584
1 1139648
4 1139712
7 1139776
4 1139840
3 1139904
9 1139968
7 1140032
4 1140096
2 1140160
9 1140224
2 1140288
5 1140352
0 1140416
1 1140480
0 1140544
5 1140608
8 1140672
7 1140736
5 1140800
2 1140864
5 1140928
6 1140992
8 1141056
0 1141120
10 1141184
6 1141248
10 1141312
5 1141376
6 1141440
2 1141504
5 1141568
9 1141632
0 1141696
10 1141760
4 1141824
5 1141888
9 1141952
9 1142016
0 1142080
8 1142144
0 1142208
2 1142272
7 1142336
1 1142400
1 1142464
2 1142528
2 1142592
1 1142656
8 1142720
2 1142784
3 1142848
1 1142912
5 1142976
5 1143040
5 1143104
1 1143168
6 1143232
5 1143296
1 1143360
7 1143424
6 1143488
8 1143552
0 1143616
8 1143680
6 1143744
10 1143808
6 1143872
2 1143936
8 1144000
1 1144064
3 1144128
7 1144192
2 1144256
1 1144320
4 1144384
3 1144448
3 1144512
0 1144576
10 1144640
10 1144704
8 1144768
0 1144832
0 1144896
10 1144960
3 1145024
7 1145088
0 1145152
0 1145216
3 1145280
3 1145344
2 1145408
2 1145472
8 1145536
5 1145600
5 1145664
6 1145728
10 1145792
10 1145856
6 1145920
0 1145984
8 1146048
4 1146112
7 1146176
0 1146240
10 1146304
6 1146368
8 1146432
1 1146496
0 1146560
3 1146624
9 1146688
0 1146752
3 1146816
3 1146880
9 1146944
7 1147008
0 1147072
5 1147136
1 1147200
9 1147264
5 1147328
8 1147392
2 1147456
6 1147520
3 1147584
2 1147648
8 1147712
0 1147776
10 1147840
9 1147904
4 1147968
4 1148032
8 1148096
5 1148160
8 1148224
6 1148288
2 1148352
3 1148416
9 1148480
4 1148544
5 1148608
3 1148672
5 1148736
4 1148800
6 1148864
1 1148928
10 1148992
4 1149056
7 1149120
0 1149184
7 1149248
9 1149312
10 1149376
10 1149440
8 1149504
6 1149568
3 1149632
2 1149696
1 1149760
0 1149824
6 1149888
1 1149952
3 1150016
3 1150080
9 1150144
4 1150208
10 1150272
3 1150336
9 1150400
4 1150464
5 1150528
7 1150592
0 1150656
10 1150720
10 1150784
3 1150848
9 1150912
4 1150976
3 1151040
8 1151104
0 1151168
4 1151232
0 1151296
3 1151360
2 1151424
5 1151488
3 1151552
7 1151616
6 1151680
5 1151744
7 1151808
6 1151872
9 1151936
2 1152000
7 1152064
7 1152128
8 1152192
9 1152256
4 1152320
10 1152384
3 1152448
1 1152512
9 1152576
1 1152640
0 1152704
0 1152768
9 1152832
0 1152896
0 1152960
4 1153024
0 1153088
4 1153152
7 1153216
6 1153280
9 1153344
2 1153408
1 1153472
0 1153536
5 1153600
3 1153664
10 1153728
3 1153792
6 1153856
5 1153920
1 1153984
4 1154048
6 1154112
10 1154176
0 1154240
4 1154304
0 1154368
1 1154432
4 1154496
2 1154560
4 1154624
7 1154688
3 1154752
1 1154816
10 1154880
10 1154944
0 1155008
7 1155072
2 1155136
0 1155200
1 1155264
1 1155328
3 1155392
7 1155456
9 1155520
8 1155584
4 1155648
4 1155712
0 1155776
9 1155840
7 1155904
1 1155968
2 1156032
3 1156096
1 1156160
6 1156224
10 1156288
6 1156352
0 1156416
0 1156480
7 1156544
6 1156608
7 1156672
6 1156736
2 1156800
0 1156864
9 1156928
0 1156992
10 1157056
1 1157120
4 1157184
4 1157248
7 1157312
3 1157376
4 1157440
0 1157504
10 1157568
4 1157632
3 1157696
3 1157760
7 1157824
0 1157888
10 1157952
0 1158016
9 1158080
6 1158144
8 1158208
7 1158272
3 1158336
0 1158400
4 1158464
5 1158528
1 1158592
9 1158656
5 1158720
7 1158784
7 1158848
8 1158912
2 1158976
5 1159040
10 1159104
5 1159168
8 1159232
8 1159296
2 1159360
5 1159424
10 1159488
5 1159552
6 1159616
2 1159680
9 1159744
6 1159808
5 1159872
7 1159936
5 1160000
4 1160064
2 1160128
10 1160192
7 1160256
10 1160320
8 1160384
6 1160448
5 1160512
6 1160576
1 1160640
9 1160704
4 1160768
2 1160832
5 1160896
5 1160960
10 1161024
7 1161088
7 1161152
8 1161216
10 1161280
2 1161344
0 1161408
5 1161472
8 1161536
10 1161600
2 1161664
9 1161728
5 1161792
8 1161856
10 1161920
2 1161984
9 1162048
2 1162112
3 1162176
6 1162240
1 1162304
6 1162368
1 1162432
8 1162496
8 1162560
0 1162624
8 1162688
1 1162752
9 1162816
0 1162880
4 1162944
8 1163008
10 1163072
2 1163136
3 1163200
10 1163264
5 1163328
7 1163392
1 1163456
5 1163520
5 1163584
8 1163648
6 1163712
8 1163776
10 1163840
6 1163904
3 1163968
9 1164032
5 1164096
6 1164160
1 1164224
3 1164288
10 1164352
10 1164416
7 1164480
2 1164544
3 1164608
0 1164672
8 1164736
1 1164800
7 1164864
2 1164928
1 1164992
4 1165056
3 1165120
6 1165184
4 1165248
3 1165312
8 1165376
10 1165440
1 1165504
3 1165568
0 1165632
0 1165696
0 1165760
4 1165824
1 1165888
3 1165952
2 1166016
10 1166080
1 1166144
1 1166208
4 1166272
7 1166336
1 1166400
6 1166464
5 1166528
10 1166592
6 1166656
0 1166720
9 1166784
4 1166848
5 1166912
6 1166976
5 1167040
3 1167104
4 1167168
6 1167232
9 1167296
9 1167360
7 1167424
10 1167488
9 1167552
9 1167616
0 1167680
10 1167744
7 1167808
0 1167872
7 1167936
5 1168000
5 1168064
0 1168128
4 1168192
7 1168256
6 1168320
8 1168384
1 1168448
6 1168512
9 1168576
9 1168640
5 1168704
10 1168768
7 1168832
0 1168896
6 1168960
0 1169024
7 1169088
1 1169152
7 1169216
4 1169280
8 1169344
1 1169408
1 1169472
3 1169536
10 1169600
1 1169664
7 1169728
6 1169792
5 1169856
3 1169920
9 1169984
7 1170048
0 1170112
5 1170176
4 1170240
8 1170304
7 1170368
3 1170432
9 1170496
6 1170560
1 1170624
0 1170688
10 1170752
2 1170816
9 1170880
10 1170944
0 1171008
8 1171072
7 1171136
1 1171200
8 1171264
2 1171328
7 1171392
4 1171456
9 1171520
6 1171584
8 1171648
10 1171712
0 1171776
4 1171840
9 1171904
1 1171968
8 1172032
7 1172096
2 1172160
7 1172224
4 1172288
2 1172352
0 1172416
4 1172480
9 1172544
5 1172608
6 1172672
1 1172736
10 1172800
2 1172864
1 1172928
3 1172992
7 1173056
7 1173120
3 1173184
0 1173248
6 1173312
10 1173376
2 1173440
6 1173504
0 1173568
4 1173632
2 1173696
3 1173760
5 1173824
10 1173888
9 1173952
7 1174016
3 1174080
7 1174144
1 1174208
1 1174272
2 1174336
2 1174400
2 1174464
9 1174528
9 1174592
0 1174656
7 1174720
7 1174784
5 1174848
6 1174912
0 1174976
8 1175040
5 1175104
10 1175168
8 1175232
1 1175296
6 1175360
7 1175424
0 1175488
4 1175552
6 1175616
8 1175680
6 1175744
1 1175808
1 1175872
1 1175936
4 1176000
10 1176064
5 1176128
7 1176192
6 1176256
8 1176320
3 1176384
2 1176448
1 1176512
0 1176576
2 1176640
1 1176704
9 1176768
2 1176832
10 1176896
3 1176960
7 1177024
10 1177088
8 1177152
5 1177216
8 1177280
4 1177344
7 1177408
1 1177472
10 1177536
2 1177600
9 1177664
6 1177728
1 1177792
8 1177856
0 1177920
3 1177984
3 1178048
2 1178112
4 1178176
2 1178240
6 1178304
0 1178368
5 1178432
0 1178496
8 1178560
0 1178624
1 1178688
8 1178752
10 1178816
4 1178880
9 1178944
8 1179008
0 1179072
4 1179136
2 1179200
5 1179264
3 1179328
7 1179392
3 1179456
3 1179520
10 1179584
7 1179648
7 1179712
7 1179776
3 1179840
1 1179904
2 1179968
6 1180032
8 1180096
10 1180160
10 1180224
8 1180288
1 1180352
2 1180416
10 1180480
2 1180544
8 1180608
2 1180672
1 1180736
7 1180800
8 1180864
1 1180928
9 1180992
2 1181056
3 1181120
10 1181184
6 1181248
10 1181312
5 1181376
3 1181440
4 1181504
6 1181568
0 1181632
6 1181696
0 1181760
5 1181824
6 1181888
0 1181952
3 1182016
10 1182080
5 1182144
6 1182208
7 1182272
9 1182336
3 1182400
2 1182464
7 1182528
9 1182592
8 1182656
6 1182720
10 1182784
10 1182848
2 1182912
3 1182976
9 1183040
8 1183104
4 1183168
7 1183232
1 1183296
6 1183360
9 1183424
0 1183488
6 1183552
1 1183616
8 1183680
1 1183744
2 1183808
10 1183872
0 1183936
5 1184000
4 1184064
6 1184128
4 1184192
7 1184256
10 1184320
5 1184384
4 1184448
8 1184512
9 1184576
5 1184640
4 1184704
7 1184768
8 1184832
7 1184896
6 1184960
9 1185024
8 1185088
10 1185152
9 1185216
9 1185280
10 1185344
9 1185408
2 1185472
7 1185536
5 1185600
1 1185664
7 1185728
5 1185792
8 1185856
8 1185920
9 1185984
10 1186048
1 1186112
4 1186176
10 1186240
4 1186304
4 1186368
4 1186432
9 1186496
8 1186560
3 1186624
5 1186688
5 1186752
3 1186816
9 1186880
3 1186944
5 1187008
4 1187072
3 1187136
5 1187200
8 1187264
10 1187328
6 1187392
4 1187456
4 1187520
9 1187584
6 1187648
10 1187712
10 1187776
3 1187840
9 1187904
2 1187968
4 1188032
3 1188096
10 1188160
10 1188224
5 1188288
8 1188352
8 1188416
5 1188480
3 1188544
7 1188608
9 1188672
8 1188736
2 1188800
1 1188864
4 1188928
10 1188992
3 1189056
3 1189120
9 1189184
10 1189248
5 1189312
2 1189376
10 1189440
7 1189504
5 1189568
3 1189632
6 1189696
7 1189760
4 1189824
9 1189888
7 1189952
8 1190016
5 1190080
2 1190144
4 1190208
9 1190272
1 1190336
4 1190400
1 1190464
6 1190528
8 1190592
6 1190656
0 1190720
1 1190784
3 1190848
4 1190912
7 1190976
7 1191040
8 1191104
9 1191168
4 1191232
8 1191296
9 1191360
6 1191424
3 1191488
4 1191552
0 1191616
6 1191680
10 1191744
7 1191808
9 1191872
1 1191936
7 1192000
6 1192064
6 1192128
5 1192192
1 1192256
2 1192320
2 1192384
1 1192448
5 1192512
0 1192576
0 1192640
1 1192704
4 1192768
1 1192832
8 1192896
8 1192960
4 1193024
2 1193088
1 1193152
10 1193216
6 1193280
3 1193344
0 1193408
10 1193472
9 1193536
0 1193600
0 1193664
1 1193728
5 1193792
9 1193856
4 1193920
4 1193984
6 1194048
3 1194112
3 1194176
3 1194240
9 1194304
9 1194368
9 1194432
4 1194496
8 1194560
5 1194624
3 1194688
2 1194752
0 1194816
8 1194880
9 1194944
5 1195008
3 1195072
2 1195136
6 1195200
3 1195264
8 1195328
9 1195392
0 1195456
2 1195520
1 1195584
9 1195648
9 1195712
4 1195776
7 1195840
1 1195904
1 1195968
3 1196032
6 1196096
3 1196160
3 1196224
7 1196288
9 1196352
2 1196416
2 1196480
3 1196544
4 1196608
1 1196672
0 1196736
3 1196800
10 1196864
4 1196928
6 1196992
9 1197056
9 1197120
6 1197184
7 1197248
3 1197312
3 1197376
1 1197440
1 1197504
6 1197568
7 1197632
7 1197696
2 1197760
6 1197824
9 1197888
6 1197952
0 1198016
8 1198080
4 1198144
3 1198208
10 1198272
7 1198336
6 1198400
8 1198464
5 1198528
5 1198592
0 1198656
7 1198720
8 1198784
9 1198848
6 1198912
7 1198976
9 1199040
3 1199104
5 1199168
2 1199232
1 1199296
9 1199360
10 1199424
6 1199488
2 1199552
6 1199616
3 1199680
3 1199744
5 1199808
5 1199872
6 1199936
4 1200000
3 1200064
4 1200128
3 1200192
6 1200256
9 1200320
7 1200384
0 1200448
10 1200512
9 1200576
3 1200640
10 1200704
1 1200768
7 1200832
0 1200896
6 1200960
9 1201024
5 1201088
5 1201152
6 1201216
0 1201280
7 1201344
6 1201408
7 1201472
6 1201536
1 1201600
6 1201664
4 1201728
5 1201792
3 1201856
4 1201920
5 1201984
4 1202048
7 1202112
2 1202176
2 1202240
3 1202304
9 1202368
10 1202432
8 1202496
9 1202560
8 1202624
3 1202688
0 1202752
6 1202816
5 1202880
0 1202944
3 1203008
1 1203072
2 1203136
1 1203200
9 1203264
8 1203328
0 1203392
4 1203456
1 1203520
8 1203584
4 1203648
7 1203712
2 1203776
4 1203840
2 1203904
6 1203968
4 1204032
2 1204096
3 1204160
6 1204224
4 1204288
2 1204352
8 1204416
1 1204480
3 1204544
1 1204608
9 1204672
0 1204736
9 1204800
10 1204864
2 1204928
4 1204992
8 1205056
7 1205120
6 1205184
2 1205248
3 1205312
0 1205376
3 1205440
9 1205504
1 1205568
1 1205632
1 1205696
4 1205760
2 1205824
8 1205888
1 1205952
7 1206016
8 1206080
5 1206144
2 1206208
2 1206272
8 1206336
2 1206400
3 1206464
0 1206528
5 1206592
2 1206656
4 1206720
8 1206784
0 1206848
8 1206912
8 1206976
0 1207040
6 1207104
2 1207168
2 1207232
0 1207296
7 1207360
2 1207424
2 1207488
3 1207552
9 1207616
5 1207680
9 1207744
4 1207808
7 1207872
3 1207936
7 1208000
2 1208064
1 1208128
3 1208192
2 1208256
10 1208320
9 1208384
0 1208448
1 1208512
6 1208576
2 1208640
0 1208704
4 1208768
7 1208832
8 1208896
7 1208960
10 1209024
6 1209088
8 1209152
8 1209216
6 1209280
8 1209344
7 1209408
10 1209472
8 1209536
5 1209600
9 1209664
9 1209728
6 1209792
4 1209856
8 1209920
6 1209984
2 1210048
8 1210112
7 1210176
2 1210240
0 1210304
3 1210368
1 1210432
9 1210496
5 1210560
4 1210624
1 1210688
9 1210752
6 1210816
6 1210880
6 1210944
4 1211008
5 1211072
0 1211136
5 1211200
7 1211264
3 1211328
0 1211392
3 1211456
6 1211520
10 1211584
2 1211648
7 1211712
9 1211776
2 1211840
10 1211904
4 1211968
6 1212032
3 1212096
2 1212160
0 1212224
3 1212288
7 1212352
4 1212416
7 1212480
6 1212544
7 1212608
7 1212672
5 1212736
3 1212800
7 1212864
2 1212928
6 1212992
0 1213056
3 1213120
2 1213184
10 1213248
1 1213312
4 1213376
5 1213440
0 1213504
5 1213568
7 1213632
6 1213696
10 1213760
6 1213824
1 1213888
9 1213952
4 1214016
5 1214080
8 1214144
8 1214208
7 1214272
0 1214336
7 1214400
1 1214464
5 1214528
5 1214592
3 1214656
4 1214720
8 1214784
2 1214848
0 1214912
1 1214976
2 1215040
8 1215104
4 1215168
0 1215232
0 1215296
8 1215360
3 1215424
10 1215488
8 1215552
5 1215616
0 1215680
7 1215744
6 1215808
5 1215872
9 1215936
7 1216000
5 1216064
9 1216128
5 1216192
4 1216256
5 1216320
0 1216384
8 1216448
9 1216512
1 1216576
7 1216640
7 1216704
6 1216768
8 1216832
0 1216896
10 1216960
8 1217024
9 1217088
8 1217152
1 1217216
2 1217280
6 1217344
5 1217408
10 1217472
7 1217536
10 1217600
4 1217664
2 1217728
2 1217792
3 1217856
1 1217920
9 1217984
6 1218048
4 1218112
6 1218176
3 1218240
0 1218304
0 1218368
4 1218432
0 1218496
2 1218560
3 1218624
6 1218688
9 1218752
3 1218816
6 1218880
2 1218944
6 1219008
8 1219072
9 1219136
4 1219200
3 1219264
0 1219328
1 1219392
2 1219456
0 1219520
4 1219584
7 1219648
1 1219712
3 1219776
7 1219840
2 1219904
10 1219968
7 1220032
1 1220096
1 1220160
10 1220224
7 1220288
5 1220352
9 1220416
5 1220480
7 1220544
4 1220608
9 1220672
8 1220736
8 1220800
5 1220864
10 1220928
10 1220992
5 1221056
8 1221120
2 1221184
10 1221248
10 1221312
9 1221376
8 1221440
10 1221504
4 1221568
9 1221632
3 1221696
3 1221760
0 1221824
6 1221888
7 1221952
4 1222016
5 1222080
8 1222144
4 1222208
7 1222272
6 1222336
0 1222400
9 1222464
4 1222528
4 1222592
1 1222656
2 1222720
8 1222784
3 1222848
3 1222912
3 1222976
7 1223040
2 1223104
1 1223168
8 1223232
8 1223296
5 1223360
6 1223424
6 1223488
6 1223552
9 1223616
5 1223680
4 1223744
1 1223808
3 1223872
2 1223936
9 1224000
7 1224064
10 1224128
1 1224192
5 1224256
0 1224320
6 1224384
6 1224448
6 1224512
2 1224576
6 1224640
7 1224704
0 1224768
5 1224832
5 1224896
1 1224960
4 1225024
3 1225088
7 1225152
7 1225216
6 1225280
9 1225344
3 1225408
6 1225472
6 1225536
3 1225600
4 1225664
3 1225728
9 1225792
2 1225856
5 1225920
2 1225984
9 1226048
5 1226112
9 1226176
6 1226240
1 1226304
1 1226368
1 1226432
1 1226496
0 1226560
2 1226624
8 1226688
6 1226752
7 1226816
1 1226880
10 1226944
2 1227008
0 1227072
0 1227136
7 1227200
2 1227264
0 1227328
2 1227392
4 1227456
5 1227520
10 1227584
10 1227648
5 1227712
10 1227776
9 1227840
1 1227904
0 1227968
2 1228032
4 1228096
5 1228160
1 1228224
0 1228288
9 1228352
1 1228416
0 1228480
9 1228544
0 1228608
3 1228672
2 1228736
6 1228800
7 1228864
1 1228928
4 1228992
9 1229056
4 1229120
9 1229184
8 1229248
1 1229312
9 1229376
4 1229440
2 1229504
1 1229568
7 1229632
9 1229696
4 1229760
2 1229824
10 1229888
8 1229952
1 1230016
7 1230080
9 1230144
3 1230208
4 1230272
0 1230336
6 1230400
5 1230464
10 1230528
2 1230592
7 1230656
7 1230720
5 1230784
8 1230848
4 1230912
4 1230976
10 1231040
6 1231104
6 1231168
3 1231232
4 1231296
10 1231360
5 1231424
3 1231488
3 1231552
7 1231616
2 1231680
2 1231744
0 1231808
1 1231872
0 1231936
9 1232000
1 1232064
2 1232128
1 1232192
7 1232256
2 1232320
2 1232384
1 1232448
4 1232512
5 1232576
5 1232640
9 1232704
3 1232768
7 1232832
6 1232896
6 1232960
1 1233024
10 1233088
10 1233152
10 1233216
8 1233280
9 1233344
4 1233408
3 1233472
7 1233536
10 1233600
0 1233664
5 1233728
2 1233792
6 1233856
3 1233920
5 1233984
1 1234048
0 1234112
0 1234176
4 1234240
6 1234304
2 1234368
7 1234432
7 1234496
10 1234560
6 1234624
5 1234688
7 1234752
2 1234816
5 1234880
6 1234944
10 1235008
5 1235072
9 1235136
2 1235200
0 1235264
2 1235328
4 1235392
6 1235456
1 1235520
7 1235584
5 1235648
2 1235712
0 1235776
2 1235840
3 1235904
8 1235968
9 1236032
7 1236096
4 1236160
3 1236224
2 1236288
6 1236352
0 1236416
0 1236480
10 1236544
5 1236608
5 1236672
9 1236736
5 1236800
5 1236864
0 1236928
1 1236992
7 1237056
8 1237120
3 1237184
3 1237248
2 1237312
5 1237376
10 1237440
10 1237504
8 1237568
4 1237632
8 1237696
6 1237760
8 1237824
9 1237888
9 1237952
9 1238016
3 1238080
6 1238144
0 1238208
7 1238272
9 1238336
8 1238400
4 1238464
8 1238528
7 1238592
0 1238656
4 1238720
5 1238784
0 1238848
6 1238912
9 1238976
10 1239040
1 1239104
7 1239168
6 1239232
7 1239296
9 1239360
9 1239424
3 1239488
5 1239552
9 1239616
3 1239680
7 1239744
4 1239808
4 1239872
10 1239936
0 1240000
3 1240064
10 1240128
9 1240192
4 1240256
6 1240320
4 1240384
0 1240448
8 1240512
3 1240576
0 1240640
3 1240704
7 1240768
3 1240832
6 1240896
0 1240960
6 1241024
0 1241088
1 1241152
4 1241216
8 1241280
8 1241344
6 1241408
0 1241472
8 1241536
10 1241600
4 1241664
9 1241728
10 1241792
0 1241856
7 1241920
9 1241984
3 1242048
8 1242112
10 1242176
8 1242240
4 1242304
1 1242368
3 1242432
6 1242496
8 1242560
5 1242624
2 1242688
8 1242752
10 1242816
3 1242880
0 1242944
10 1243008
6 1243072
1 1243136
5 1243200
10 1243264
3 1243328
7 1243392
0 1243456
1 1243520
2 1243584
4 1243648
2 1243712
10 1243776
4 1243840
10 1243904
4 1243968
6 1244032
2 1244096
6 1244160
3 1244224
2 1244288
5 1244352
1 1244416
4 1244480
4 1244544
8 1244608
8 1244672
10 1244736
1 1244800
1 1244864
2 1244928
1 1244992
0 1245056
3 1245120
1 1245184
4 1245248
2 1245312
1 1245376
7 1245440
5 1245504
1 1245568
8 1245632
8 1245696
7 1245760
8 1245824
1 1245888
7 1245952
10 1246016
9 1246080
4 1246144
1 1246208
5 1246272
1 1246336
5 1246400
2 1246464
6 1246528
3 1246592
8 1246656
4 1246720
0 1246784
9 1246848
1 1246912
1 1246976
2 1247040
2 1247104
5 1247168
2 1247232
8 1247296
8 1247360
3 1247424
7 1247488
10 1247552
5 1247616
0 1247680
5 1247744
6 1247808
6 1247872
1 1247936
8 1248000
6 1248064
3 1248128
2 1248192
3 1248256
9 1248320
10 1248384
7 1248448
9 1248512
1 1248576
3 1248640
10 1248704
7 1248768
8 1248832
7 1248896
6 1248960
5 1249024
10 1249088
5 1249152
3 1249216
0 1249280
0 1249344
7 1249408
3 1249472
0 1249536
9 1249600
5 1249664
0 1249728
10 1249792
5 1249856
10 1249920
5 1249984
6 1250048
0 1250112
5 1250176
7 1250240
1 1250304
2 1250368
1 1250432
9 1250496
8 1250560
8 1250624
1 1250688
9 1250752
2 1250816
7 1250880
7 1250944
8 1251008
8 1251072
5 1251136
1 1251200
9 1251264
0 1251328
10 1251392
5 1251456
3 1251520
4 1251584
8 1251648
6 1251712
4 1251776
0 1251840
1 1251904
0 1251968
4 1252032
10 1252096
2 1252160
4 1252224
6 1252288
2 1252352
4 1252416
5 1252480
6 1252544
1 1252608
8 1252672
5 1252736
1 1252800
7 1252864
4 1252928
4 1252992
6 1253056
0 1253120
0 1253184
4 1253248
5 1253312
2 1253376
1 1253440
2 1253504
8 1253568
9 1253632
9 1253696
1 1253760
5 1253824
1 1253888
1 1253952
4 1254016
5 1254080
5 1254144
1 1254208
2 1254272
9 1254336
3 1254400
9 1254464
1 1254528
3 1254592
0 1254656
4 1254720
4 1254784
8 1254848
8 1254912
1 1254976
8 1255040
9 1255104
8 1255168
4 1255232
8 1255296
10 1255360
4 1255424
1 1255488
6 1255552
0 1255616
4 1255680
6 1255744
1 1255808
10 1255872
5 1255936
4 1256000
0 1256064
2 1256128
1 1256192
1 1256256
9 1256320
0 1256384
1 1256448
7 1256512
0 1256576
7 1256640
5 1256704
6 1256768
8 1256832
1 1256896
4 1256960
2 1257024
9 1257088
8 1257152
3 1257216
1 1257280
5 1257344
2 1257408
2 1257472
10 1257536
9 1257600
1 1257664
10 1257728
0 1257792
7 1257856
3 1257920
2 1257984
2 1258048
10 1258112
8 1258176
3 1258240
6 1258304
0 1258368
10 1258432
8 1258496
4 1258560
9 1258624
3 1258688
7 1258752
8 1258816
3 1258880
0 1258944
6 1259008
3 1259072
9 1259136
10 1259200
6 1259264
3 1259328
8 1259392
4 1259456
5 1259520
2 1259584
6 1259648
9 1259712
6 1259776
9 1259840
4 1259904
4 1259968
3 1260032
9 1260096
1 1260160
6 1260224
4 1260288
10 1260352
9 1260416
7 1260480
0 1260544
1 1260608
6 1260672
9 1260736
3 1260800
4 1260864
2 1260928
9 1260992
2 1261056
10 1261120
9 1261184
1 1261248
10 1261312
3 1261376
2 1261440
0 1261504
3 1261568
3 1261632
0 1261696
1 1261760
10 1261824
6 1261888
2 1261952
3 1262016
4 1262080
1 1262144
9 1262208
0 1262272
10 1262336
3 1262400
1 1262464
0 1262528
6 1262592
1 1262656
5 1262720
3 1262784
7 1262848
2 1262912
2 1262976
10 1263040
1 1263104
5 1263168
5 1263232
6 1263296
6 1263360
10 1263424
8 1263488
10 1263552
4 1263616
7 1263680
10 1263744
3 1263808
10 1263872
2 1263936
3 1264000
6 1264064
5 1264128
3 1264192
10 1264256
10 1264320
3 1264384
7 1264448
7 1264512
4 1264576
6 1264640
0 1264704
4 1264768
0 1264832
6 1264896
7 1264960
2 1265024
0 1265088
0 1265152
7 1265216
8 1265280
4 1265344
3 1265408
6 1265472
1 1265536
4 1265600
2 1265664
4 1265728
4 1265792
2 1265856
6 1265920
0 1265984
7 1266048
8 1266112
1 1266176
9 1266240
7 1266304
5 1266368
4 1266432
10 1266496
3 1266560
7 1266624
3 1266688
4 1266752
7 1266816
6 1266880
4 1266944
2 1267008
7 1267072
3 1267136
7 1267200
2 1267264
0 1267328
3 1267392
10 1267456
7 1267520
6 1267584
3 1267648
8 1267712
8 1267776
10 1267840
2 1267904
1 1267968
4 1268032
5 1268096
8 1268160
4 1268224
1 1268288
4 1268352
10 1268416
8 1268480
4 1268544
6 1268608
0 1268672
1 1268736
9 1268800
1 1268864
3 1268928
4 1268992
4 1269056
3 1269120
10 1269184
8 1269248
9 1269312
9 1269376
8 1269440
2 1269504
10 1269568
7 1269632
8 1269696
0 1269760
2 1269824
0 1269888
5 1269952
8 1270016
6 1270080
9 1270144
5 1270208
0 1270272
7 1270336
3 1270400
2 1270464
1 1270528
4 1270592
6 1270656
4 1270720
4 1270784
9 1270848
3 1270912
10 1270976
6 1271040
10 1271104
9 1271168
9 1271232
9 1271296
5 1271360
1 1271424
6 1271488
7 1271552
9 1271616
3 1271680
3 1271744
5 1271808
0 1271872
5 1271936
5 1272000
7 1272064
3 1272128
8 1272192
5 1272256
7 1272320
3 1272384
6 1272448
8 1272512
0 1272576
1 1272640
1 1272704
9 1272768
2 1272832
3 1272896
6 1272960
0 1273024
3 1273088
7 1273152
6 1273216
8 1273280
1 1273344
1 1273408
10 1273472
8 1273536
7 1273600
2 1273664
3 1273728
3 1273792
3 1273856
5 1273920
1 1273984
0 1274048
4 1274112
0 1274176
9 1274240
6 1274304
1 1274368
4 1274432
10 1274496
9 1274560
7 1274624
3 1274688
1 1274752
5 1274816
3 1274880
9 1274944
1 1275008
1 1275072
4 1275136
9 1275200
8 1275264
10 1275328
3 1275392
0 1275456
7 1275520
4 1275584
8 1275648
2 1275712
10 1275776
0 1275840
7 1275904
3 1275968
6 1276032
5 1276096
1 1276160
1 1276224
8 1276288
9 1276352
3 1276416
9 1276480
4 1276544
0 1276608
6 1276672
5 1276736
5 1276800
7 1276864
8 1276928
2 1276992
0 1277056
1 1277120
10 1277184
9 1277248
0 1277312
10 1277376
4 1277440
3 1277504
2 1277568
2 1277632
3 1277696
0 1277760
2 1277824
3 1277888
3 1277952
3 1278016
2 1278080
4 1278144
7 1278208
0 1278272
10 1278336
7 1278400
3 1278464
9 1278528
2 1278592
0 1278656
1 1278720
3 1278784
5 1278848
10 1278912
4 1278976
10 1279040
6 1279104
2 1279168
1 1279232
2 1279296
7 1279360
6 1279424
0 1279488
2 1279552
5 1279616
0 1279680
8 1279744
2 1279808
10 1279872
6 1279936
1 1280000
1 1280064
2 1280128
3 1280192
1 1280256
2 1280320
6 1280384
1 1280448
6 1280512
3 1280576
2 1280640
4 1280704
8 1280768
8 1280832
10 1280896
8 1280960
9 1281024
9 1281088
5 1281152
7 1281216
2 1281280
9 1281344
8 1281408
10 1281472
9 1281536
3 1281600
7 1281664
6 1281728
2 1281792
9 1281856
7 1281920
4 1281984
5 1282048
4 1282112
9 1282176
3 1282240
0 1282304
3 1282368
6 1282432
4 1282496
6 1282560
8 1282624
7 1282688
1 1282752
9 1282816
1 1282880
2 1282944
0 1283008
3 1283072
8 1283136
1 1283200
8 1283264
7 1283328
6 1283392
10 1283456
9 1283520
2 1283584
0 1283648
8 1283712
2 1283776
8 1283840
3 1283904
2 1283968
3 1284032
0 1284096
8 1284160
9 1284224
8 1284288
1 1284352
3 1284416
8 1284480
8 1284544
1 1284608
5 1284672
8 1284736
8 1284800
1 1284864
4 1284928
4 1284992
5 1285056
8 1285120
2 1285184
2 1285248
0 1285312
6 1285376
7 1285440
3 1285504
2 1285568
3 1285632
10 1285696
1 1285760
8 1285824
2 1285888
9 1285952
7 1286016
1 1286080
6 1286144
10 1286208
8 1286272
1 1286336
5 1286400
7 1286464
2 1286528
10 1286592
4 1286656
5 1286720
0 1286784
0 1286848
0 1286912
0 1286976
10 1287040
0 1287104
0 1287168
1 1287232
5 1287296
2 1287360
10 1287424
9 1287488
1 1287552
1 1287616
3 1287680
7 1287744
1 1287808
7 1287872
8 1287936
10 1288000
5 1288064
0 1288128
10 1288192
9 1288256
0 1288320
2 1288384
5 1288448
5 1288512
6 1288576
10 1288640
1 1288704
8 1288768
10 1288832
4 1288896
4 1288960
4 1289024
2 1289088
1 1289152
8 1289216
2 1289280
9 1289344
10 1289408
9 1289472
8 1289536
7 1289600
4 1289664
7 1289728
8 1289792
1 1289856
2 1289920
2 1289984
4 1290048
8 1290112
9 1290176
0 1290240
5 1290304
6 1290368
7 1290432
0 1290496
8 1290560
6 1290624
7 1290688
0 1290752
0 1290816
9 1290880
0 1290944
0 1291008
10 1291072
4 1291136
3 1291200
6 1291264
5 1291328
10 1291392
5 1291456
1 1291520
5 1291584
8 1291648
4 1291712
8 1291776
2 1291840
6 1291904
6 1291968
9 1292032
1 1292096
3 1292160
6 1292224
2 1292288
4 1292352
8 1292416
3 1292480
5 1292544
5 1292608
10 1292672
0 1292736
5 1292800
4 1292864
2 1292928
9 1292992
6 1293056
0 1293120
8 1293184
0 1293248
10 1293312
7 1293376
0 1293440
6 1293504
3 1293568
3 1293632
6 1293696
9 1293760
9 1293824
8 1293888
7 1293952
9 1294016
5 1294080
0 1294144
9 1294208
10 1294272
8 1294336
2 1294400
2 1294464
1 1294528
0 1294592
4 1294656
0 1294720
1 1294784
6 1294848
4 1294912
8 1294976
1 1295040
8 1295104
8 1295168
0 1295232
4 1295296
10 1295360
4 1295424
10 1295488
2 1295552
8 1295616
7 1295680
7 1295744
3 1295808
8 1295872
3 1295936
6 1296000
3 1296064
8 1296128
10 1296192
1 1296256
6 1296320
4 1296384
3 1296448
2 1296512
10 1296576
1 1296640
2 1296704
6 1296768
9 1296832
10 1296896
4 1296960
2 1297024
8 1297088
9 1297152
10 1297216
10 1297280
10 1297344
4 1297408
6 1297472
4 1297536
2 1297600
0 1297664
3 1297728
6 1297792
2 1297856
5 1297920
8 1297984
6 1298048
3 1298112
1 1298176
4 1298240
4 1298304
1 1298368
7 1298432
0 1298496
6 1298560
4 1298624
10 1298688
6 1298752
2 1298816
5 1298880
5 1298944
4 1299008
0 1299072
2 1299136
6 1299200
3 1299264
10 1299328
5 1299392
5 1299456
8 1299520
10 1299584
2 1299648
4 1299712
3 1299776
0 1299840
10 1299904
1 1299968
7 1300032
6 1300096
4 1300160
6 1300224
4 1300288
4 1300352
8 1300416
9 1300480
8 1300544
8 1300608
0 1300672
3 1300736
1 1300800
5 1300864
3 1300928
8 1300992
8 1301056
8 1301120
2 1301184
4 1301248
5 1301312
2 1301376
7 1301440
9 1301504
0 1301568
10 1301632
5 1301696
0 1301760
4 1301824
10 1301888
10 1301952
0 1302016
4 1302080
3 1302144
3 1302208
3 1302272
3 1302336
5 1302400
3 1302464
8 1302528
4 1302592
9 1302656
5 1302720
1 1302784
6 1302848
3 1302912
2 1302976
1 1303040
1 1303104
1 1303168
9 1303232
7 1303296
8 1303360
7 1303424
1 1303488
8 1303552
0 1303616
9 1303680
3 1303744
3 1303808
9 1303872
1 1303936
10 1304000
10 1304064
3 1304128
7 1304192
3 1304256
2 1304320
6 1304384
10 1304448
5 1304512
3 1304576
0 1304640
6 1304704
0 1304768
1 1304832
1 1304896
9 1304960
8 1305024
7 1305088
5 1305152
6 1305216
1 1305280
7 1305344
8 1305408
6 1305472
8 1305536
8 1305600
0 1305664
0 1305728
2 1305792
3 1305856
0 1305920
0 1305984
9 1306048
1 1306112
5 1306176
6 1306240
1 1306304
8 1306368
2 1306432
9 1306496
8 1306560
0 1306624
3 1306688
6 1306752
5 1306816
7 1306880
10 1306944
7 1307008
4 1307072
4 1307136
9 1307200
1 1307264
6 1307328
0 1307392
9 1307456
10 1307520
3 1307584
6 1307648
5 1307712
9 1307776
5 1307840
2 1307904
0 1307968
1 1308032
4 1308096
9 1308160
1 1308224
1 1308288
8 1308352
10 1308416
9 1308480
4 1308544
1 1308608
8 1308672
4 1308736
3 1308800
3 1308864
6 1308928
8 1308992
7 1309056
5 1309120
0 1309184
9 1309248
2 1309312
6 1309376
3 1309440
2 1309504
2 1309568
3 1309632
9 1309696
9 1309760
8 1309824
2 1309888
1 1309952
3 1310016
7 1310080
4 1310144
5 1310208
5 1310272
6 1310336
1 1310400
1 1310464
4 1310528
0 1310592
4 1310656
2 1310720
8 1310784
8 1310848
6 1310912
0 1310976
5 1311040
10 1311104
0 1311168
5 1311232
3 1311296
7 1311360
6 1311424
6 1311488
6 1311552
0 1311616
8 1311680
1 1311744
1 1311808
2 1311872
6 1311936
0 1312000
0 1312064
3 1312128
0 1312192
8 1312256
3 1312320
5 1312384
6 1312448
6 1312512
9 1312576
1 1312640
0 1312704
6 1312768
2 1312832
10 1312896
7 1312960
1 1313024
5 1313088
3 1313152
1 1313216
2 1313280
3 1313344
4 1313408
5 1313472
5 1313536
0 1313600
6 1313664
8 1313728
8 1313792
2 1313856
6 1313920
9 1313984
1 1314048
7 1314112
10 1314176
7 1314240
6 1314304
8 1314368
10 1314432
2 1314496
9 1314560
3 1314624
8 1314688
4 1314752
4 1314816
0 1314880
1 1314944
3 1315008
4 1315072
8 1315136
0 1315200
8 1315264
7 1315328
3 1315392
5 1315456
4 1315520
3 1315584
7 1315648
10 1315712
8 1315776
8 1315840
2 1315904
6 1315968
0 1316032
3 1316096
3 1316160
10 1316224
5 1316288
9 1316352
1 1316416
0 1316480
1 1316544
10 1316608
5 1316672
7 1316736
0 1316800
9 1316864
0 1316928
8 1316992
5 1317056
9 1317120
9 1317184
1 1317248
4 1317312
4 1317376
9 1317440
2 1317504
0 1317568
7 1317632
4 1317696
9 1317760
2 1317824
6 1317888
9 1317952
9 1318016
9 1318080
10 1318144
6 1318208
9 1318272
9 1318336
6 1318400
10 1318464
4 1318528
8 1318592
10 1318656
9 1318720
9 1318784
10 1318848
10 1318912
7 1318976
1 1319040
8 1319104
4 1319168
2 1319232
8 1319296
5 1319360
9 1319424
6 1319488
10 1319552
9 1319616
3 1319680
2 1319744
5 1319808
9 1319872
1 1319936
4 1320000
0 1320064
8 1320128
4 1320192
9 1320256
9 1320320
3 1320384
2 1320448
3 1320512
1 1320576
2 1320640
3 1320704
4 1320768
2 1320832
6 1320896
6 1320960
9 1321024
8 1321088
0 1321152
6 1321216
9 1321280
0 1321344
8 1321408
7 1321472
2 1321536
6 1321600
10 1321664
1 1321728
7 1321792
6 1321856
0 1321920
10 1321984
7 1322048
2 1322112
3 1322176
4 1322240
8 1322304
3 1322368
8 1322432
9 1322496
3 1322560
5 1322624
10 1322688
10 1322752
9 1322816
5 1322880
10 1322944
3 1323008
8 1323072
2 1323136
10 1323200
8 1323264
0 1323328
4 1323392
0 1323456
5 1323520
6 1323584
10 1323648
1 1323712
2 1323776
9 1323840
9 1323904
6 1323968
5 1324032
0 1324096
8 1324160
2 1324224
6 1324288
9 1324352
5 1324416
8 1324480
10 1324544
2 1324608
6 1324672
10 1324736
4 1324800
1 1324864
8 1324928
6 1324992
9 1325056
6 1325120
5 1325184
6 1325248
10 1325312
1 1325376
3 1325440
0 1325504
8 1325568
7 1325632
6 1325696
1 1325760
10 1325824
10 1325888
2 1325952
3 1326016
8 1326080
5 1326144
9 1326208
5 1326272
1 1326336
4 1326400
3 1326464
4 1326528
6 1326592
8 1326656
2 1326720
3 1326784
9 1326848
4 1326912
8 1326976
4 1327040
10 1327104
0 1327168
0 1327232
2 1327296
7 1327360
3 1327424
0 1327488
0 1327552
10 1327616
8 1327680
6 1327744
9 1327808
6 1327872
6 1327936
1 1328000
0 1328064
1 1328128
6 1328192
8 1328256
3 1328320
1 1328384
1 1328448
10 1328512
3 1328576
9 1328640
5 1328704
0 1328768
0 1328832
1 1328896
6 1328960
8 1329024
0 1329088
9 1329152
10 1329216
4 1329280
1 1329344
4 1329408
10 1329472
9 1329536
1 1329600
5 1329664
0 1329728
7 1329792
6 1329856
2 1329920
10 1329984
8 1330048
3 1330112
9 1330176
7 1330240
10 1330304
6 1330368
10 1330432
2 1330496
0 1330560
5 1330624
3 1330688
10 1330752
4 1330816
4 1330880
0 1330944
7 1331008
7 1331072
7 1331136
9 1331200
4 1331264
6 1331328
2 1331392
0 1331456
7 1331520
2 1331584
6 1331648
6 1331712
10 1331776
2 1331840
9 1331904
2 1331968
5 1332032
0 1332096
8 1332160
1 1332224
7 1332288
10 1332352
7 1332416
6 1332480
0 1332544
2 1332608
9 1332672
9 1332736
1 1332800
4 1332864
0 1332928
6 1332992
8 1333056
10 1333120
8 1333184
4 1333248
1 1333312
3 1333376
3 1333440
3 1333504
7 1333568
3 1333632
1 1333696
2 1333760
5 1333824
5 1333888
2 1333952
3 1334016
5 1334080
6 1334144
1 1334208
7 1334272
8 1334336
1 1334400
7 1334464
0 1334528
3 1334592
2 1334656
10 1334720
1 1334784
1 1334848
9 1334912
2 1334976
0 1335040
6 1335104
1 1335168
3 1335232
6 1335296
3 1335360
8 1335424
10 1335488
5 1335552
2 1335616
7 1335680
7 1335744
8 1335808
9 1335872
5 1335936
6 1336000
1 1336064
3 1336128
3 1336192
7 1336256
1 1336320
10 1336384
8 1336448
4 1336512
4 1336576
4 1336640
9 1336704
0 1336768
2 1336832
9 1336896
5 1336960
0 1337024
2 1337088
6 1337152
4 1337216
8 1337280
0 1337344
1 1337408
6 1337472
4 1337536
4 1337600
0 1337664
3 1337728
7 1337792
3 1337856
10 1337920
4 1337984
1 1338048
6 1338112
7 1338176
8 1338240
1 1338304
2 1338368
7 1338432
7 1338496
10 1338560
8 1338624
2 1338688
2 1338752
1 1338816
0 1338880
2 1338944
10 1339008
1 1339072
7 1339136
9 1339200
8 1339264
2 1339328
1 1339392
10 1339456
3 1339520
4 1339584
8 1339648
6 1339712
2 1339776
9 1339840
8 1339904
5 1339968
7 1340032
10 1340096
9 1340160
7 1340224
3 1340288
6 1340352
3 1340416
8 1340480
3 1340544
1 1340608
8 1340672
2 1340736
8 1340800
10 1340864
5 1340928
6 1340992
0 1341056
5 1341120
3 1341184
9 1341248
7 1341312
0 1341376
7 1341440
9 1341504
8 1341568
10 1341632
6 1341696
6 1341760
10 1341824
1 1341888
7 1341952
7 1342016
0 1342080
6 1342144
7 1342208
3 1342272
6 1342336
8 1342400
2 1342464
0 1342528
5 1342592
0 1342656
6 1342720
8 1342784
2 1342848
1 1342912
10 1342976
2 1343040
2 1343104
3 1343168
10 1343232
5 1343296
5 1343360
10 1343424
2 1343488
1 1343552
6 1343616
10 1343680
10 1343744
5 1343808
0 1343872
5 1343936
8 1344000
7 1344064
1 1344128
10 1344192
4 1344256
6 1344320
9 1344384
2 1344448
1 1344512
8 1344576
10 1344640
2 1344704
1 1344768
9 1344832
2 1344896
5 1344960
9 1345024
6 1345088
7 1345152
9 1345216
0 1345280
8 1345344
9 1345408
8 1345472
10 1345536
4 1345600
3 1345664
6 1345728
9 1345792
9 1345856
8 1345920
4 1345984
8 1346048
0 1346112
2 1346176
2 1346240
0 1346304
5 1346368
0 1346432
9 1346496
3 1346560
10 1346624
8 1346688
6 1346752
9 1346816
4 1346880
8 1346944
4 1347008
10 1347072
2 1347136
4 1347200
9 1347264
5 1347328
9 1347392
8 1347456
8 1347520
10 1347584
1 1347648
10 1347712
1 1347776
4 1347840
5 1347904
7 1347968
10 1348032
8 1348096
8 1348160
7 1348224
0 1348288
10 1348352
7 1348416
1 1348480
5 1348544
2 1348608
3 1348672
8 1348736
6 1348800
7 1348864
6 1348928
7 1348992
3 1349056
8 1349120
10 1349184
2 1349248
0 1349312
9 1349376
7 1349440
4 1349504
6 1349568
1 1349632
9 1349696
1 1349760
10 1349824
10 1349888
7 1349952
7 1350016
9 1350080
8 1350144
7 1350208
6 1350272
8 1350336
2 1350400
9 1350464
9 1350528
6 1350592
8 1350656
7 1350720
2 1350784
2 1350848
5 1350912
8 1350976
9 1351040
3 1351104
7 1351168
0 1351232
10 1351296
8 1351360
5 1351424
10 1351488
8 1351552
0 1351616
6 1351680
10 1351744
2 1351808
10 1351872
10 1351936
3 1352000
5 1352064
0 1352128
4 1352192
0 1352256
10 1352320
5 1352384
6 1352448
6 1352512
9 1352576
5 1352640
10 1352704
7 1352768
9 1352832
0 1352896
0 1352960
10 1353024
1 1353088
2 1353152
4 1353216
8 1353280
2 1353344
5 1353408
5 1353472
4 1353536
4 1353600
2 1353664
8 1353728
6 1353792
7 1353856
9 1353920
6 1353984
3 1354048
2 1354112
5 1354176
9 1354240
4 1354304
2 1354368
10 1354432
3 1354496
10 1354560
2 1354624
10 1354688
8 1354752
9 1354816
4 1354880
6 1354944
3 1355008
3 1355072
8 1355136
9 1355200
1 1355264
5 1355328
6 1355392
2 1355456
4 1355520
1 1355584
10 1355648
10 1355712
5 1355776
2 1355840
8 1355904
5 1355968
7 1356032
2 1356096
5 1356160
6 1356224
2 1356288
9 1356352
2 1356416
6 1356480
9 1356544
3 1356608
3 1356672
5 1356736
8 1356800
9 1356864
10 1356928
5 1356992
1 1357056
3 1357120
8 1357184
1 1357248
8 1357312
6 1357376
5 1357440
5 1357504
0 1357568
10 1357632
7 1357696
8 1357760
4 1357824
6 1357888
8 1357952
5 1358016
0 1358080
9 1358144
5 1358208
7 1358272
10 1358336
4 1358400
4 1358464
3 1358528
0 1358592
3 1358656
4 1358720
10 1358784
9 1358848
1 1358912
10 1358976
8 1359040
9 1359104
1 1359168
1 1359232
7 1359296
9 1359360
7 1359424
2 1359488
0 1359552
3 1359616
8 1359680
5 1359744
9 1359808
3 1359872
4 1359936
0 1360000
1 1360064
5 1360128
3 1360192
6 1360256
4 1360320
1 1360384
5 1360448
4 1360512
7 1360576
1 1360640
5 1360704
5 1360768
3 1360832
1 1360896
3 1360960
2 1361024
5 1361088
9 1361152
3 1361216
6 1361280
7 1361344
8 1361408
1 1361472
3 1361536
6 1361600
7 1361664
5 1361728
0 1361792
0 1361856
9 1361920
4 1361984
2 1362048
10 1362112
1 1362176
4 1362240
1 1362304
0 1362368
5 1362432
2 1362496
7 1362560
6 1362624
9 1362688
8 1362752
1 1362816
9 1362880
8 1362944
7 1363008
8 1363072
0 1363136
9 1363200
2 1363264
7 1363328
0 1363392
4 1363456
5 1363520
2 1363584
3 1363648
8 1363712
8 1363776
8 1363840
5 1363904
6 1363968
2 1364032
2 1364096
5 1364160
8 1364224
6 1364288
6 1364352
0 1364416
5 1364480
9 1364544
8 1364608
6 1364672
7 1364736
8 1364800
7 1364864
4 1364928
4 1364992
2 1365056
2 1365120
7 1365184
5 1365248
8 1365312
5 1365376
10 1365440
4 1365504
8 1365568
10 1365632
5 1365696
9 1365760
6 1365824
5 1365888
5 1365952
9 1366016
4 1366080
2 1366144
8 1366208
2 1366272
4 1366336
9 1366400
1 1366464
1 1366528
6 1366592
5 1366656
0 1366720
2 1366784
0 1366848
0 1366912
0 1366976
2 1367040
4 1367104
5 1367168
10 1367232
3 1367296
9 1367360
10 1367424
3 1367488
1 1367552
3 1367616
2 1367680
10 1367744
1 1367808
5 1367872
5 1367936
1 1368000
3 1368064
0 1368128
5 1368192
5 1368256
7 1368320
0 1368384
8 1368448
3 1368512
10 1368576
10 1368640
6 1368704
8 1368768
2 1368832
10 1368896
1 1368960
4 1369024
4 1369088
4 1369152
8 1369216
8 1369280
9 1369344
6 1369408
6 1369472
9 1369536
9 1369600
7 1369664
2 1369728
7 1369792
3 1369856
6 1369920
7 1369984
10 1370048
7 1370112
4 1370176
10 1370240
6 1370304
2 1370368
0 1370432
2 1370496
5 1370560
8 1370624
2 1370688
5 1370752
4 1370816
3 1370880
1 1370944
8 1371008
3 1371072
2 1371136
8 1371200
1 1371264
2 1371328
3 1371392
1 1371456
2 1371520
3 1371584
9 1371648
2 1371712
10 1371776
0 1371840
10 1371904
4 1371968
9 1372032
1 1372096
0 1372160
6 1372224
0 1372288
1 1372352
8 1372416
3 1372480
6 1372544
4 1372608
7 1372672
2 1372736
3 1372800
8 1372864
7 1372928
5 1372992
0 1373056
8 1373120
2 1373184
7 1373248
6 1373312
8 1373376
1 1373440
10 1373504
7 1373568
2 1373632
2 1373696
5 1373760
7 1373824
7 1373888
5 1373952
4 1374016
5 1374080
8 1374144
10 1374208
4 1374272
7 1374336
2 1374400
6 1374464
2 1374528
9 1374592
0 1374656
5 1374720
2 1374784
9 1374848
1 1374912
8 1374976
10 1375040
7 1375104
6 1375168
10 1375232
8 1375296
3 1375360
1 1375424
6 1375488
0 1375552
8 1375616
2 1375680
7 1375744
1 1375808
10 1375872
7 1375936
2 1376000
1 1376064
7 1376128
10 1376192
3 1376256
3 1376320
7 1376384
3 1376448
9 1376512
10 1376576
9 1376640
2 1376704
0 1376768
5 1376832
2 1376896
2 1376960
2 1377024
9 1377088
9 1377152
9 1377216
3 1377280
6 1377344
2 1377408
1 1377472
6 1377536
5 1377600
10 1377664
9 1377728
1 1377792
10 1377856
4 1377920
3 1377984
8 1378048
8 1378112
2 1378176
3 1378240
2 1378304
5 1378368
10 1378432
5 1378496
3 1378560
9 1378624
8 1378688
3 1378752
5 1378816
8 1378880
4 1378944
4 1379008
6 1379072
1 1379136
7 1379200
10 1379264
7 1379328
7 1379392
3 1379456
2 1379520
6 1379584
4 1379648
3 1379712
0 1379776
9 1379840
5 1379904
4 1379968
4 1380032
9 1380096
7 1380160
9 1380224
1 1380288
2 1380352
7 1380416
9 1380480
9 1380544
7 1380608
0 1380672
2 1380736
9 1380800
2 1380864
7 1380928
1 1380992
2 1381056
0 1381120
5 1381184
3 1381248
10 1381312
9 1381376
7 1381440
8 1381504
7 1381568
1 1381632
3 1381696
7 1381760
5 1381824
2 1381888
9 1381952
8 1382016
8 1382080
3 1382144
2 1382208
2 1382272
0 1382336
10 1382400
1 1382464
2 1382528
5 1382592
6 1382656
0 1382720
8 1382784
3 1382848
2 1382912
0 1382976
0 1383040
4 1383104
8 1383168
7 1383232
9 1383296
10 1383360
7 1383424
8 1383488
8 1383552
8 1383616
9 1383680
7 1383744
5 1383808
10 1383872
3 1383936
5 1384000
10 1384064
8 1384128
5 1384192
2 1384256
3 1384320
10 1384384
8 1384448
6 1384512
0 1384576
0 1384640
3 1384704
0 1384768
4 1384832
4 1384896
3 1384960
6 1385024
10 1385088
1 1385152
9 1385216
9 1385280
5 1385344
1 1385408
7 1385472
1 1385536
5 1385600
2 1385664
3 1385728
9 1385792
1 1385856
0 1385920
2 1385984
10 1386048
9 1386112
2 1386176
9 1386240
5 1386304
10 1386368
0 1386432
1 1386496
4 1386560
3 1386624
7 1386688
4 1386752
10 1386816
8 1386880
3 1386944
0 1387008
9 1387072
3 1387136
0 1387200
9 1387264
6 1387328
7 1387392
1 1387456
3 1387520
10 1387584
9 1387648
7 1387712
1 1387776
9 1387840
1 1387904
2 1387968
6 1388032
0 1388096
10 1388160
2 1388224
2 1388288
1 1388352
3 1388416
2 1388480
1 1388544
10 1388608
7 1388672
6 1388736
7 1388800
10 1388864
2 1388928
0 1388992
1 1389056
9 1389120
10 1389184
1 1389248
1 1389312
1 1389376
6 1389440
6 1389504
1 1389568
2 1389632
2 1389696
0 1389760
1 1389824
9 1389888
0 1389952
7 1390016
2 1390080
5 1390144
10 1390208
8 1390272
7 1390336
3 1390400
3 1390464
9 1390528
3 1390592
0 1390656
4 1390720
9 1390784
3 1390848
6 1390912
6 1390976
5 1391040
3 1391104
8 1391168
0 1391232
10 1391296
2 1391360
7 1391424
10 1391488
10 1391552
4 1391616
8 1391680
1 1391744
2 1391808
4 1391872
2 1391936
1 1392000
1 1392064
4 1392128
0 1392192
8 1392256
10 1392320
6 1392384
10 1392448
8 1392512
2 1392576
5 1392640
0 1392704
9 1392768
10 1392832
5 1392896
2 1392960
2 1393024
9 1393088
4 1393152
6 1393216
2 1393280
0 1393344
9 1393408
3 1393472
5 1393536
5 1393600
6 1393664
1 1393728
10 1393792
0 1393856
3 1393920
10 1393984
9 1394048
9 1394112
5 1394176
2 1394240
9 1394304
7 1394368
0 1394432
1 1394496
3 1394560
7 1394624
1 1394688
2 1394752
4 1394816
3 1394880
6 1394944
5 1395008
8 1395072
5 1395136
8 1395200
5 1395264
6 1395328
4 1395392
2 1395456
3 1395520
0 1395584
4 1395648
1 1395712
2 1395776
0 1395840
2 1395904
7 1395968
0 1396032
6 1396096
1 1396160
5 1396224
9 1396288
2 1396352
7 1396416
3 1396480
8 1396544
7 1396608
4 1396672
0 1396736
2 1396800
9 1396864
9 1396928
0 1396992
7 1397056
1 1397120
6 1397184
6 1397248
9 1397312
0 1397376
6 1397440
3 1397504
2 1397568
2 1397632
4 1397696
8 1397760
10 1397824
1 1397888
5 1397952
5 1398016
4 1398080
2 1398144
10 1398208
10 1398272
10 1398336
0 1398400
3 1398464
4 1398528
0 1398592
3 1398656
0 1398720
1 1398784
0 1398848
9 1398912
5 1398976
6 1399040
7 1399104
9 1399168
10 1399232
7 1399296
5 1399360
6 1399424
4 1399488
9 1399552
1 1399616
5 1399680
7 1399744
9 1399808
10 1399872
5 1399936
5 1400000
4 1400064
6 1400128
2 1400192
3 1400256
4 1400320
7 1400384
1 1400448
2 1400512
4 1400576
7 1400640
6 1400704
0 1400768
1 1400832
0 1400896
8 1400960
0 1401024
1 1401088
8 1401152
1 1401216
0 1401280
3 1401344
0 1401408
6 1401472
8 1401536
3 1401600
1 1401664
7 1401728
6 1401792
4 1401856
1 1401920
7 1401984
2 1402048
6 1402112
8 1402176
0 1402240
8 1402304
0 1402368
8 1402432
1 1402496
10 1402560
5 1402624
7 1402688
1 1402752
2 1402816
9 1402880
0 1402944
1 1403008
5 1403072
0 1403136
7 1403200
1 1403264
3 1403328
8 1403392
0 1403456
6 1403520
7 1403584
1 1403648
3 1403712
0 1403776
7 1403840
3 1403904
5 1403968
1 1404032
0 1404096
4 1404160
5 1404224
8 1404288
4 1404352
7 1404416
4 1404480
3 1404544
6 1404608
2 1404672
1 1404736
3 1404800
0 1404864
0 1404928
9 1404992
6 1405056
2 1405120
5 1405184
8 1405248
8 1405312
10 1405376
5 1405440
7 1405504
6 1405568
6 1405632
9 1405696
4 1405760
7 1405824
0 1405888
3 1405952
1 1406016
8 1406080
0 1406144
5 1406208
3 1406272
10 1406336
3 1406400
9 1406464
6 1406528
2 1406592
7 1406656
4 1406720
6 1406784
6 1406848
6 1406912
2 1406976
1 1407040
5 1407104
9 1407168
1 1407232
8 1407296
3 1407360
2 1407424
7 1407488
0 1407552
0 1407616
0 1407680
4 1407744
6 1407808
6 1407872
6 1407936
1 1408000
4 1408064
5 1408128
10 1408192
9 1408256
0 1408320
1 1408384
1 1408448
0 1408512
7 1408576
9 1408640
7 1408704
10 1408768
7 1408832
1 1408896
4 1408960
0 1409024
0 1409088
10 1409152
4 1409216
9 1409280
3 1409344
8 1409408
8 1409472
1 1409536
9 1409600
10 1409664
4 1409728
9 1409792
0 1409856
5 1409920
3 1409984
10 1410048
1 1410112
5 1410176
2 1410240
0 1410304
4 1410368
9 1410432
9 1410496
8 1410560
0 1410624
9 1410688
4 1410752
10 1410816
9 1410880
7 1410944
6 1411008
9 1411072
8 1411136
7 1411200
10 1411264
3 1411328
10 1411392
1 1411456
3 1411520
7 1411584
9 1411648
7 1411712
10 1411776
1 1411840
6 1411904
6 1411968
9 1412032
8 1412096
4 1412160
1 1412224
6 1412288
6 1412352
1 1412416
2 1412480
3 1412544
7 1412608
4 1412672
0 1412736
7 1412800
7 1412864
9 1412928
4 1412992
3 1413056
3 1413120
2 1413184
5 1413248
6 1413312
2 1413376
3 1413440
8 1413504
10 1413568
9 1413632
9 1413696
4 1413760
9 1413824
9 1413888
1 1413952
9 1414016
7 1414080
0 1414144
1 1414208
4 1414272
2 1414336
6 1414400
10 1414464
2 1414528
0 1414592
3 1414656
7 1414720
0 1414784
8 1414848
7 1414912
8 1414976
2 1415040
1 1415104
1 1415168
6 1415232
0 1415296
2 1415360
10 1415424
10 1415488
10 1415552
0 1415616
10 1415680
10 1415744
10 1415808
4 1415872
1 1415936
8 1416000
1 1416064
3 1416128
5 1416192
10 1416256
9 1416320
9 1416384
8 1416448
9 1416512
8 1416576
9 1416640
7 1416704
2 1416768
1 1416832
1 1416896
7 1416960
0 1417024
8 1417088
8 1417152
10 1417216
9 1417280
4 1417344
10 1417408
8 1417472
0 1417536
1 1417600
8 1417664
6 1417728
4 1417792
4 1417856
8 1417920
2 1417984
2 1418048
1 1418112
7 1418176
5 1418240
8 1418304
8 1418368
3 1418432
9 1418496
7 1418560
8 1418624
5 1418688
7 1418752
0 1418816
8 1418880
2 1418944
0 1419008
0 1419072
4 1419136
8 1419200
0 1419264
6 1419328
7 1419392
5 1419456
7 1419520
10 1419584
1 1419648
2 1419712
3 1419776
6 1419840
9 1419904
1 1419968
4 1420032
9 1420096
6 1420160
1 1420224
10 1420288
10 1420352
1 1420416
2 1420480
8 1420544
7 1420608
10 1420672
9 1420736
4 1420800
2 1420864
9 1420928
10 1420992
6 1421056
8 1421120
8 1421184
2 1421248
7 1421312
6 1421376
9 1421440
10 1421504
7 1421568
10 1421632
10 1421696
0 1421760
4 1421824
0 1421888
9 1421952
5 1422016
3 1422080
1 1422144
4 1422208
1 1422272
9 1422336
6 1422400
1 1422464
5 1422528
6 1422592
0 1422656
7 1422720
8 1422784
10 1422848
3 1422912
2 1422976
7 1423040
4 1423104
10 1423168
8 1423232
8 1423296
3 1423360
5 1423424
6 1423488
5 1423552
1 1423616
7 1423680
9 1423744
10 1423808
10 1423872
10 1423936
6 1424000
2 1424064
4 1424128
10 1424192
0 1424256
9 1424320
6 1424384
10 1424448
4 1424512
9 1424576
6 1424640
6 1424704
8 1424768
3 1424832
4 1424896
9 1424960
6 1425024
0 1425088
4 1425152
7 1425216
8 1425280
4 1425344
2 1425408
1 1425472
7 1425536
0 1425600
2 1425664
8 1425728
5 1425792
1 1425856
6 1425920
2 1425984
2 1426048
5 1426112
9 1426176
3 1426240
10 1426304
6 1426368
4 1426432
8 1426496
8 1426560
2 1426624
0 1426688
8 1426752
9 1426816
3 1426880
4 1426944
8 1427008
6 1427072
8 1427136
8 1427200
3 1427264
9 1427328
0 1427392
6 1427456
2 1427520
4 1427584
6 1427648
7 1427712
2 1427776
8 1427840
7 1427904
9 1427968
9 1428032
1 1428096
6 1428160
0 1428224
9 1428288
1 1428352
1 1428416
4 1428480
1 1428544
3 1428608
1 1428672
9 1428736
3 1428800
5 1428864
10 1428928
9 1428992
10 1429056
2 1429120
3 1429184
6 1429248
1 1429312
3 1429376
3 1429440
7 1429504
6 1429568
0 1429632
5 1429696
2 1429760
3 1429824
0 1429888
4 1429952
5 1430016
8 1430080
8 1430144
1 1430208
6 1430272
5 1430336
0 1430400
2 1430464
5 1430528
4 1430592
4 1430656
7 1430720
2 1430784
4 1430848
1 1430912
9 1430976
1 1431040
6 1431104
5 1431168
10 1431232
0 1431296
3 1431360
4 1431424
4 1431488
0 1431552
9 1431616
6 1431680
6 1431744
1 1431808
7 1431872
7 1431936
1 1432000
8 1432064
2 1432128
4 1432192
9 1432256
8 1432320
9 1432384
8 1432448
10 1432512
0 1432576
8 1432640
8 1432704
0 1432768
6 1432832
7 1432896
8 1432960
2 1433024
1 1433088
4 1433152
1 1433216
7 1433280
4 1433344
6 1433408
8 1433472
1 1433536
3 1433600
5 1433664
9 1433728
2 1433792
6 1433856
10 1433920
6 1433984
4 1434048
8 1434112
6 1434176
9 1434240
10 1434304
8 1434368
9 1434432
3 1434496
9 1434560
6 1434624
9 1434688
8 1434752
7 1434816
4 1434880
8 1434944
6 1435008
9 1435072
4 1435136
1 1435200
5 1435264
5 1435328
9 1435392
4 1435456
5 1435520
10 1435584
0 1435648
1 1435712
1 1435776
9 1435840
2 1435904
9 1435968
10 1436032
2 1436096
0 1436160
10 1436224
7 1436288
5 1436352
3 1436416
6 1436480
0 1436544
5 1436608
1 1436672
1 1436736
7 1436800
1 1436864
6 1436928
10 1436992
0 1437056
3 1437120
9 1437184
8 1437248
8 1437312
6 1437376
3 1437440
6 1437504
5 1437568
3 1437632
6 1437696
10 1437760
2 1437824
1 1437888
8 1437952
9 1438016
4 1438080
5 1438144
5 1438208
9 1438272
0 1438336
6 1438400
7 1438464
0 1438528
0 1438592
0 1438656
9 1438720
10 1438784
10 1438848
9 1438912
4 1438976
2 1439040
4 1439104
8 1439168
9 1439232
4 1439296
2 1439360
0 1439424
4 1439488
6 1439552
6 1439616
10 1439680
4 1439744
8 1439808
9 1439872
6 1439936
6 1440000
7 1440064
6 1440128
0 1440192
5 1440256
6 1440320
4 1440384
2 1440448
0 1440512
4 1440576
5 1440640
6 1440704
5 1440768
7 1440832
7 1440896
5 1440960
8 1441024
0 1441088
9 1441152
7 1441216
4 1441280
5 1441344
3 1441408
3 1441472
8 1441536
9 1441600
0 1441664
6 1441728
2 1441792
3 1441856
5 1441920
4 1441984
6 1442048
6 1442112
2 1442176
10 1442240
2 1442304
6 1442368
5 1442432
4 1442496
0 1442560
1 1442624
6 1442688
10 1442752
5 1442816
9 1442880
9 1442944
5 1443008
3 1443072
0 1443136
0 1443200
10 1443264
6 1443328
2 1443392
2 1443456
1 1443520
2 1443584
2 1443648
4 1443712
2 1443776
7 1443840
6 1443904
7 1443968
10 1444032
7 1444096
4 1444160
6 1444224
2 1444288
5 1444352
9 1444416
1 1444480
6 1444544
0 1444608
1 1444672
1 1444736
2 1444800
4 1444864
1 1444928
1 1444992
5 1445056
8 1445120
4 1445184
8 1445248
8 1445312
10 1445376
6 1445440
0 1445504
0 1445568
8 1445632
0 1445696
1 1445760
7 1445824
9 1445888
8 1445952
6 1446016
7 1446080
7 1446144
8 1446208
2 1446272
3 1446336
1 1446400
2 1446464
9 1446528
9 1446592
5 1446656
7 1446720
0 1446784
4 1446848
7 1446912
2 1446976
6 1447040
4 1447104
2 1447168
10 1447232
6 1447296
1 1447360
2 1447424
1 1447488
2 1447552
0 1447616
3 1447680
8 1447744
4 1447808
3 1447872
7 1447936
5 1448000
3 1448064
6 1448128
5 1448192
9 1448256
6 1448320
8 1448384
0 1448448
7 1448512
8 1448576
5 1448640
10 1448704
2 1448768
5 1448832
4 1448896
8 1448960
2 1449024
4 1449088
2 1449152
1 1449216
10 1449280
8 1449344
3 1449408
8 1449472
5 1449536
4 1449600
5 1449664
4 1449728
0 1449792
0 1449856
10 1449920
6 1449984
4 1450048
4 1450112
10 1450176
5 1450240
4 1450304
10 1450368
7 1450432
5 1450496
2 1450560
3 1450624
1 1450688
1 1450752
2 1450816
3 1450880
2 1450944
7 1451008
4 1451072
8 1451136
9 1451200
7 1451264
10 1451328
9 1451392
1 1451456
7 1451520
7 1451584
6 1451648
3 1451712
3 1451776
10 1451840
4 1451904
10 1451968
10 1452032
10 1452096
2 1452160
7 1452224
2 1452288
0 1452352
3 1452416
8 1452480
8 1452544
6 1452608
10 1452672
2 1452736
1 1452800
7 1452864
5 1452928
0 1452992
10 1453056
8 1453120
0 1453184
1 1453248
9 1453312
6 1453376
3 1453440
0 1453504
4 1453568
5 1453632
10 1453696
3 1453760
0 1453824
6 1453888
9 1453952
3 1454016
5 1454080
8 1454144
8 1454208
2 1454272
4 1454336
9 1454400
3 1454464
5 1454528
3 1454592
4 1454656
0 1454720
0 1454784
10 1454848
1 1454912
8 1454976
1 1455040
6 1455104
7 1455168
7 1455232
8 1455296
4 1455360
8 1455424
1 1455488
6 1455552
5 1455616
2 1455680
4 1455744
4 1455808
4 1455872
10 1455936
5 1456000
4 1456064
4 1456128
6 1456192
0 1456256
8 1456320
3 1456384
8 1456448
5 1456512
1 1456576
7 1456640
9 1456704
9 1456768
3 1456832
7 1456896
8 1456960
1 1457024
0 1457088
10 1457152
10 1457216
10 1457280
10 1457344
5 1457408
3 1457472
10 1457536
9 1457600
1 1457664
2 1457728
8 1457792
7 1457856
8 1457920
8 1457984
10 1458048
4 1458112
8 1458176
6 1458240
9 1458304
9 1458368
9 1458432
6 1458496
9 1458560
8 1458624
8 1458688
2 1458752
9 1458816
0 1458880
4 1458944
5 1459008
7 1459072
9 1459136
2 1459200
7 1459264
1 1459328
4 1459392
7 1459456
10 1459520
2 1459584
4 1459648
6 1459712
3 1459776
0 1459840
1 1459904
9 1459968
8 1460032
6 1460096
4 1460160
2 1460224
4 1460288
2 1460352
3 1460416
8 1460480
10 1460544
3 1460608
9 1460672
7 1460736
2 1460800
8 1460864
3 1460928
3 1460992
9 1461056
1 1461120
2 1461184
1 1461248
10 1461312
10 1461376
8 1461440
7 1461504
0 1461568
6 1461632
2 1461696
9 1461760
3 1461824
2 1461888
8 1461952
8 1462016
0 1462080
9 1462144
8 1462208
3 1462272
2 1462336
2 1462400
1 1462464
0 1462528
1 1462592
0 1462656
2 1462720
3 1462784
2 1462848
0 1462912
0 1462976
1 1463040
8 1463104
6 1463168
7 1463232
6 1463296
6 1463360
1 1463424
0 1463488
0 1463552
8 1463616
10 1463680
9 1463744
10 1463808
8 1463872
10 1463936
7 1464000
6 1464064
1 1464128
0 1464192
8 1464256
1 1464320
4 1464384
3 1464448
5 1464512
6 1464576
1 1464640
4 1464704
0 1464768
3 1464832
8 1464896
4 1464960
5 1465024
10 1465088
3 1465152
10 1465216
1 1465280
9 1465344
8 1465408
0 1465472
7 1465536
4 1465600
6 1465664
8 1465728
10 1465792
2 1465856
3 1465920
5 1465984
4 1466048
6 1466112
9 1466176
5 1466240
10 1466304
1 1466368
0 1466432
0 1466496
3 1466560
0 1466624
7 1466688
6 1466752
2 1466816
0 1466880
5 1466944
4 1467008
5 1467072
9 1467136
6 1467200
7 1467264
1 1467328
5 1467392
0 1467456
0 1467520
6 1467584
6 1467648
10 1467712
6 1467776
6 1467840
4 1467904
1 1467968
1 1468032
0 1468096
10 1468160
6 1468224
5 1468288
4 1468352
1 1468416
1 1468480
3 1468544
4 1468608
0 1468672
7 1468736
8 1468800
5 1468864
1 1468928
6 1468992
9 1469056
9 1469120
4 1469184
9 1469248
7 1469312
0 1469376
8 1469440
9 1469504
0 1469568
5 1469632
8 1469696
3 1469760
6 1469824
6 1469888
8 1469952
3 1470016
4 1470080
8 1470144
2 1470208
6 1470272
8 1470336
9 1470400
9 1470464
9 1470528
6 1470592
2 1470656
6 1470720
9 1470784
7 1470848
0 1470912
8 1470976
3 1471040
8 1471104
6 1471168
8 1471232
8 1471296
8 1471360
10 1471424
9 1471488
1 1471552
7 1471616
8 1471680
10 1471744
10 1471808
10 1471872
7 1471936
9 1472000
1 1472064
5 1472128
0 1472192
5 1472256
9 1472320
6 1472384
2 1472448
5 1472512
7 1472576
1 1472640
9 1472704
7 1472768
6 1472832
0 1472896
9 1472960
3 1473024
2 1473088
0 1473152
1 1473216
2 1473280
6 1473344
5 1473408
7 1473472
10 1473536
8 1473600
9 1473664
8 1473728
2 1473792
6 1473856
0 1473920
4 1473984
1 1474048
8 1474112
0 1474176
9 1474240
5 1474304
2 1474368
1 1474432
7 1474496
5 1474560
5 1474624
8 1474688
5 1474752
1 1474816
7 1474880
7 1474944
7 1475008
4 1475072
1 1475136
10 1475200
2 1475264
7 1475328
4 1475392
6 1475456
9 1475520
2 1475584
1 1475648
1 1475712
8 1475776
10 1475840
10 1475904
8 1475968
2 1476032
4 1476096
1 1476160
9 1476224
9 1476288
6 1476352
2 1476416
6 1476480
4 1476544
2 1476608
2 1476672
2 1476736
9 1476800
7 1476864
5 1476928
8 1476992
9 1477056
1 1477120
7 1477184
0 1477248
4 1477312
5 1477376
4 1477440
2 1477504
1 1477568
8 1477632
5 1477696
10 1477760
4 1477824
5 1477888
7 1477952
0 1478016
5 1478080
6 1478144
8 1478208
2 1478272
0 1478336
9 1478400
2 1478464
2 1478528
5 1478592
7 1478656
0 1478720
9 1478784
0 1478848
0 1478912
1 1478976
10 1479040
6 1479104
3 1479168
5 1479232
6 1479296
4 1479360
0 1479424
7 1479488
2 1479552
3 1479616
2 1479680
4 1479744
7 1479808
2 1479872
8 1479936
2 1480000
8 1480064
9 1480128
5 1480192
4 1480256
0 1480320
0 1480384
1 1480448
7 1480512
8 1480576
10 1480640
8 1480704
2 1480768
2 1480832
4 1480896
7 1480960
3 1481024
1 1481088
2 1481152
6 1481216
1 1481280
6 1481344
8 1481408
5 1481472
0 1481536
7 1481600
1 1481664
0 1481728
5 1481792
8 1481856
10 1481920
0 1481984
1 1482048
1 1482112
9 1482176
5 1482240
0 1482304
9 1482368
2 1482432
7 1482496
1 1482560
10 1482624
1 1482688
5 1482752
2 1482816
6 1482880
1 1482944
0 1483008
5 1483072
3 1483136
7 1483200
0 1483264
9 1483328
2 1483392
3 1483456
0 1483520
0 1483584
7 1483648
1 1483712
6 1483776
9 1483840
5 1483904
10 1483968
0 1484032
0 1484096
7 1484160
4 1484224
10 1484288
1 1484352
8 1484416
9 1484480
4 1484544
8 1484608
5 1484672
4 1484736
3 1484800
10 1484864
2 1484928
9 1484992
8 1485056
7 1485120
6 1485184
9 1485248
8 1485312
9 1485376
3 1485440
6 1485504
5 1485568
2 1485632
9 1485696
4 1485760
4 1485824
7 1485888
1 1485952
6 1486016
1 1486080
9 1486144
8 1486208
2 1486272
7 1486336
3 1486400
4 1486464
8 1486528
1 1486592
3 1486656
1 1486720
0 1486784
4 1486848
5 1486912
0 1486976
2 1487040
5 1487104
8 1487168
10 1487232
9 1487296
6 1487360
3 1487424
10 1487488
2 1487552
1 1487616
7 1487680
4 1487744
3 1487808
5 1487872
7 1487936
4 1488000
8 1488064
3 1488128
5 1488192
2 1488256
6 1488320
8 1488384
0 1488448
6 1488512
4 1488576
8 1488640
6 1488704
0 1488768
6 1488832
7 1488896
3 1488960
9 1489024
8 1489088
3 1489152
4 1489216
4 1489280
8 1489344
8 1489408
3 1489472
8 1489536
4 1489600
2 1489664
5 1489728
3 1489792
6 1489856
10 1489920
4 1489984
6 1490048
2 1490112
8 1490176
0 1490240
5 1490304
5 1490368
0 1490432
7 1490496
7 1490560
4 1490624
0 1490688
6 1490752
5 1490816
7 1490880
9 1490944
5 1491008
5 1491072
1 1491136
5 1491200
6 1491264
2 1491328
3 1491392
9 1491456
2 1491520
0 1491584
9 1491648
0 1491712
8 1491776
5 1491840
5 1491904
1 1491968
0 1492032
7 1492096
10 1492160
4 1492224
0 1492288
10 1492352
9 1492416
1 1492480
3 1492544
1 1492608
1 1492672
1 1492736
7 1492800
8 1492864
6 1492928
1 1492992
9 1493056
10 1493120
0 1493184
2 1493248
5 1493312
4 1493376
7 1493440
10 1493504
6 1493568
0 1493632
10 1493696
2 1493760
2 1493824
10 1493888
0 1493952
6 1494016
9 1494080
5 1494144
3 1494208
5 1494272
4 1494336
1 1494400
10 1494464
2 1494528
0 1494592
1 1494656
10 1494720
2 1494784
2 1494848
7 1494912
5 1494976
9 1495040
5 1495104
0 1495168
0 1495232
2 1495296
6 1495360
0 1495424
1 1495488
5 1495552
1 1495616
5 1495680
3 1495744
2 1495808
5 1495872
10 1495936
10 1496000
10 1496064
9 1496128
4 1496192
7 1496256
10 1496320
9 1496384
5 1496448
0 1496512
7 1496576
4 1496640
0 1496704
7 1496768
1 1496832
7 1496896
3 1496960
2 1497024
7 1497088
9 1497152
8 1497216
0 1497280
5 1497344
9 1497408
10 1497472
5 1497536
10 1497600
0 1497664
3 1497728
10 1497792
1 1497856
0 1497920
0 1497984
6 1498048
4 1498112
10 1498176
9 1498240
3 1498304
4 1498368
0 1498432
3 1498496
9 1498560
1 1498624
0 1498688
4 1498752
5 1498816
2 1498880
0 1498944
3 1499008
6 1499072
0 1499136
8 1499200
9 1499264
4 1499328
1 1499392
1 1499456
8 1499520
4 1499584
10 1499648
9 1499712
1 1499776
3 1499840
10 1499904
5 1499968
9 1500032
9 1500096
2 1500160
8 1500224
5 1500288
5 1500352
3 1500416
5 1500480
10 1500544
9 1500608
5 1500672
2 1500736
0 1500800
5 1500864
6 1500928
1 1500992
0 1501056
0 1501120
6 1501184
7 1501248
9 1501312
9 1501376
0 1501440
10 1501504
0 1501568
6 1501632
9 1501696
6 1501760
8 1501824
0 1501888
1 1501952
8 1502016
6 1502080
7 1502144
7 1502208
4 1502272
0 1502336
3 1502400
7 1502464
8 1502528
4 1502592
10 1502656
2 1502720
3 1502784
10 1502848
3 1502912
9 1502976
4 1503040
4 1503104
9 1503168
5 1503232
3 1503296
0 1503360
0 1503424
6 1503488
7 1503552
7 1503616
6 1503680
2 1503744
5 1503808
5 1503872
0 1503936
3 1504000
2 1504064
10 1504128
5 1504192
0 1504256
1 1504320
7 1504384
3 1504448
6 1504512
5 1504576
4 1504640
2 1504704
6 1504768
2 1504832
4 1504896
1 1504960
7 1505024
8 1505088
4 1505152
2 1505216
9 1505280
0 1505344
10 1505408
2 1505472
10 1505536
9 1505600
2 1505664
3 1505728
3 1505792
4 1505856
5 1505920
1 1505984
1 1506048
0 1506112
0 1506176
9 1506240
0 1506304
10 1506368
6 1506432
10 1506496
0 1506560
5 1506624
3 1506688
0 1506752
10 1506816
8 1506880
8 1506944
6 1507008
8 1507072
4 1507136
3 1507200
0 1507264
2 1507328
1 1507392
1 1507456
6 1507520
6 1507584
7 1507648
3 1507712
2 1507776
9 1507840
0 1507904
4 1507968
10 1508032
5 1508096
7 1508160
5 1508224
9 1508288
8 1508352
8 1508416
7 1508480
5 1508544
9 1508608
2 1508672
1 1508736
2 1508800
9 1508864
9 1508928
6 1508992
4 1509056
2 1509120
6 1509184
0 1509248
3 1509312
3 1509376
6 1509440
10 1509504
2 1509568
0 1509632
2 1509696
7 1509760
5 1509824
5 1509888
8 1509952
2 1510016
1 1510080
4 1510144
7 1510208
7 1510272
0 1510336
9 1510400
2 1510464
0 1510528
7 1510592
1 1510656
1 1510720
5 1510784
2 1510848
3 1510912
8 1510976
0 1511040
2 1511104
3 1511168
6 1511232
2 1511296
1 1511360
10 1511424
9 1511488
10 1511552
2 1511616
1 1511680
5 1511744
8 1511808
1 1511872
8 1511936
9 1512000
7 1512064
0 1512128
10 1512192
5 1512256
9 1512320
1 1512384
6 1512448
1 1512512
1 1512576
8 1512640
6 1512704
3 1512768
8 1512832
5 1512896
5 1512960
8 1513024
8 1513088
1 1513152
9 1513216
5 1513280
9 1513344
7 1513408
7 1513472
2 1513536
1 1513600
6 1513664
8 1513728
8 1513792
0 1513856
0 1513920
5 1513984
3 1514048
7 1514112
8 1514176
9 1514240
3 1514304
1 1514368
8 1514432
6 1514496
9 1514560
2 1514624
8 1514688
9 1514752
7 1514816
2 1514880
8 1514944
4 1515008
5 1515072
4 1515136
0 1515200
10 1515264
1 1515328
8 1515392
2 1515456
2 1515520
7 1515584
2 1515648
0 1515712
0 1515776
2 1515840
8 1515904
3 1515968
9 1516032
4 1516096
8 1516160
2 1516224
10 1516288
3 1516352
2 1516416
10 1516480
2 1516544
0 1516608
4 1516672
1 1516736
4 1516800
4 1516864
7 1516928
4 1516992
10 1517056
3 1517120
2 1517184
8 1517248
1 1517312
1 1517376
6 1517440
5 1517504
9 1517568
9 1517632
3 1517696
0 1517760
10 1517824
2 1517888
10 1517952
0 1518016
2 1518080
0 1518144
10 1518208
3 1518272
0 1518336
4 1518400
2 1518464
3 1518528
2 1518592
2 1518656
7 1518720
7 1518784
5 1518848
2 1518912
1 1518976
3 1519040
5 1519104
3 1519168
0 1519232
2 1519296
8 1519360
1 1519424
6 1519488
5 1519552
0 1519616
6 1519680
4 1519744
6 1519808
3 1519872
0 1519936
10 1520000
0 1520064
5 1520128
9 1520192
3 1520256
7 1520320
7 1520384
7 1520448
5 1520512
6 1520576
9 1520640
1 1520704
9 1520768
8 1520832
3 1520896
2 1520960
1 1521024
10 1521088
0 1521152
10 1521216
2 1521280
9 1521344
1 1521408
6 1521472
10 1521536
10 1521600
1 1521664
7 1521728
4 1521792
6 1521856
9 1521920
0 1521984
2 1522048
9 1522112
8 1522176
3 1522240
1 1522304
0 1522368
4 1522432
3 1522496
8 1522560
4 1522624
1 1522688
9 1522752
6 1522816
6 1522880
2 1522944
2 1523008
9 1523072
1 1523136
3 1523200
1 1523264
6 1523328
7 1523392
0 1523456
8 1523520
0 1523584
5 1523648
6 1523712
8 1523776
5 1523840
6 1523904
6 1523968
7 1524032
0 1524096
6 1524160
3 1524224
6 1524288
2 1524352
1 1524416
9 1524480
8 1524544
6 1524608
5 1524672
5 1524736
0 1524800
4 1524864
9 1524928
4 1524992
4 1525056
4 1525120
10 1525184
0 1525248
7 1525312
6 1525376
6 1525440
3 1525504
10 1525568
4 1525632
9 1525696
3 1525760
3 1525824
9 1525888
6 1525952
5 1526016
0 1526080
4 1526144
10 1526208
9 1526272
6 1526336
2 1526400
7 1526464
3 1526528
2 1526592
2 1526656
6 1526720
2 1526784
6 1526848
1 1526912
1 1526976
4 1527040
2 1527104
4 1527168
3 1527232
6 1527296
10 1527360
2 1527424
5 1527488
10 1527552
8 1527616
5 1527680
4 1527744
10 1527808
2 1527872
1 1527936
10 1528000
8 1528064
8 1528128
10 1528192
0 1528256
8 1528320
7 1528384
9 1528448
10 1528512
9 1528576
1 1528640
9 1528704
6 1528768
2 1528832
10 1528896
3 1528960
4 1529024
1 1529088
10 1529152
9 1529216
9 1529280
10 1529344
6 1529408
4 1529472
3 1529536
3 1529600
8 1529664
5 1529728
3 1529792
2 1529856
4 1529920
7 1529984
2 1530048
5 1530112
10 1530176
0 1530240
5 1530304
8 1530368
3 1530432
3 1530496
3 1530560
4 1530624
3 1530688
0 1530752
3 1530816
1 1530880
1 1530944
5 1531008
10 1531072
8 1531136
7 1531200
6 1531264
0 1531328
5 1531392
4 1531456
5 1531520
7 1531584
6 1531648
9 1531712
10 1531776
4 1531840
7 1531904
5 1531968
7 1532032
6 1532096
9 1532160
4 1532224
10 1532288
5 1532352
3 1532416
5 1532480
3 1532544
6 1532608
5 1532672
9 1532736
7 1532800
4 1532864
6 1532928
6 1532992
9 1533056
8 1533120
6 1533184
1 1533248
6 1533312
3 1533376
4 1533440
2 1533504
1 1533568
2 1533632
5 1533696
4 1533760
5 1533824
0 1533888
8 1533952
0 1534016
9 1534080
5 1534144
9 1534208
4 1534272
8 1534336
1 1534400
5 1534464
2 1534528
6 1534592
9 1534656
2 1534720
5 1534784
5 1534848
9 1534912
6 1534976
6 1535040
4 1535104
7 1535168
2 1535232
1 1535296
3 1535360
0 1535424
7 1535488
4 1535552
2 1535616
3 1535680
5 1535744
9 1535808
1 1535872
4 1535936
2 1536000
6 1536064
1 1536128
4 1536192
0 1536256
10 1536320
4 1536384
10 1536448
8 1536512
9 1536576
3 1536640
3 1536704
2 1536768
6 1536832
1 1536896
4 1536960
5 1537024
4 1537088
3 1537152
0 1537216
7 1537280
9 1537344
6 1537408
3 1537472
10 1537536
7 1537600
3 1537664
1 1537728
10 1537792
0 1537856
0 1537920
8 1537984
10 1538048
10 1538112
1 1538176
7 1538240
8 1538304
5 1538368
2 1538432
2 1538496
1 1538560
1 1538624
5 1538688
8 1538752
7 1538816
1 1538880
8 1538944
4 1539008
5 1539072
2 1539136
3 1539200
5 1539264
10 1539328
4 1539392
2 1539456
6 1539520
8 1539584
7 1539648
4 1539712
4 1539776
10 1539840
10 1539904
10 1539968
7 1540032
0 1540096
1 1540160
7 1540224
3 1540288
10 1540352
2 1540416
10 1540480
10 1540544
0 1540608
8 1540672
6 1540736
5 1540800
2 1540864
3 1540928
7 1540992
7 1541056
7 1541120
2 1541184
9 1541248
6 1541312
6 1541376
10 1541440
5 1541504
6 1541568
3 1541632
3 1541696
7 1541760
0 1541824
1 1541888
4 1541952
0 1542016
10 1542080
0 1542144
10 1542208
5 1542272
2 1542336
7 1542400
8 1542464
1 1542528
0 1542592
5 1542656
5 1542720
10 1542784
8 1542848
10 1542912
0 1542976
0 1543040
0 1543104
2 1543168
7 1543232
10 1543296
2 1543360
2 1543424
1 1543488
4 1543552
2 1543616
5 1543680
7 1543744
10 1543808
3 1543872
1 1543936
6 1544000
0 1544064
9 1544128
4 1544192
3 1544256
9 1544320
1 1544384
3 1544448
6 1544512
8 1544576
10 1544640
1 1544704
7 1544768
2 1544832
0 1544896
3 1544960
1 1545024
3 1545088
6 1545152
9 1545216
5 1545280
5 1545344
2 1545408
8 1545472
6 1545536
2 1545600
0 1545664
9 1545728
10 1545792
2 1545856
9 1545920
10 1545984
7 1546048
3 1546112
5 1546176
2 1546240
5 1546304
9 1546368
5 1546432
10 1546496
10 1546560
3 1546624
3 1546688
2 1546752
2 1546816
2 1546880
10 1546944
7 1547008
3 1547072
9 1547136
3 1547200
8 1547264
9 1547328
9 1547392
2 1547456
0 1547520
4 1547584
5 1547648
7 1547712
3 1547776
5 1547840
3 1547904
2 1547968
3 1548032
6 1548096
6 1548160
1 1548224
8 1548288
5 1548352
0 1548416
7 1548480
6 1548544
1 1548608
0 1548672
8 1548736
7 1548800
0 1548864
8 1548928
2 1548992
6 1549056
9 1549120
7 1549184
1 1549248
8 1549312
2 1549376
3 1549440
6 1549504
0 1549568
1 1549632
0 1549696
7 1549760
1 1549824
2 1549888
6 1549952
1 1550016
5 1550080
10 1550144
8 1550208
3 1550272
8 1550336
10 1550400
8 1550464
10 1550528
2 1550592
1 1550656
7 1550720
10 1550784
10 1550848
6 1550912
4 1550976
8 1551040
4 1551104
6 1551168
7 1551232
3 1551296
5 1551360
7 1551424
4 1551488
2 1551552
2 1551616
3 1551680
3 1551744
2 1551808
2 1551872
2 1551936
8 1552000
0 1552064
10 1552128
1 1552192
9 1552256
4 1552320
4 1552384
2 1552448
5 1552512
8 1552576
10 1552640
9 1552704
2 1552768
10 1552832
10 1552896
10 1552960
2 1553024
2 1553088
5 1553152
6 1553216
0 1553280
6 1553344
2 1553408
9 1553472
5 1553536
3 1553600
5 1553664
10 1553728
0 1553792
6 1553856
3 1553920
10 1553984
7 1554048
3 1554112
1 1554176
10 1554240
1 1554304
8 1554368
0 1554432
4 1554496
6 1554560
10 1554624
7 1554688
4 1554752
1 1554816
3 1554880
0 1554944
7 1555008
10 1555072
5 1555136
3 1555200
8 1555264
4 1555328
1 1555392
10 1555456
8 1555520
5 1555584
2 1555648
0 1555712
10 1555776
1 1555840
3 1555904
6 1555968
2 1556032
6 1556096
10 1556160
0 1556224
8 1556288
4 1556352
10 1556416
6 1556480
3 1556544
9 1556608
7 1556672
10 1556736
5 1556800
6 1556864
1 1556928
5 1556992
4 1557056
7 1557120
0 1557184
5 1557248
5 1557312
4 1557376
9 1557440
1 1557504
2 1557568
10 1557632
10 1557696
1 1557760
5 1557824
1 1557888
6 1557952
4 1558016
1 1558080
1 1558144
9 1558208
10 1558272
5 1558336
5 1558400
6 1558464
4 1558528
0 1558592
9 1558656
10 1558720
1 1558784
9 1558848
6 1558912
9 1558976
3 1559040
9 1559104
5 1559168
7 1559232
8 1559296
7 1559360
5 1559424
2 1559488
0 1559552
7 1559616
0 1559680
2 1559744
0 1559808
4 1559872
2 1559936
6 1560000
2 1560064
10 1560128
0 1560192
1 1560256
9 1560320
10 1560384
7 1560448
1 1560512
2 1560576
10 1560640
1 1560704
2 1560768
4 1560832
1 1560896
3 1560960
9 1561024
3 1561088
6 1561152
9 1561216
6 1561280
7 1561344
8 1561408
9 1561472
10 1561536
7 1561600
6 1561664
0 1561728
9 1561792
8 1561856
7 1561920
3 1561984
1 1562048
2 1562112
6 1562176
7 1562240
7 1562304
3 1562368
1 1562432
9 1562496
2 1562560
2 1562624
7 1562688
10 1562752
6 1562816
10 1562880
0 1562944
7 1563008
5 1563072
9 1563136
8 1563200
8 1563264
9 1563328
7 1563392
10 1563456
8 1563520
6 1563584
5 1563648
3 1563712
10 1563776
3 1563840
10 1563904
10 1563968
9 1564032
4 1564096
3 1564160
1 1564224
9 1564288
1 1564352
10 1564416
6 1564480
5 1564544
4 1564608
3 1564672
0 1564736
8 1564800
10 1564864
9 1564928
10 1564992
5 1565056
2 1565120
3 1565184
1 1565248
2 1565312
0 1565376
2 1565440
1 1565504
9 1565568
1 1565632
5 1565696
0 1565760
5 1565824
7 1565888
6 1565952
4 1566016
4 1566080
9 1566144
10 1566208
7 1566272
4 1566336
7 1566400
0 1566464
0 1566528
0 1566592
2 1566656
6 1566720
8 1566784
7 1566848
6 1566912
4 1566976
4 1567040
8 1567104
10 1567168
6 1567232
7 1567296
6 1567360
4 1567424
9 1567488
7 1567552
9 1567616
7 1567680
4 1567744
1 1567808
6 1567872
3 1567936
6 1568000
5 1568064
6 1568128
0 1568192
4 1568256
5 1568320
0 1568384
0 1568448
6 1568512
3 1568576
5 1568640
5 1568704
3 1568768
7 1568832
3 1568896
0 1568960
9 1569024
6 1569088
4 1569152
9 1569216
6 1569280
9 1569344
2 1569408
7 1569472
7 1569536
1 1569600
1 1569664
10 1569728
9 1569792
10 1569856
5 1569920
2 1569984
9 1570048
6 1570112
3 1570176
5 1570240
3 1570304
0 1570368
5 1570432
9 1570496
7 1570560
0 1570624
2 1570688
5 1570752
5 1570816
1 1570880
2 1570944
8 1571008
2 1571072
7 1571136
6 1571200
10 1571264
3 1571328
6 1571392
4 1571456
3 1571520
1 1571584
5 1571648
9 1571712
4 1571776
8 1571840
9 1571904
8 1571968
9 1572032
5 1572096
9 1572160
6 1572224
5 1572288
4 1572352
6 1572416
10 1572480
6 1572544
3 1572608
4 1572672
5 1572736
4 1572800
4 1572864
3 1572928
4 1572992
4 1573056
1 1573120
4 1573184
9 1573248
1 1573312
6 1573376
9 1573440
9 1573504
9 1573568
3 1573632
9 1573696
3 1573760
4 1573824
4 1573888
9 1573952
7 1574016
4 1574080
3 1574144
9 1574208
4 1574272
6 1574336
4 1574400
0 1574464
8 1574528
10 1574592
10 1574656
8 1574720
2 1574784
2 1574848
3 1574912
0 1574976
9 1575040
5 1575104
8 1575168
6 1575232
2 1575296
9 1575360
7 1575424
3 1575488
9 1575552
10 1575616
8 1575680
10 1575744
8 1575808
9 1575872
4 1575936
1 1576000
3 1576064
2 1576128
1 1576192
0 1576256
9 1576320
7 1576384
2 1576448
0 1576512
2 1576576
1 1576640
7 1576704
0 1576768
7 1576832
5 1576896
4 1576960
8 1577024
5 1577088
3 1577152
4 1577216
10 1577280
6 1577344
5 1577408
5 1577472
7 1577536
9 1577600
2 1577664
2 1577728
0 1577792
3 1577856
0 1577920
0 1577984
4 1578048
4 1578112
9 1578176
6 1578240
4 1578304
6 1578368
1 1578432
2 1578496
9 1578560
3 1578624
9 1578688
0 1578752
0 1578816
2 1578880
5 1578944
1 1579008
2 1579072
1 1579136
3 1579200
7 1579264
5 1579328
6 1579392
5 1579456
8 1579520
9 1579584
6 1579648
3 1579712
5 1579776
9 1579840
5 1579904
10 1579968
10 1580032
7 1580096
0 1580160
8 1580224
6 1580288
1 1580352
9 1580416
9 1580480
3 1580544
1 1580608
4 1580672
5 1580736
8 1580800
4 1580864
3 1580928
4 1580992
5 1581056
6 1581120
6 1581184
3 1581248
1 1581312
1 1581376
3 1581440
8 1581504
8 1581568
5 1581632
0 1581696
3 1581760
4 1581824
2 1581888
3 1581952
6 1582016
2 1582080
10 1582144
2 1582208
0 1582272
3 1582336
3 1582400
4 1582464
7 1582528
4 1582592
2 1582656
4 1582720
6 1582784
3 1582848
10 1582912
1 1582976
0 1583040
4 1583104
3 1583168
10 1583232
7 1583296
9 1583360
6 1583424
8 1583488
10 1583552
10 1583616
6 1583680
8 1583744
0 1583808
0 1583872
8 1583936
10 1584000
5 1584064
2 1584128
9 1584192
4 1584256
6 1584320
9 1584384
0 1584448
2 1584512
10 1584576
1 1584640
10 1584704
10 1584768
7 1584832
7 1584896
4 1584960
1 1585024
7 1585088
4 1585152
3 1585216
0 1585280
4 1585344
3 1585408
5 1585472
0 1585536
2 1585600
3 1585664
8 1585728
5 1585792
0 1585856
2 1585920
2 1585984
8 1586048
9 1586112
4 1586176
6 1586240
6 1586304
5 1586368
2 1586432
7 1586496
5 1586560
2 1586624
3 1586688
3 1586752
2 1586816
8 1586880
2 1586944
9 1587008
3 1587072
0 1587136
2 1587200
0 1587264
2 1587328
5 1587392
6 1587456
9 1587520
1 1587584
3 1587648
3 1587712
0 1587776
3 1587840
0 1587904
3 1587968
3 1588032
4 1588096
6 1588160
7 1588224
7 1588288
1 1588352
1 1588416
10 1588480
6 1588544
7 1588608
5 1588672
0 1588736
7 1588800
6 1588864
2 1588928
7 1588992
9 1589056
9 1589120
5 1589184
5 1589248
3 1589312
0 1589376
2 1589440
4 1589504
10 1589568
5 1589632
3 1589696
0 1589760
1 1589824
2 1589888
3 1589952
9 1590016
8 1590080
4 1590144
7 1590208
2 1590272
3 1590336
0 1590400
3 1590464
4 1590528
2 1590592
0 1590656
2 1590720
8 1590784
4 1590848
7 1590912
1 1590976
9 1591040
0 1591104
1 1591168
7 1591232
2 1591296
2 1591360
10 1591424
2 1591488
4 1591552
0 1591616
5 1591680
0 1591744
7 1591808
6 1591872
4 1591936
10 1592000
8 1592064
7 1592128
1 1592192
7 1592256
10 1592320
10 1592384
7 1592448
5 1592512
4 1592576
6 1592640
1 1592704
9 1592768
9 1592832
2 1592896
4 1592960
0 1593024
6 1593088
5 1593152
10 1593216
8 1593280
3 1593344
8 1593408
7 1593472
2 1593536
10 1593600
7 1593664
10 1593728
2 1593792
5 1593856
8 1593920
1 1593984
2 1594048
2 1594112
5 1594176
9 1594240
0 1594304
9 1594368
5 1594432
6 1594496
6 1594560
8 1594624
4 1594688
4 1594752
8 1594816
2 1594880
3 1594944
7 1595008
3 1595072
10 1595136
3 1595200
7 1595264
9 1595328
1 1595392
2 1595456
1 1595520
2 1595584
1 1595648
1 1595712
0 1595776
1 1595840
8 1595904
7 1595968
8 1596032
0 1596096
3 1596160
5 1596224
8 1596288
6 1596352
9 1596416
0 1596480
10 1596544
1 1596608
7 1596672
0 1596736
7 1596800
4 1596864
0 1596928
10 1596992
3 1597056
9 1597120
2 1597184
5 1597248
1 1597312
9 1597376
9 1597440
9 1597504
4 1597568
5 1597632
2 1597696
9 1597760
5 1597824
1 1597888
7 1597952
1 1598016
2 1598080
2 1598144
2 1598208
7 1598272
6 1598336
4 1598400
3 1598464
3 1598528
8 1598592
7 1598656
2 1598720
2 1598784
0 1598848
5 1598912
4 1598976
2 1599040
2 1599104
1 1599168
6 1599232
2 1599296
6 1599360
10 1599424
5 1599488
10 1599552
4 1599616
9 1599680
10 1599744
6 1599808
3 1599872
3 1599936
0 1600000
8 1600064
3 1600128
3 1600192
4 1600256
4 1600320
4 1600384
7 1600448
0 1600512
4 1600576
8 1600640
8 1600704
7 1600768
8 1600832
9 1600896
9 1600960
5 1601024
0 1601088
4 1601152
7 1601216
0 1601280
2 1601344
0 1601408
5 1601472
9 1601536
10 1601600
6 1601664
8 1601728
10 1601792
5 1601856
1 1601920
9 1601984
5 1602048
3 1602112
10 1602176
7 1602240
7 1602304
4 1602368
9 1602432
2 1602496
6 1602560
6 1602624
10 1602688
10 1602752
3 1602816
2 1602880
9 1602944
5 1603008
6 1603072
3 1603136
4 1603200
2 1603264
7 1603328
7 1603392
7 1603456
5 1603520
2 1603584
2 1603648
5 1603712
9 1603776
2 1603840
0 1603904
6 1603968
1 1604032
6 1604096
5 1604160
8 1604224
1 1604288
2 1604352
9 1604416
2 1604480
0 1604544
10 1604608
5 1604672
9 1604736
2 1604800
2 1604864
9 1604928
4 1604992
1 1605056
1 1605120
5 1605184
6 1605248
3 1605312
0 1605376
2 1605440
9 1605504
5 1605568
5 1605632
10 1605696
9 1605760
6 1605824
3 1605888
6 1605952
3 1606016
7 1606080
10 1606144
2 1606208
10 1606272
6 1606336
2 1606400
9 1606464
4 1606528
10 1606592
2 1606656
0 1606720
6 1606784
6 1606848
1 1606912
5 1606976
10 1607040
4 1607104
9 1607168
8 1607232
0 1607296
10 1607360
10 1607424
8 1607488
5 1607552
1 1607616
3 1607680
3 1607744
1 1607808
3 1607872
10 1607936
8 1608000
0 1608064
0 1608128
4 1608192
9 1608256
8 1608320
3 1608384
2 1608448
1 1608512
10 1608576
1 1608640
2 1608704
2 1608768
1 1608832
2 1608896
1 1608960
5 1609024
4 1609088
8 1609152
10 1609216
1 1609280
5 1609344
8 1609408
2 1609472
6 1609536
8 1609600
6 1609664
8 1609728
7 1609792
6 1609856
4 1609920
0 1609984
1 1610048
9 1610112
1 1610176
8 1610240
5 1610304
4 1610368
8 1610432
8 1610496
0 1610560
6 1610624
4 1610688
4 1610752
2 1610816
10 1610880
0 1610944
0 1611008
6 1611072
2 1611136
9 1611200
8 1611264
7 1611328
7 1611392
10 1611456
8 1611520
7 1611584
3 1611648
5 1611712
8 1611776
5 1611840
6 1611904
10 1611968
6 1612032
4 1612096
6 1612160
4 1612224
1 1612288
9 1612352
6 1612416
2 1612480
3 1612544
4 1612608
10 1612672
2 1612736
1 1612800
9 1612864
2 1612928
6 1612992
2 1613056
2 1613120
1 1613184
3 1613248
2 1613312
0 1613376
4 1613440
1 1613504
0 1613568
4 1613632
2 1613696
9 1613760
4 1613824
8 1613888
3 1613952
1 1614016
4 1614080
7 1614144
8 1614208
9 1614272
1 1614336
1 1614400
7 1614464
9 1614528
7 1614592
2 1614656
6 1614720
9 1614784
9 1614848
9 1614912
9 1614976
4 1615040
9 1615104
8 1615168
1 1615232
10 1615296
2 1615360
8 1615424
3 1615488
1 1615552
8 1615616
0 1615680
0 1615744
3 1615808
6 1615872
6 1615936
6 1616000
0 1616064
2 1616128
0 1616192
0 1616256
0 1616320
5 1616384
3 1616448
2 1616512
8 1616576
5 1616640
3 1616704
8 1616768
6 1616832
3 1616896
1 1616960
0 1617024
5 1617088
10 1617152
0 1617216
5 1617280
2 1617344
4 1617408
3 1617472
8 1617536
3 1617600
8 1617664
0 1617728
5 1617792
8 1617856
2 1617920
6 1617984
9 1618048
2 1618112
10 1618176
9 1618240
9 1618304
0 1618368
0 1618432
7 1618496
6 1618560
8 1618624
6 1618688
2 1618752
7 1618816
6 1618880
3 1618944
3 1619008
2 1619072
8 1619136
3 1619200
8 1619264
9 1619328
6 1619392
10 1619456
3 1619520
3 1619584
7 1619648
6 1619712
1 1619776
8 1619840
5 1619904
10 1619968
1 1620032
10 1620096
8 1620160
6 1620224
2 1620288
6 1620352
7 1620416
1 1620480
3 1620544
6 1620608
8 1620672
4 1620736
1 1620800
0 1620864
1 1620928
3 1620992
2 1621056
10 1621120
8 1621184
2 1621248
3 1621312
3 1621376
9 1621440
2 1621504
1 1621568
10 1621632
8 1621696
8 1621760
3 1621824
5 1621888
2 1621952
7 1622016
9 1622080
1 1622144
8 1622208
7 1622272
5 1622336
0 1622400
6 1622464
7 1622528
7 1622592
6 1622656
1 1622720
10 1622784
0 1622848
6 1622912
10 1622976
5 1623040
9 1623104
2 1623168
0 1623232
10 1623296
8 1623360
8 1623424
1 1623488
10 1623552
4 1623616
3 1623680
1 1623744
9 1623808
2 1623872
7 1623936
9 1624000
7 1624064
6 1624128
1 1624192
7 1624256
8 1624320
1 1624384
5 1624448
9 1624512
6 1624576
9 1624640
8 1624704
10 1624768
3 1624832
8 1624896
4 1624960
5 1625024
10 1625088
7 1625152
2 1625216
10 1625280
0 1625344
2 1625408
6 1625472
6 1625536
5 1625600
6 1625664
8 1625728
6 1625792
2 1625856
9 1625920
5 1625984
9 1626048
1 1626112
2 1626176
5 1626240
7 1626304
3 1626368
4 1626432
9 1626496
8 1626560
9 1626624
9 1626688
2 1626752
5 1626816
5 1626880
3 1626944
9 1627008
4 1627072
10 1627136
6 1627200
10 1627264
10 1627328
0 1627392
7 1627456
4 1627520
2 1627584
9 1627648
9 1627712
0 1627776
7 1627840
4 1627904
10 1627968
7 1628032
2 1628096
9 1628160
6 1628224
6 1628288
9 1628352
4 1628416
1 1628480
7 1628544
9 1628608
9 1628672
6 1628736
7 1628800
0 1628864
8 1628928
0 1628992
8 1629056
9 1629120
7 1629184
4 1629248
10 1629312
10 1629376
7 1629440
4 1629504
8 1629568
5 1629632
10 1629696
9 1629760
9 1629824
4 1629888
6 1629952
4 1630016
1 1630080
8 1630144
3 1630208
9 1630272
8 1630336
4 1630400
1 1630464
6 1630528
7 1630592
3 1630656
4 1630720
7 1630784
8 1630848
10 1630912
5 1630976
3 1631040
6 1631104
9 1631168
8 1631232
8 1631296
1 1631360
6 1631424
4 1631488
9 1631552
8 1631616
0 1631680
4 1631744
4 1631808
5 1631872
0 1631936
9 1632000
2 1632064
10 1632128
10 1632192
8 1632256
6 1632320
0 1632384
5 1632448
2 1632512
1 1632576
0 1632640
2 1632704
6 1632768
2 1632832
7 1632896
0 1632960
6 1633024
6 1633088
4 1633152
8 1633216
9 1633280
0 1633344
0 1633408
8 1633472
2 1633536
4 1633600
8 1633664
4 1633728
5 1633792
8 1633856
1 1633920
3 1633984
0 1634048
8 1634112
8 1634176
9 1634240
8 1634304
3 1634368
10 1634432
0 1634496
5 1634560
7 1634624
4 1634688
10 1634752
8 1634816
8 1634880
3 1634944
9 1635008
9 1635072
7 1635136
4 1635200
1 1635264
8 1635328
5 1635392
6 1635456
3 1635520
0 1635584
2 1635648
7 1635712
5 1635776
0 1635840
0 1635904
0 1635968
3 1636032
0 1636096
10 1636160
5 1636224
6 1636288
10 1636352
6 1636416
1 1636480
9 1636544
9 1636608
5 1636672
10 1636736
3 1636800
0 1636864
5 1636928
6 1636992
4 1637056
1 1637120
8 1637184
4 1637248
9 1637312
3 1637376
7 1637440
8 1637504
10 1637568
4 1637632
6 1637696
7 1637760
9 1637824
0 1637888
8 1637952
7 1638016
0 1638080
10 1638144
1 1638208
8 1638272
7 1638336
2 1638400
6 1638464
10 1638528
0 1638592
0 1638656
1 1638720
10 1638784
3 1638848
6 1638912
5 1638976
1 1639040
0 1639104
3 1639168
4 1639232
4 1639296
4 1639360
4 1639424
2 1639488
9 1639552
9 1639616
0 1639680
6 1639744
7 1639808
4 1639872
10 1639936
5 1640000
6 1640064
8 1640128
6 1640192
5 1640256
2 1640320
4 1640384
0 1640448
6 1640512
2 1640576
2 1640640
1 1640704
5 1640768
5 1640832
9 1640896
9 1640960
6 1641024
7 1641088
2 1641152
5 1641216
6 1641280
2 1641344
2 1641408
2 1641472
1 1641536
9 1641600
0 1641664
5 1641728
3 1641792
3 1641856
10 1641920
10 1641984
10 1642048
4 1642112
7 1642176
0 1642240
4 1642304
7 1642368
4 1642432
7 1642496
6 1642560
4 1642624
8 1642688
4 1642752
10 1642816
5 1642880
5 1642944
9 1643008
3 1643072
9 1643136
6 1643200
5 1643264
2 1643328
1 1643392
3 1643456
8 1643520
3 1643584
5 1643648
0 1643712
7 1643776
1 1643840
2 1643904
4 1643968
5 1644032
5 1644096
3 1644160
1 1644224
2 1644288
9 1644352
0 1644416
0 1644480
3 1644544
6 1644608
2 1644672
10 1644736
2 1644800
1 1644864
1 1644928
7 1644992
3 1645056
10 1645120
2 1645184
10 1645248
7 1645312
7 1645376
2 1645440
6 1645504
4 1645568
8 1645632
10 1645696
8 1645760
3 1645824
9 1645888
5 1645952
8 1646016
5 1646080
10 1646144
5 1646208
8 1646272
5 1646336
2 1646400
2 1646464
9 1646528
10 1646592
4 1646656
2 1646720
10 1646784
5 1646848
2 1646912
5 1646976
1 1647040
6 1647104
1 1647168
8 1647232
5 1647296
7 1647360
5 1647424
9 1647488
1 1647552
7 1647616
1 1647680
0 1647744
5 1647808
0 1647872
8 1647936
10 1648000
0 1648064
5 1648128
4 1648192
9 1648256
1 1648320
4 1648384
7 1648448
7 1648512
4 1648576
4 1648640
7 1648704
3 1648768
5 1648832
10 1648896
3 1648960
5 1649024
2 1649088
4 1649152
7 1649216
8 1649280
4 1649344
1 1649408
7 1649472
1 1649536
5 1649600
9 1649664
4 1649728
9 1649792
7 1649856
3 1649920
4 1649984
4 1650048
9 1650112
3 1650176
0 1650240
5 1650304
3 1650368
7 1650432
8 1650496
8 1650560
0 1650624
3 1650688
3 1650752
1 1650816
8 1650880
3 1650944
6 1651008
1 1651072
1 1651136
3 1651200
3 1651264
10 1651328
8 1651392
9 1651456
2 1651520
6 1651584
0 1651648
8 1651712
7 1651776
8 1651840
8 1651904
2 1651968
8 1652032
1 1652096
5 1652160
2 1652224
7 1652288
8 1652352
7 1652416
3 1652480
0 1652544
4 1652608
8 1652672
6 1652736
2 1652800
5 1652864
10 1652928
1 1652992
5 1653056
2 1653120
1 1653184
7 1653248
4 1653312
6 1653376
5 1653440
10 1653504
3 1653568
5 1653632
3 1653696
7 1653760
8 1653824
0 1653888
1 1653952
8 1654016
9 1654080
1 1654144
5 1654208
6 1654272
10 1654336
7 1654400
3 1654464
4 1654528
4 1654592
6 1654656
7 1654720
1 1654784
7 1654848
7 1654912
6 1654976
2 1655040
9 1655104
6 1655168
9 1655232
1 1655296
4 1655360
3 1655424
3 1655488
6 1655552
2 1655616
9 1655680
9 1655744
9 1655808
4 1655872
6 1655936
10 1656000
6 1656064
4 1656128
5 1656192
0 1656256
9 1656320
9 1656384
9 1656448
9 1656512
0 1656576
0 1656640
1 1656704
0 1656768
8 1656832
9 1656896
8 1656960
5 1657024
7 1657088
3 1657152
9 1657216
0 1657280
8 1657344
3 1657408
10 1657472
5 1657536
2 1657600
1 1657664
1 1657728
8 1657792
9 1657856
6 1657920
10 1657984
8 1658048
4 1658112
4 1658176
2 1658240
10 1658304
4 1658368
6 1658432
4 1658496
8 1658560
8 1658624
4 1658688
9 1658752
10 1658816
9 1658880
7 1658944
9 1659008
5 1659072
7 1659136
2 1659200
8 1659264
5 1659328
7 1659392
5 1659456
10 1659520
9 1659584
5 1659648
8 1659712
2 1659776
8 1659840
1 1659904
9 1659968
0 1660032
2 1660096
2 1660160
1 1660224
7 1660288
9 1660352
7 1660416
8 1660480
9 1660544
10 1660608
10 1660672
10 1660736
1 1660800
2 1660864
4 1660928
8 1660992
8 1661056
3 1661120
10 1661184
9 1661248
7 1661312
1 1661376
7 1661440
0 1661504
5 1661568
9 1661632
8 1661696
4 1661760
4 1661824
5 1661888
1 1661952
4 1662016
3 1662080
6 1662144
7 1662208
2 1662272
8 1662336
6 1662400
8 1662464
1 1662528
1 1662592
2 1662656
3 1662720
10 1662784
0 1662848
3 1662912
8 1662976
8 1663040
5 1663104
6 1663168
8 1663232
1 1663296
1 1663360
9 1663424
3 1663488
9 1663552
7 1663616
8 1663680
1 1663744
4 1663808
5 1663872
9 1663936
0 1664000
0 1664064
9 1664128
10 1664192
9 1664256
10 1664320
2 1664384
1 1664448
7 1664512
7 1664576
9 1664640
0 1664704
5 1664768
5 1664832
2 1664896
8 1664960
6 1665024
6 1665088
9 1665152
3 1665216
3 1665280
5 1665344
1 1665408
10 1665472
10 1665536
5 1665600
8 1665664
8 1665728
0 1665792
7 1665856
0 1665920
10 1665984
5 1666048
3 1666112
2 1666176
10 1666240
6 1666304
0 1666368
1 1666432
1 1666496
9 1666560
3 1666624
9 1666688
1 1666752
0 1666816
3 1666880
8 1666944
2 1667008
9 1667072
7 1667136
4 1667200
2 1667264
10 1667328
5 1667392
5 1667456
1 1667520
3 1667584
6 1667648
0 1667712
9 1667776
0 1667840
8 1667904
5 1667968
8 1668032
1 1668096
8 1668160
1 1668224
0 1668288
4 1668352
5 1668416
0 1668480
2 1668544
4 1668608
3 1668672
7 1668736
3 1668800
6 1668864
1 1668928
5 1668992
8 1669056
7 1669120
3 1669184
6 1669248
6 1669312
2 1669376
7 1669440
1 1669504
3 1669568
5 1669632
8 1669696
9 1669760
6 1669824
9 1669888
3 1669952
3 1670016
5 1670080
3 1670144
9 1670208
0 1670272
0 1670336
10 1670400
5 1670464
8 1670528
5 1670592
6 1670656
1 1670720
5 1670784
10 1670848
4 1670912
7 1670976
10 1671040
3 1671104
1 1671168
10 1671232
5 1671296
6 1671360
6 1671424
3 1671488
9 1671552
7 1671616
9 1671680
2 1671744
5 1671808
5 1671872
1 1671936
1 1672000
6 1672064
4 1672128
3 1672192
6 1672256
10 1672320
9 1672384
0 1672448
10 1672512
2 1672576
8 1672640
3 1672704
7 1672768
7 1672832
2 1672896
7 1672960
0 1673024
2 1673088
8 1673152
9 1673216
6 1673280
10 1673344
6 1673408
6 1673472
0 1673536
5 1673600
3 1673664
4 1673728
2 1673792
8 1673856
1 1673920
6 1673984
4 1674048
4 1674112
1 1674176
10 1674240
6 1674304
1 1674368
0 1674432
1 1674496
9 1674560
7 1674624
5 1674688
10 1674752
3 1674816
5 1674880
8 1674944
10 1675008
4 1675072
6 1675136
4 1675200
0 1675264
5 1675328
1 1675392
0 1675456
3 1675520
10 1675584
8 1675648
8 1675712
0 1675776
2 1675840
7 1675904
3 1675968
0 1676032
4 1676096
2 1676160
7 1676224
6 1676288
3 1676352
6 1676416
2 1676480
8 1676544
1 1676608
4 1676672
10 1676736
4 1676800
10 1676864
4 1676928
7 1676992
1 1677056
8 1677120
9 1677184
3 1677248
9 1677312
5 1677376
3 1677440
0 1677504
9 1677568
6 1677632
9 1677696
0 1677760
6 1677824
7 1677888
6 1677952
4 1678016
10 1678080
9 1678144
10 1678208
0 1678272
9 1678336
2 1678400
2 1678464
8 1678528
8 1678592
4 1678656
9 1678720
8 1678784
7 1678848
4 1678912
5 1678976
5 1679040
1 1679104
3 1679168
5 1679232
8 1679296
7 1679360
2 1679424
7 1679488
1 1679552
7 1679616
4 1679680
3 1679744
0 1679808
10 1679872
6 1679936
8 1680000
8 1680064
1 1680128
1 1680192
6 1680256
4 1680320
0 1680384
3 1680448
4 1680512
3 1680576
9 1680640
8 1680704
8 1680768
1 1680832
8 1680896
7 1680960
3 1681024
8 1681088
7 1681152
7 1681216
10 1681280
5 1681344
8 1681408
3 1681472
3 1681536
3 1681600
6 1681664
4 1681728
7 1681792
7 1681856
0 1681920
4 1681984
1 1682048
3 1682112
0 1682176
9 1682240
0 1682304
9 1682368
1 1682432
5 1682496
3 1682560
8 1682624
10 1682688
6 1682752
0 1682816
2 1682880
8 1682944
2 1683008
6 1683072
2 1683136
5 1683200
4 1683264
2 1683328
0 1683392
4 1683456
1 1683520
10 1683584
2 1683648
3 1683712
1 1683776
9 1683840
0 1683904
10 1683968
5 1684032
7 1684096
7 1684160
2 1684224
0 1684288
4 1684352
4 1684416
1 1684480
0 1684544
0 1684608
7 1684672
9 1684736
4 1684800
1 1684864
9 1684928
3 1684992
2 1685056
4 1685120
5 1685184
3 1685248
8 1685312
10 1685376
1 1685440
0 1685504
9 1685568
7 1685632
9 1685696
4 1685760
1 1685824
10 1685888
2 1685952
2 1686016
4 1686080
8 1686144
7 1686208
0 1686272
9 1686336
8 1686400
7 1686464
2 1686528
6 1686592
4 1686656
9 1686720
6 1686784
3 1686848
2 1686912
2 1686976
5 1687040
1 1687104
7 1687168
4 1687232
2 1687296
2 1687360
4 1687424
0 1687488
4 1687552
10 1687616
10 1687680
3 1687744
2 1687808
6 1687872
1 1687936
1 1688000
8 1688064
9 1688128
0 1688192
0 1688256
3 1688320
4 1688384
6 1688448
8 1688512
6 1688576
1 1688640
6 1688704
3 1688768
0 1688832
7 1688896
0 1688960
2 1689024
8 1689088
6 1689152
7 1689216
10 1689280
2 1689344
0 1689408
2 1689472
0 1689536
0 1689600
9 1689664
5 1689728
3 1689792
6 1689856
6 1689920
2 1689984
1 1690048
9 1690112
5 1690176
3 1690240
6 1690304
8 1690368
9 1690432
0 1690496
0 1690560
5 1690624
7 1690688
7 1690752
9 1690816
5 1690880
0 1690944
0 1691008
1 1691072
7 1691136
3 1691200
2 1691264
5 1691328
9 1691392
0 1691456
0 1691520
7 1691584
3 1691648
9 1691712
7 1691776
1 1691840
3 1691904
0 1691968
10 1692032
7 1692096
2 1692160
2 1692224
1 1692288
1 1692352
3 1692416
8 1692480
6 1692544
9 1692608
0 1692672
8 1692736
7 1692800
1 1692864
10 1692928
6 1692992
7 1693056
2 1693120
2 1693184
1 1693248
0 1693312
4 1693376
5 1693440
4 1693504
6 1693568
1 1693632
7 1693696
1 1693760
9 1693824
2 1693888
8 1693952
1 1694016
7 1694080
0 1694144
7 1694208
4 1694272
4 1694336
3 1694400
6 1694464
0 1694528
2 1694592
3 1694656
4 1694720
4 1694784
2 1694848
2 1694912
5 1694976
2 1695040
1 1695104
10 1695168
6 1695232
0 1695296
2 1695360
5 1695424
2 1695488
3 1695552
9 1695616
4 1695680
1 1695744
2 1695808
10 1695872
0 1695936
9 1696000
4 1696064
4 1696128
7 1696192
7 1696256
2 1696320
6 1696384
9 1696448
0 1696512
3 1696576
10 1696640
2 1696704
6 1696768
10 1696832
10 1696896
5 1696960
5 1697024
1 1697088
3 1697152
2 1697216
7 1697280
6 1697344
1 1697408
10 1697472
7 1697536
9 1697600
4 1697664
8 1697728
0 1697792
10 1697856
2 1697920
4 1697984
5 1698048
5 1698112
9 1698176
8 1698240
5 1698304
1 1698368
6 1698432
0 1698496
2 1698560
1 1698624
1 1698688
9 1698752
10 1698816
1 1698880
5 1698944
8 1699008
9 1699072
1 1699136
2 1699200
6 1699264
8 1699328
6 1699392
4 1699456
9 1699520
8 1699584
6 1699648
4 1699712
7 1699776
8 1699840
6 1699904
8 1699968
10 1700032
6 1700096
2 1700160
3 1700224
7 1700288
6 1700352
0 1700416
0 1700480
8 1700544
8 1700608
4 1700672
4 1700736
7 1700800
4 1700864
0 1700928
8 1700992
3 1701056
7 1701120
10 1701184
8 1701248
1 1701312
9 1701376
1 1701440
9 1701504
0 1701568
7 1701632
4 1701696
9 1701760
9 1701824
2 1701888
1 1701952
6 1702016
4 1702080
0 1702144
0 1702208
6 1702272
9 1702336
8 1702400
3 1702464
6 1702528
9 1702592
10 1702656
2 1702720
3 1702784
5 1702848
3 1702912
4 1702976
8 1703040
4 1703104
8 1703168
6 1703232
4 1703296
7 1703360
0 1703424
8 1703488
2 1703552
1 1703616
3 1703680
9 1703744
8 1703808
6 1703872
5 1703936
4 1704000
6 1704064
2 1704128
2 1704192
0 1704256
2 1704320
1 1704384
2 1704448
3 1704512
7 1704576
10 1704640
2 1704704
0 1704768
5 1704832
5 1704896
0 1704960
3 1705024
3 1705088
0 1705152
0 1705216
0 1705280
0 1705344
8 1705408
8 1705472
6 1705536
3 1705600
4 1705664
6 1705728
7 1705792
3 1705856
9 1705920
1 1705984
9 1706048
0 1706112
0 1706176
8 1706240
8 1706304
9 1706368
9 1706432
1 1706496
1 1706560
4 1706624
1 1706688
6 1706752
0 1706816
0 1706880
9 1706944
1 1707008
6 1707072
9 1707136
10 1707200
2 1707264
3 1707328
2 1707392
10 1707456
7 1707520
3 1707584
7 1707648
9 1707712
10 1707776
8 1707840
9 1707904
7 1707968
9 1708032
0 1708096
6 1708160
0 1708224
8 1708288
5 1708352
4 1708416
8 1708480
1 1708544
8 1708608
6 1708672
7 1708736
4 1708800
6 1708864
3 1708928
0 1708992
0 1709056
0 1709120
9 1709184
9 1709248
8 1709312
4 1709376
10 1709440
3 1709504
3 1709568
6 1709632
1 1709696
1 1709760
3 1709824
7 1709888
1 1709952
1 1710016
8 1710080
1 1710144
5 1710208
1 1710272
10 1710336
9 1710400
8 1710464
10 1710528
5 1710592
4 1710656
5 1710720
8 1710784
2 1710848
9 1710912
4 1710976
2 1711040
0 1711104
3 1711168
10 1711232
4 1711296
10 1711360
0 1711424
1 1711488
5 1711552
3 1711616
5 1711680
3 1711744
4 1711808
6 1711872
6 1711936
0 1712000
7 1712064
5 1712128
6 1712192
9 1712256
9 1712320
9 1712384
4 1712448
4 1712512
9 1712576
4 1712640
6 1712704
6 1712768
7 1712832
2 1712896
0 1712960
1 1713024
0 1713088
8 1713152
2 1713216
4 1713280
10 1713344
0 1713408
2 1713472
8 1713536
1 1713600
8 1713664
2 1713728
2 1713792
10 1713856
3 1713920
8 1713984
7 1714048
9 1714112
4 1714176
0 1714240
2 1714304
6 1714368
2 1714432
0 1714496
8 1714560
5 1714624
8 1714688
1 1714752
7 1714816
4 1714880
5 1714944
2 1715008
7 1715072
3 1715136
5 1715200
10 1715264
3 1715328
6 1715392
4 1715456
2 1715520
3 1715584
5 1715648
7 1715712
0 1715776
0 1715840
4 1715904
1 1715968
2 1716032
9 1716096
1 1716160
8 1716224
2 1716288
8 1716352
5 1716416
1 1716480
8 1716544
1 1716608
10 1716672
6 1716736
1 1716800
10 1716864
2 1716928
10 1716992
5 1717056
5 1717120
9 1717184
0 1717248
4 1717312
10 1717376
6 1717440
1 1717504
0 1717568
0 1717632
7 1717696
9 1717760
2 1717824
3 1717888
0 1717952
4 1718016
6 1718080
6 1718144
0 1718208
0 1718272
1 1718336
2 1718400
8 1718464
3 1718528
8 1718592
2 1718656
7 1718720
1 1718784
0 1718848
1 1718912
2 1718976
3 1719040
2 1719104
9 1719168
10 1719232
6 1719296
1 1719360
5 1719424
1 1719488
2 1719552
0 1719616
10 1719680
4 1719744
8 1719808
5 1719872
0 1719936
7 1720000
6 1720064
6 1720128
5 1720192
3 1720256
4 1720320
4 1720384
6 1720448
0 1720512
4 1720576
10 1720640
2 1720704
2 1720768
7 1720832
6 1720896
3 1720960
10 1721024
4 1721088
6 1721152
0 1721216
1 1721280
9 1721344
1 1721408
5 1721472
3 1721536
0 1721600
5 1721664
7 1721728
10 1721792
3 1721856
4 1721920
7 1721984
2 1722048
4 1722112
3 1722176
5 1722240
8 1722304
6 1722368
1 1722432
7 1722496
6 1722560
8 1722624
2 1722688
2 1722752
5 1722816
1 1722880
10 1722944
2 1723008
7 1723072
10 1723136
2 1723200
6 1723264
7 1723328
0 1723392
8 1723456
6 1723520
6 1723584
6 1723648
5 1723712
6 1723776
2 1723840
2 1723904
4 1723968
1 1724032
9 1724096
7 1724160
6 1724224
8 1724288
7 1724352
8 1724416
4 1724480
9 1724544
4 1724608
7 1724672
7 1724736
1 1724800
10 1724864
2 1724928
9 1724992
0 1725056
10 1725120
3 1725184
5 1725248
0 1725312
0 1725376
6 1725440
1 1725504
8 1725568
4 1725632
8 1725696
9 1725760
7 1725824
4 1725888
2 1725952
2 1726016
3 1726080
5 1726144
4 1726208
3 1726272
4 1726336
0 1726400
4 1726464
6 1726528
6 1726592
8 1726656
2 1726720
1 1726784
2 1726848
1 1726912
5 1726976
10 1727040
6 1727104
4 1727168
9 1727232
5 1727296
2 1727360
5 1727424
4 1727488
9 1727552
2 1727616
0 1727680
6 1727744
10 1727808
4 1727872
4 1727936
10 1728000
1 1728064
1 1728128
1 1728192
10 1728256
9 1728320
7 1728384
3 1728448
8 1728512
8 1728576
1 1728640
8 1728704
2 1728768
7 1728832
3 1728896
0 1728960
10 1729024
6 1729088
3 1729152
4 1729216
3 1729280
5 1729344
10 1729408
9 1729472
4 1729536
8 1729600
8 1729664
2 1729728
1 1729792
8 1729856
8 1729920
4 1729984
9 1730048
6 1730112
8 1730176
0 1730240
6 1730304
6 1730368
4 1730432
0 1730496
5 1730560
1 1730624
1 1730688
0 1730752
2 1730816
1 1730880
2 1730944
5 1731008
4 1731072
3 1731136
10 1731200
4 1731264
1 1731328
2 1731392
3 1731456
0 1731520
1 1731584
6 1731648
0 1731712
4 1731776
9 1731840
8 1731904
6 1731968
0 1732032
3 1732096
7 1732160
2 1732224
1 1732288
10 1732352
8 1732416
6 1732480
0 1732544
0 1732608
3 1732672
2 1732736
0 1732800
3 1732864
1 1732928
9 1732992
7 1733056
8 1733120
9 1733184
9 1733248
9 1733312
0 1733376
1 1733440
1 1733504
4 1733568
0 1733632
0 1733696
3 1733760
4 1733824
7 1733888
1 1733952
3 1734016
1 1734080
7 1734144
1 1734208
9 1734272
7 1734336
10 1734400
8 1734464
6 1734528
0 1734592
1 1734656
10 1734720
6 1734784
2 1734848
5 1734912
10 1734976
9 1735040
0 1735104
8 1735168
4 1735232
1 1735296
9 1735360
10 1735424
4 1735488
10 1735552
7 1735616
8 1735680
5 1735744
5 1735808
0 1735872
10 1735936
1 1736000
1 1736064
3 1736128
7 1736192
5 1736256
3 1736320
5 1736384
8 1736448
2 1736512
1 1736576
0 1736640
7 1736704
2 1736768
8 1736832
8 1736896
10 1736960
7 1737024
8 1737088
0 1737152
7 1737216
2 1737280
7 1737344
9 1737408
0 1737472
3 1737536
7 1737600
1 1737664
6 1737728
1 1737792
6 1737856
0 1737920
8 1737984
8 1738048
1 1738112
9 1738176
7 1738240
2 1738304
2 1738368
3 1738432
10 1738496
9 1738560
9 1738624
10 1738688
6 1738752
4 1738816
7 1738880
7 1738944
1 1739008
8 1739072
3 1739136
7 1739200
5 1739264
3 1739328
0 1739392
7 1739456
6 1739520
8 1739584
1 1739648
0 1739712
2 1739776
4 1739840
8 1739904
0 1739968
10 1740032
8 1740096
5 1740160
5 1740224
7 1740288
8 1740352
0 1740416
0 1740480
2 1740544
10 1740608
4 1740672
10 1740736
4 1740800
3 1740864
2 1740928
3 1740992
6 1741056
2 1741120
2 1741184
1 1741248
6 1741312
9 1741376
0 1741440
6 1741504
9 1741568
10 1741632
6 1741696
8 1741760
5 1741824
7 1741888
4 1741952
6 1742016
10 1742080
7 1742144
0 1742208
6 1742272
7 1742336
10 1742400
10 1742464
5 1742528
1 1742592
6 1742656
9 1742720
1 1742784
3 1742848
9 1742912
5 1742976
2 1743040
1 1743104
5 1743168
0 1743232
1 1743296
6 1743360
4 1743424
2 1743488
6 1743552
1 1743616
0 1743680
7 1743744
0 1743808
3 1743872
3 1743936
5 1744000
0 1744064
10 1744128
8 1744192
4 1744256
2 1744320
4 1744384
3 1744448
1 1744512
9 1744576
8 1744640
3 1744704
9 1744768
2 1744832
4 1744896
8 1744960
4 1745024
8 1745088
1 1745152
3 1745216
0 1745280
0 1745344
4 1745408
1 1745472
6 1745536
9 1745600
1 1745664
0 1745728
5 1745792
3 1745856
0 1745920
2 1745984
1 1746048
5 1746112
1 1746176
6 1746240
7 1746304
5 1746368
8 1746432
6 1746496
4 1746560
6 1746624
3 1746688
3 1746752
10 1746816
9 1746880
5 1746944
3 1747008
4 1747072
8 1747136
1 1747200
1 1747264
0 1747328
5 1747392
0 1747456
1 1747520
4 1747584
7 1747648
6 1747712
4 1747776
2 1747840
7 1747904
8 1747968
9 1748032
6 1748096
1 1748160
5 1748224
7 1748288
3 1748352
8 1748416
5 1748480
5 1748544
1 1748608
2 1748672
8 1748736
1 1748800
7 1748864
7 1748928
5 1748992
1 1749056
2 1749120
3 1749184
9 1749248
5 1749312
9 1749376
7 1749440
8 1749504
1 1749568
5 1749632
5 1749696
4 1749760
2 1749824
6 1749888
10 1749952
0 1750016
10 1750080
9 1750144
7 1750208
2 1750272
3 1750336
6 1750400
0 1750464
2 1750528
4 1750592
4 1750656
6 1750720
5 1750784
4 1750848
6 1750912
7 1750976
7 1751040
2 1751104
0 1751168
5 1751232
1 1751296
7 1751360
1 1751424
0 1751488
7 1751552
3 1751616
0 1751680
8 1751744
7 1751808
1 1751872
5 1751936
6 1752000
4 1752064
10 1752128
7 1752192
8 1752256
10 1752320
3 1752384
7 1752448
10 1752512
0 1752576
3 1752640
1 1752704
7 1752768
5 1752832
4 1752896
3 1752960
8 1753024
0 1753088
2 1753152
7 1753216
4 1753280
1 1753344
4 1753408
8 1753472
5 1753536
7 1753600
10 1753664
2 1753728
6 1753792
0 1753856
2 1753920
9 1753984
2 1754048
5 1754112
4 1754176
6 1754240
10 1754304
8 1754368
6 1754432
2 1754496
7 1754560
2 1754624
8 1754688
8 1754752
4 1754816
0 1754880
7 1754944
6 1755008
6 1755072
4 1755136
2 1755200
0 1755264
7 1755328
10 1755392
6 1755456
10 1755520
3 1755584
2 1755648
7 1755712
1 1755776
3 1755840
5 1755904
3 1755968
8 1756032
6 1756096
7 1756160
6 1756224
2 1756288
5 1756352
9 1756416
2 1756480
3 1756544
8 1756608
6 1756672
8 1756736
7 1756800
9 1756864
0 1756928
6 1756992
10 1757056
0 1757120
4 1757184
8 1757248
8 1757312
6 1757376
9 1757440
10 1757504
3 1757568
2 1757632
0 1757696
5 1757760
5 1757824
3 1757888
4 1757952
0 1758016
5 1758080
0 1758144
10 1758208
8 1758272
9 1758336
2 1758400
7 1758464
3 1758528
9 1758592
6 1758656
1 1758720
5 1758784
9 1758848
7 1758912
6 1758976
4 1759040
0 1759104
5 1759168
3 1759232
10 1759296
10 1759360
5 1759424
6 1759488
7 1759552
0 1759616
7 1759680
8 1759744
9 1759808
7 1759872
7 1759936
5 1760000
5 1760064
4 1760128
2 1760192
6 1760256
1 1760320
9 1760384
0 1760448
3 1760512
8 1760576
4 1760640
2 1760704
2 1760768
7 1760832
3 1760896
6 1760960
2 1761024
7 1761088
3 1761152
2 1761216
0 1761280
2 1761344
2 1761408
10 1761472
2 1761536
7 1761600
1 1761664
1 1761728
1 1761792
7 1761856
5 1761920
10 1761984
7 1762048
6 1762112
9 1762176
1 1762240
7 1762304
1 1762368
6 1762432
2 1762496
0 1762560
4 1762624
2 1762688
9 1762752
8 1762816
5 1762880
1 1762944
4 1763008
4 1763072
8 1763136
6 1763200
9 1763264
8 1763328
3 1763392
0 1763456
5 1763520
2 1763584
1 1763648
6 1763712
9 1763776
0 1763840
3 1763904
9 1763968
2 1764032
2 1764096
0 1764160
2 1764224
6 1764288
9 1764352
8 1764416
0 1764480
1 1764544
4 1764608
2 1764672
10 1764736
6 1764800
4 1764864
7 1764928
1 1764992
0 1765056
6 1765120
8 1765184
0 1765248
1 1765312
7 1765376
7 1765440
0 1765504
3 1765568
1 1765632
6 1765696
3 1765760
7 1765824
0 1765888
5 1765952
10 1766016
0 1766080
0 1766144
4 1766208
9 1766272
3 1766336
3 1766400
2 1766464
6 1766528
7 1766592
2 1766656
4 1766720
4 1766784
6 1766848
9 1766912
3 1766976
1 1767040
7 1767104
2 1767168
9 1767232
4 1767296
7 1767360
6 1767424
3 1767488
8 1767552
0 1767616
8 1767680
3 1767744
9 1767808
0 1767872
6 1767936
5 1768000
4 1768064
0 1768128
2 1768192
5 1768256
9 1768320
9 1768384
8 1768448
5 1768512
1 1768576
9 1768640
3 1768704
9 1768768
3 1768832
2 1768896
7 1768960
2 1769024
7 1769088
2 1769152
8 1769216
1 1769280
2 1769344
9 1769408
1 1769472
6 1769536
3 1769600
5 1769664
10 1769728
0 1769792
4 1769856
9 1769920
6 1769984
0 1770048
2 1770112
6 1770176
6 1770240
7 1770304
6 1770368
10 1770432
5 1770496
2 1770560
7 1770624
2 1770688
8 1770752
10 1770816
4 1770880
5 1770944
3 1771008
9 1771072
7 1771136
4 1771200
9 1771264
10 1771328
9 1771392
5 1771456
0 1771520
7 1771584
0 1771648
8 1771712
8 1771776
6 1771840
4 1771904
0 1771968
6 1772032
7 1772096
5 1772160
6 1772224
0 1772288
2 1772352
0 1772416
8 1772480
0 1772544
10 1772608
1 1772672
9 1772736
2 1772800
9 1772864
0 1772928
2 1772992
2 1773056
1 1773120
5 1773184
4 1773248
3 1773312
9 1773376
0 1773440
4 1773504
4 1773568
8 1773632
9 1773696
0 1773760
9 1773824
3 1773888
2 1773952
2 1774016
5 1774080
3 1774144
3 1774208
3 1774272
2 1774336
0 1774400
2 1774464
3 1774528
5 1774592
1 1774656
0 1774720
2 1774784
5 1774848
10 1774912
5 1774976
5 1775040
0 1775104
1 1775168
9 1775232
3 1775296
5 1775360
4 1775424
5 1775488
10 1775552
0 1775616
3 1775680
6 1775744
9 1775808
8 1775872
8 1775936
8 1776000
4 1776064
3 1776128
9 1776192
3 1776256
3 1776320
3 1776384
2 1776448
4 1776512
3 1776576
6 1776640
2 1776704
9 1776768
6 1776832
2 1776896
0 1776960
8 1777024
0 1777088
5 1777152
9 1777216
8 1777280
10 1777344
3 1777408
1 1777472
2 1777536
4 1777600
4 1777664
1 1777728
2 1777792
9 1777856
0 1777920
7 1777984
5 1778048
9 1778112
6 1778176
5 1778240
9 1778304
9 1778368
9 1778432
2 1778496
0 1778560
1 1778624
2 1778688
3 1778752
7 1778816
6 1778880
3 1778944
1 1779008
7 1779072
7 1779136
4 1779200
9 1779264
5 1779328
4 1779392
2 1779456
1 1779520
0 1779584
6 1779648
2 1779712
9 1779776
4 1779840
10 1779904
1 1779968
9 1780032
3 1780096
7 1780160
5 1780224
9 1780288
1 1780352
9 1780416
2 1780480
2 1780544
6 1780608
7 1780672
1 1780736
3 1780800
1 1780864
7 1780928
5 1780992
3 1781056
6 1781120
2 1781184
6 1781248
4 1781312
7 1781376
5 1781440
2 1781504
10 1781568
8 1781632
10 1781696
6 1781760
4 1781824
6 1781888
1 1781952
2 1782016
0 1782080
9 1782144
6 1782208
1 1782272
7 1782336
3 1782400
0 1782464
0 1782528
9 1782592
9 1782656
2 1782720
10 1782784
8 1782848
4 1782912
5 1782976
2 1783040
4 1783104
0 1783168
3 1783232
2 1783296
1 1783360
1 1783424
5 1783488
3 1783552
5 1783616
5 1783680
0 1783744
5 1783808
1 1783872
4 1783936
3 1784000
2 1784064
1 1784128
9 1784192
10 1784256
1 1784320
4 1784384
3 1784448
10 1784512
0 1784576
8 1784640
7 1784704
7 1784768
9 1784832
7 1784896
10 1784960
2 1785024
4 1785088
7 1785152
9 1785216
2 1785280
5 1785344
4 1785408
2 1785472
2 1785536
1 1785600
8 1785664
8 1785728
3 1785792
4 1785856
10 1785920
10 1785984
5 1786048
8 1786112
1 1786176
9 1786240
2 1786304
0 1786368
4 1786432
8 1786496
7 1786560
7 1786624
0 1786688
6 1786752
7 1786816
10 1786880
6 1786944
9 1787008
3 1787072
3 1787136
3 1787200
2 1787264
9 1787328
9 1787392
8 1787456
6 1787520
5 1787584
1 1787648
5 1787712
9 1787776
0 1787840
2 1787904
5 1787968
7 1788032
8 1788096
10 1788160
4 1788224
6 1788288
4 1788352
0 1788416
8 1788480
5 1788544
10 1788608
8 1788672
5 1788736
8 1788800
8 1788864
3 1788928
8 1788992
2 1789056
5 1789120
6 1789184
7 1789248
2 1789312
6 1789376
2 1789440
0 1789504
8 1789568
4 1789632
6 1789696
7 1789760
2 1789824
10 1789888
9 1789952
2 1790016
5 1790080
4 1790144
3 1790208
10 1790272
5 1790336
5 1790400
1 1790464
9 1790528
6 1790592
2 1790656
8 1790720
2 1790784
2 1790848
2 1790912
5 1790976
0 1791040
1 1791104
8 1791168
2 1791232
5 1791296
10 1791360
10 1791424
6 1791488
2 1791552
4 1791616
7 1791680
2 1791744
8 1791808
6 1791872
3 1791936
9 1792000
4 1792064
2 1792128
10 1792192
0 1792256
1 1792320
2 1792384
2 1792448
3 1792512
4 1792576
1 1792640
4 1792704
9 1792768
9 1792832
2 1792896
9 1792960
0 1793024
0 1793088
9 1793152
10 1793216
6 1793280
6 1793344
2 1793408
7 1793472
0 1793536
2 1793600
6 1793664
6 1793728
0 1793792
4 1793856
5 1793920
0 1793984
9 1794048
5 1794112
6 1794176
3 1794240
2 1794304
1 1794368
7 1794432
4 1794496
10 1794560
0 1794624
0 1794688
3 1794752
9 1794816
1 1794880
0 1794944
1 1795008
9 1795072
3 1795136
3 1795200
5 1795264
3 1795328
8 1795392
9 1795456
2 1795520
2 1795584
2 1795648
4 1795712
7 1795776
1 1795840
1 1795904
9 1795968
3 1796032
6 1796096
0 1796160
0 1796224
6 1796288
0 1796352
8 1796416
2 1796480
7 1796544
7 1796608
10 1796672
0 1796736
5 1796800
6 1796864
4 1796928
6 1796992
1 1797056
10 1797120
6 1797184
0 1797248
7 1797312
6 1797376
2 1797440
6 1797504
4 1797568
3 1797632
8 1797696
5 1797760
0 1797824
0 1797888
9 1797952
5 1798016
3 1798080
7 1798144
2 1798208
3 1798272
4 1798336
6 1798400
1 1798464
7 1798528
6 1798592
10 1798656
2 1798720
3 1798784
10 1798848
1 1798912
3 1798976
3 1799040
6 1799104
1 1799168
0 1799232
10 1799296
9 1799360
4 1799424
4 1799488
1 1799552
6 1799616
4 1799680
2 1799744
3 1799808
1 1799872
6 1799936
5 1800000
4 1800064
4 1800128
1 1800192
3 1800256
7 1800320
2 1800384
7 1800448
7 1800512
10 1800576
6 1800640
8 1800704
5 1800768
7 1800832
6 1800896
0 1800960
6 1801024
3 1801088
4 1801152
9 1801216
4 1801280
2 1801344
9 1801408
0 1801472
4 1801536
6 1801600
1 1801664
7 1801728
5 1801792
5 1801856
1 1801920
8 1801984
8 1802048
7 1802112
0 1802176
1 1802240
7 1802304
9 1802368
9 1802432
9 1802496
3 1802560
2 1802624
4 1802688
2 1802752
0 1802816
2 1802880
4 1802944
8 1803008
3 1803072
7 1803136
4 1803200
4 1803264
4 1803328
1 1803392
7 1803456
2 1803520
3 1803584
4 1803648
5 1803712
6 1803776
5 1803840
3 1803904
8 1803968
6 1804032
9 1804096
4 1804160
7 1804224
9 1804288
0 1804352
2 1804416
5 1804480
4 1804544
8 1804608
5 1804672
3 1804736
6 1804800
2 1804864
6 1804928
8 1804992
9 1805056
0 1805120
4 1805184
7 1805248
2 1805312
3 1805376
8 1805440
6 1805504
4 1805568
1 1805632
10 1805696
0 1805760
0 1805824
9 1805888
5 1805952
3 1806016
8 1806080
5 1806144
10 1806208
5 1806272
7 1806336
4 1806400
2 1806464
1 1806528
6 1806592
4 1806656
3 1806720
5 1806784
9 1806848
9 1806912
0 1806976
0 1807040
9 1807104
3 1807168
7 1807232
8 1807296
1 1807360
4 1807424
10 1807488
6 1807552
0 1807616
4 1807680
7 1807744
10 1807808
10 1807872
6 1807936
1 1808000
4 1808064
3 1808128
7 1808192
8 1808256
8 1808320
4 1808384
4 1808448
3 1808512
7 1808576
0 1808640
6 1808704
6 1808768
1 1808832
8 1808896
7 1808960
10 1809024
5 1809088
6 1809152
4 1809216
6 1809280
7 1809344
2 1809408
10 1809472
6 1809536
3 1809600
6 1809664
8 1809728
1 1809792
5 1809856
10 1809920
4 1809984
1 1810048
8 1810112
5 1810176
8 1810240
9 1810304
9 1810368
0 1810432
0 1810496
2 1810560
7 1810624
7 1810688
2 1810752
9 1810816
1 1810880
0 1810944
8 1811008
4 1811072
5 1811136
0 1811200
7 1811264
10 1811328
8 1811392
6 1811456
0 1811520
4 1811584
3 1811648
5 1811712
6 1811776
6 1811840
0 1811904
5 1811968
0 1812032
3 1812096
3 1812160
7 1812224
4 1812288
6 1812352
9 1812416
8 1812480
3 1812544
3 1812608
0 1812672
6 1812736
7 1812800
10 1812864
7 1812928
10 1812992
3 1813056
0 1813120
6 1813184
7 1813248
1 1813312
8 1813376
2 1813440
2 1813504
2 1813568
6 1813632
6 1813696
7 1813760
9 1813824
10 1813888
4 1813952
1 1814016
9 1814080
0 1814144
8 1814208
7 1814272
8 1814336
10 1814400
8 1814464
6 1814528
5 1814592
3 1814656
8 1814720
5 1814784
10 1814848
9 1814912
0 1814976
6 1815040
7 1815104
3 1815168
9 1815232
6 1815296
3 1815360
4 1815424
10 1815488
2 1815552
8 1815616
9 1815680
8 1815744
7 1815808
6 1815872
0 1815936
5 1816000
10 1816064
5 1816128
0 1816192
10 1816256
10 1816320
4 1816384
9 1816448
2 1816512
2 1816576
1 1816640
7 1816704
0 1816768
4 1816832
10 1816896
8 1816960
6 1817024
1 1817088
8 1817152
6 1817216
10 1817280
7 1817344
0 1817408
6 1817472
6 1817536
3 1817600
2 1817664
0 1817728
1 1817792
6 1817856
2 1817920
9 1817984
10 1818048
0 1818112
7 1818176
3 1818240
9 1818304
9 1818368
2 1818432
8 1818496
9 1818560
1 1818624
10 1818688
9 1818752
8 1818816
2 1818880
7 1818944
1 1819008
8 1819072
2 1819136
6 1819200
5 1819264
3 1819328
3 1819392
7 1819456
1 1819520
7 1819584
0 1819648
8 1819712
6 1819776
4 1819840
9 1819904
4 1819968
2 1820032
6 1820096
9 1820160
4 1820224
2 1820288
0 1820352
3 1820416
9 1820480
8 1820544
10 1820608
10 1820672
3 1820736
1 1820800
10 1820864
3 1820928
5 1820992
4 1821056
10 1821120
10 1821184
9 1821248
0 1821312
1 1821376
4 1821440
5 1821504
9 1821568
9 1821632
6 1821696
7 1821760
0 1821824
6 1821888
9 1821952
2 1822016
1 1822080
9 1822144
5 1822208
8 1822272
7 1822336
3 1822400
0 1822464
5 1822528
4 1822592
9 1822656
8 1822720
2 1822784
4 1822848
3 1822912
8 1822976
8 1823040
4 1823104
10 1823168
3 1823232
0 1823296
2 1823360
10 1823424
1 1823488
7 1823552
8 1823616
1 1823680
6 1823744
7 1823808
8 1823872
0 1823936
6 1824000
10 1824064
6 1824128
10 1824192
4 1824256
10 1824320
3 1824384
10 1824448
1 1824512
5 1824576
10 1824640
8 1824704
9 1824768
0 1824832
1 1824896
6 1824960
10 1825024
4 1825088
9 1825152
10 1825216
2 1825280
10 1825344
8 1825408
1 1825472
5 1825536
0 1825600
3 1825664
7 1825728
0 1825792
1 1825856
7 1825920
0 1825984
9 1826048
2 1826112
6 1826176
10 1826240
4 1826304
0 1826368
7 1826432
0 1826496
3 1826560
0 1826624
8 1826688
10 1826752
8 1826816
0 1826880
8 1826944
10 1827008
1 1827072
7 1827136
2 1827200
6 1827264
2 1827328
8 1827392
2 1827456
9 1827520
6 1827584
8 1827648
2 1827712
10 1827776
4 1827840
4 1827904
8 1827968
5 1828032
0 1828096
10 1828160
0 1828224
7 1828288
2 1828352
8 1828416
8 1828480
10 1828544
9 1828608
5 1828672
9 1828736
2 1828800
10 1828864
10 1828928
7 1828992
10 1829056
4 1829120
1 1829184
1 1829248
6 1829312
8 1829376
0 1829440
6 1829504
9 1829568
10 1829632
1 1829696
9 1829760
6 1829824
1 1829888
2 1829952
7 1830016
6 1830080
6 1830144
2 1830208
0 1830272
8 1830336
0 1830400
8 1830464
2 1830528
0 1830592
3 1830656
9 1830720
1 1830784
7 1830848
0 1830912
10 1830976
2 1831040
6 1831104
3 1831168
10 1831232
4 1831296
4 1831360
4 1831424
3 1831488
5 1831552
9 1831616
6 1831680
10 1831744
10 1831808
2 1831872
10 1831936
4 1832000
5 1832064
8 1832128
10 1832192
7 1832256
0 1832320
1 1832384
2 1832448
0 1832512
4 1832576
10 1832640
10 1832704
2 1832768
4 1832832
2 1832896
10 1832960
5 1833024
3 1833088
6 1833152
9 1833216
0 1833280
9 1833344
1 1833408
2 1833472
3 1833536
7 1833600
5 1833664
3 1833728
0 1833792
2 1833856
8 1833920
4 1833984
9 1834048
7 1834112
6 1834176
0 1834240
3 1834304
9 1834368
6 1834432
10 1834496
7 1834560
0 1834624
2 1834688
4 1834752
3 1834816
6 1834880
5 1834944
2 1835008
4 1835072
0 1835136
5 1835200
5 1835264
3 1835328
6 1835392
4 1835456
8 1835520
1 1835584
8 1835648
7 1835712
5 1835776
4 1835840
10 1835904
0 1835968
3 1836032
6 1836096
4 1836160
8 1836224
8 1836288
2 1836352
1 1836416
5 1836480
9 1836544
7 1836608
7 1836672
3 1836736
8 1836800
5 1836864
4 1836928
6 1836992
6 1837056
2 1837120
3 1837184
2 1837248
3 1837312
6 1837376
0 1837440
6 1837504
6 1837568
7 1837632
9 1837696
9 1837760
8 1837824
6 1837888
4 1837952
9 1838016
1 1838080
2 1838144
5 1838208
9 1838272
4 1838336
9 1838400
7 1838464
10 1838528
2 1838592
2 1838656
0 1838720
4 1838784
2 1838848
9 1838912
8 1838976
6 1839040
2 1839104
2 1839168
6 1839232
9 1839296
9 1839360
2 1839424
0 1839488
6 1839552
6 1839616
6 1839680
1 1839744
7 1839808
9 1839872
9 1839936
6 1840000
2 1840064
3 1840128
5 1840192
6 1840256
9 1840320
9 1840384
9 1840448
10 1840512
2 1840576
9 1840640
9 1840704
8 1840768
3 1840832
3 1840896
5 1840960
8 1841024
7 1841088
6 1841152
8 1841216
8 1841280
7 1841344
7 1841408
7 1841472
9 1841536
2 1841600
5 1841664
6 1841728
0 1841792
4 1841856
1 1841920
3 1841984
4 1842048
8 1842112
2 1842176
0 1842240
8 1842304
4 1842368
9 1842432
3 1842496
1 1842560
5 1842624
3 1842688
9 1842752
8 1842816
3 1842880
9 1842944
1 1843008
2 1843072
2 1843136
6 1843200
0 1843264
0 1843328
0 1843392
1 1843456
4 1843520
4 1843584
0 1843648
10 1843712
10 1843776
7 1843840
6 1843904
2 1843968
9 1844032
1 1844096
4 1844160
10 1844224
10 1844288
3 1844352
0 1844416
4 1844480
9 1844544
1 1844608
3 1844672
4 1844736
1 1844800
0 1844864
3 1844928
8 1844992
9 1845056
7 1845120
5 1845184
2 1845248
10 1845312
8 1845376
7 1845440
2 1845504
0 1845568
9 1845632
9 1845696
8 1845760
6 1845824
10 1845888
5 1845952
10 1846016
6 1846080
4 1846144
2 1846208
10 1846272
2 1846336
4 1846400
0 1846464
5 1846528
9 1846592
10 1846656
2 1846720
0 1846784
8 1846848
2 1846912
3 1846976
5 1847040
3 1847104
0 1847168
9 1847232
7 1847296
6 1847360
6 1847424
9 1847488
1 1847552
9 1847616
4 1847680
8 1847744
9 1847808
6 1847872
2 1847936
9 1848000
8 1848064
0 1848128
10 1848192
5 1848256
6 1848320
8 1848384
2 1848448
0 1848512
1 1848576
7 1848640
10 1848704
5 1848768
3 1848832
10 1848896
0 1848960
7 1849024
9 1849088
6 1849152
6 1849216
1 1849280
8 1849344
6 1849408
9 1849472
5 1849536
7 1849600
2 1849664
10 1849728
10 1849792
4 1849856
0 1849920
4 1849984
3 1850048
4 1850112
7 1850176
4 1850240
1 1850304
2 1850368
5 1850432
3 1850496
1 1850560
10 1850624
3 1850688
7 1850752
10 1850816
9 1850880
5 1850944
6 1851008
1 1851072
0 1851136
0 1851200
7 1851264
7 1851328
7 1851392
3 1851456
10 1851520
2 1851584
1 1851648
7 1851712
5 1851776
0 1851840
3 1851904
6 1851968
1 1852032
9 1852096
10 1852160
2 1852224
0 1852288
2 1852352
5 1852416
9 1852480
9 1852544
9 1852608
1 1852672
9 1852736
3 1852800
8 1852864
7 1852928
3 1852992
3 1853056
7 1853120
0 1853184
3 1853248
4 1853312
2 1853376
4 1853440
4 1853504
4 1853568
7 1853632
4 1853696
8 1853760
9 1853824
0 1853888
4 1853952
7 1854016
6 1854080
0 1854144
7 1854208
8 1854272
6 1854336
2 1854400
3 1854464
5 1854528
1 1854592
0 1854656
7 1854720
6 1854784
5 1854848
1 1854912
9 1854976
1 1855040
7 1855104
10 1855168
0 1855232
8 1855296
5 1855360
1 1855424
7 1855488
3 1855552
10 1855616
2 1855680
8 1855744
9 1855808
5 1855872
1 1855936
4 1856000
5 1856064
6 1856128
3 1856192
4 1856256
0 1856320
9 1856384
1 1856448
8 1856512
5 1856576
8 1856640
0 1856704
5 1856768
5 1856832
8 1856896
1 1856960
1 1857024
5 1857088
7 1857152
4 1857216
4 1857280
9 1857344
6 1857408
10 1857472
5 1857536
3 1857600
9 1857664
10 1857728
1 1857792
6 1857856
0 1857920
10 1857984
7 1858048
7 1858112
0 1858176
0 1858240
4 1858304
0 1858368
9 1858432
3 1858496
0 1858560
4 1858624
5 1858688
4 1858752
1 1858816
8 1858880
4 1858944
0 1859008
3 1859072
9 1859136
8 1859200
2 1859264
2 1859328
1 1859392
8 1859456
0 1859520
10 1859584
3 1859648
9 1859712
6 1859776
6 1859840
2 1859904
0 1859968
3 1860032
8 1860096
5 1860160
8 1860224
8 1860288
6 1860352
10 1860416
4 1860480
10 1860544
0 1860608
10 1860672
7 1860736
8 1860800
8 1860864
0 1860928
2 1860992
6 1861056
5 1861120
2 1861184
9 1861248
5 1861312
1 1861376
6 1861440
4 1861504
6 1861568
9 1861632
3 1861696
3 1861760
3 1861824
5 1861888
6 1861952
2 1862016
3 1862080
0 1862144
3 1862208
9 1862272
7 1862336
4 1862400
4 1862464
0 1862528
8 1862592
8 1862656
0 1862720
6 1862784
7 1862848
0 1862912
8 1862976
9 1863040
8 1863104
7 1863168
0 1863232
9 1863296
2 1863360
0 1863424
10 1863488
1 1863552
9 1863616
9 1863680
1 1863744
8 1863808
10 1863872
4 1863936
3 1864000
1 1864064
1 1864128
3 1864192
10 1864256
2 1864320
6 1864384
6 1864448
1 1864512
1 1864576
5 1864640
8 1864704
4 1864768
8 1864832
5 1864896
8 1864960
0 1865024
5 1865088
2 1865152
6 1865216
3 1865280
2 1865344
10 1865408
1 1865472
1 1865536
9 1865600
10 1865664
6 1865728
0 1865792
4 1865856
7 1865920
10 1865984
10 1866048
2 1866112
2 1866176
0 1866240
5 1866304
3 1866368
9 1866432
7 1866496
10 1866560
0 1866624
7 1866688
7 1866752
4 1866816
5 1866880
4 1866944
4 1867008
7 1867072
0 1867136
8 1867200
10 1867264
10 1867328
2 1867392
10 1867456
3 1867520
1 1867584
7 1867648
1 1867712
4 1867776
6 1867840
1 1867904
9 1867968
9 1868032
5 1868096
3 1868160
9 1868224
4 1868288
6 1868352
7 1868416
6 1868480
6 1868544
2 1868608
6 1868672
2 1868736
3 1868800
5 1868864
9 1868928
6 1868992
0 1869056
5 1869120
3 1869184
0 1869248
2 1869312
6 1869376
1 1869440
8 1869504
4 1869568
0 1869632
2 1869696
5 1869760
7 1869824
8 1869888
7 1869952
0 1870016
3 1870080
6 1870144
8 1870208
6 1870272
0 1870336
5 1870400
0 1870464
6 1870528
3 1870592
0 1870656
6 1870720
6 1870784
3 1870848
6 1870912
0 1870976
5 1871040
0 1871104
2 1871168
8 1871232
10 1871296
1 1871360
10 1871424
10 1871488
6 1871552
4 1871616
0 1871680
9 1871744
8 1871808
9 1871872
1 1871936
0 1872000
3 1872064
9 1872128
0 1872192
9 1872256
1 1872320
2 1872384
0 1872448
3 1872512
10 1872576
0 1872640
2 1872704
5 1872768
2 1872832
0 1872896
9 1872960
4 1873024
5 1873088
2 1873152
3 1873216
7 1873280
5 1873344
9 1873408
7 1873472
9 1873536
5 1873600
3 1873664
1 1873728
9 1873792
10 1873856
2 1873920
6 1873984
0 1874048
0 1874112
9 1874176
8 1874240
6 1874304
0 1874368
2 1874432
7 1874496
5 1874560
7 1874624
4 1874688
10 1874752
5 1874816
4 1874880
4 1874944
10 1875008
9 1875072
2 1875136
0 1875200
5 1875264
4 1875328
8 1875392
9 1875456
4 1875520
4 1875584
5 1875648
3 1875712
8 1875776
1 1875840
1 1875904
8 1875968
0 1876032
10 1876096
8 1876160
1 1876224
8 1876288
9 1876352
6 1876416
5 1876480
10 1876544
5 1876608
8 1876672
3 1876736
4 1876800
4 1876864
5 1876928
6 1876992
6 1877056
2 1877120
2 1877184
9 1877248
10 1877312
5 1877376
2 1877440
1 1877504
7 1877568
9 1877632
7 1877696
0 1877760
5 1877824
6 1877888
6 1877952
0 1878016
3 1878080
6 1878144
1 1878208
6 1878272
2 1878336
4 1878400
8 1878464
6 1878528
0 1878592
7 1878656
0 1878720
4 1878784
7 1878848
10 1878912
2 1878976
6 1879040
6 1879104
0 1879168
2 1879232
3 1879296
5 1879360
1 1879424
5 1879488
8 1879552
5 1879616
0 1879680
1 1879744
5 1879808
3 1879872
10 1879936
0 1880000
1 1880064
7 1880128
3 1880192
10 1880256
10 1880320
1 1880384
6 1880448
7 1880512
1 1880576
5 1880640
6 1880704
0 1880768
5 1880832
8 1880896
7 1880960
9 1881024
0 1881088
5 1881152
2 1881216
2 1881280
4 1881344
4 1881408
1 1881472
3 1881536
3 1881600
9 1881664
5 1881728
4 1881792
7 1881856
9 1881920
4 1881984
0 1882048
6 1882112
4 1882176
5 1882240
3 1882304
1 1882368
10 1882432
5 1882496
7 1882560
9 1882624
0 1882688
5 1882752
7 1882816
1 1882880
9 1882944
1 1883008
10 1883072
8 1883136
10 1883200
9 1883264
8 1883328
6 1883392
6 1883456
4 1883520
6 1883584
9 1883648
3 1883712
6 1883776
5 1883840
6 1883904
1 1883968
8 1884032
3 1884096
3 1884160
5 1884224
9 1884288
7 1884352
4 1884416
10 1884480
10 1884544
8 1884608
7 1884672
6 1884736
8 1884800
0 1884864
5 1884928
10 1884992
7 1885056
0 1885120
2 1885184
3 1885248
7 1885312
7 1885376
1 1885440
8 1885504
4 1885568
3 1885632
0 1885696
10 1885760
1 1885824
9 1885888
2 1885952
2 1886016
0 1886080
9 1886144
5 1886208
6 1886272
7 1886336
3 1886400
3 1886464
3 1886528
2 1886592
9 1886656
7 1886720
3 1886784
10 1886848
2 1886912
3 1886976
9 1887040
6 1887104
4 1887168
4 1887232
0 1887296
2 1887360
8 1887424
2 1887488
5 1887552
3 1887616
2 1887680
6 1887744
7 1887808
6 1887872
9 1887936
9 1888000
10 1888064
2 1888128
4 1888192
2 1888256
7 1888320
7 1888384
3 1888448
9 1888512
2 1888576
3 1888640
8 1888704
5 1888768
10 1888832
2 1888896
0 1888960
2 1889024
3 1889088
10 1889152
2 1889216
0 1889280
9 1889344
1 1889408
4 1889472
0 1889536
1 1889600
6 1889664
9 1889728
3 1889792
3 1889856
2 1889920
8 1889984
4 1890048
4 1890112
2 1890176
3 1890240
4 1890304
7 1890368
10 1890432
1 1890496
9 1890560
9 1890624
8 1890688
2 1890752
9 1890816
0 1890880
10 1890944
7 1891008
5 1891072
5 1891136
1 1891200
5 1891264
4 1891328
5 1891392
2 1891456
6 1891520
0 1891584
7 1891648
5 1891712
6 1891776
9 1891840
9 1891904
9 1891968
1 1892032
3 1892096
8 1892160
3 1892224
1 1892288
0 1892352
0 1892416
6 1892480
4 1892544
3 1892608
3 1892672
10 1892736
2 1892800
2 1892864
6 1892928
10 1892992
2 1893056
2 1893120
7 1893184
7 1893248
7 1893312
7 1893376
3 1893440
3 1893504
1 1893568
6 1893632
8 1893696
0 1893760
6 1893824
6 1893888
4 1893952
7 1894016
0 1894080
7 1894144
0 1894208
3 1894272
8 1894336
5 1894400
0 1894464
3 1894528
6 1894592
0 1894656
5 1894720
9 1894784
5 1894848
2 1894912
9 1894976
8 1895040
4 1895104
2 1895168
10 1895232
4 1895296
1 1895360
0 1895424
10 1895488
7 1895552
4 1895616
0 1895680
2 1895744
7 1895808
4 1895872
0 1895936
10 1896000
10 1896064
6 1896128
7 1896192
5 1896256
8 1896320
2 1896384
6 1896448
7 1896512
6 1896576
2 1896640
5 1896704
9 1896768
0 1896832
6 1896896
2 1896960
0 1897024
0 1897088
3 1897152
6 1897216
3 1897280
8 1897344
10 1897408
5 1897472
10 1897536
6 1897600
4 1897664
6 1897728
1 1897792
4 1897856
9 1897920
7 1897984
4 1898048
5 1898112
9 1898176
7 1898240
10 1898304
9 1898368
3 1898432
1 1898496
8 1898560
3 1898624
9 1898688
9 1898752
10 1898816
7 1898880
9 1898944
8 1899008
4 1899072
9 1899136
1 1899200
4 1899264
9 1899328
8 1899392
6 1899456
0 1899520
9 1899584
9 1899648
5 1899712
5 1899776
0 1899840
4 1899904
9 1899968
10 1900032
3 1900096
2 1900160
6 1900224
6 1900288
4 1900352
3 1900416
2 1900480
2 1900544
3 1900608
9 1900672
4 1900736
6 1900800
1 1900864
2 1900928
1 1900992
2 1901056
8 1901120
9 1901184
8 1901248
10 1901312
1 1901376
10 1901440
1 1901504
5 1901568
9 1901632
4 1901696
8 1901760
5 1901824
3 1901888
4 1901952
0 1902016
0 1902080
1 1902144
2 1902208
10 1902272
7 1902336
6 1902400
2 1902464
2 1902528
3 1902592
9 1902656
8 1902720
4 1902784
7 1902848
4 1902912
2 1902976
10 1903040
2 1903104
5 1903168
6 1903232
7 1903296
8 1903360
7 1903424
1 1903488
8 1903552
8 1903616
8 1903680
2 1903744
2 1903808
3 1903872
7 1903936
8 1904000
10 1904064
8 1904128
10 1904192
7 1904256
0 1904320
5 1904384
10 1904448
8 1904512
4 1904576
1 1904640
6 1904704
8 1904768
0 1904832
6 1904896
1 1904960
3 1905024
4 1905088
9 1905152
10 1905216
5 1905280
6 1905344
4 1905408
7 1905472
9 1905536
9 1905600
8 1905664
4 1905728
6 1905792
0 1905856
10 1905920
5 1905984
8 1906048
6 1906112
10 1906176
7 1906240
9 1906304
4 1906368
9 1906432
6 1906496
3 1906560
10 1906624
8 1906688
3 1906752
0 1906816
9 1906880
7 1906944
2 1907008
3 1907072
6 1907136
1 1907200
0 1907264
8 1907328
0 1907392
9 1907456
2 1907520
6 1907584
1 1907648
6 1907712
6 1907776
2 1907840
0 1907904
1 1907968
6 1908032
5 1908096
5 1908160
5 1908224
7 1908288
10 1908352
8 1908416
6 1908480
4 1908544
5 1908608
7 1908672
10 1908736
8 1908800
6 1908864
5 1908928
5 1908992
5 1909056
7 1909120
5 1909184
1 1909248
2 1909312
4 1909376
7 1909440
6 1909504
4 1909568
0 1909632
0 1909696
0 1909760
6 1909824
8 1909888
7 1909952
5 1910016
8 1910080
6 1910144
8 1910208
2 1910272
4 1910336
10 1910400
0 1910464
5 1910528
1 1910592
6 1910656
6 1910720
5 1910784
4 1910848
5 1910912
1 1910976
2 1911040
2 1911104
4 1911168
4 1911232
4 1911296
1 1911360
8 1911424
9 1911488
9 1911552
7 1911616
4 1911680
0 1911744
2 1911808
3 1911872
3 1911936
8 1912000
6 1912064
8 1912128
6 1912192
0 1912256
8 1912320
3 1912384
5 1912448
7 1912512
0 1912576
1 1912640
7 1912704
0 1912768
3 1912832
6 1912896
3 1912960
0 1913024
9 1913088
4 1913152
4 1913216
2 1913280
3 1913344
8 1913408
10 1913472
6 1913536
0 1913600
2 1913664
0 1913728
5 1913792
0 1913856
8 1913920
9 1913984
8 1914048
3 1914112
0 1914176
9 1914240
4 1914304
1 1914368
3 1914432
4 1914496
10 1914560
9 1914624
0 1914688
9 1914752
6 1914816
10 1914880
1 1914944
9 1915008
7 1915072
9 1915136
7 1915200
9 1915264
7 1915328
2 1915392
4 1915456
5 1915520
2 1915584
8 1915648
4 1915712
1 1915776
3 1915840
5 1915904
6 1915968
9 1916032
4 1916096
8 1916160
0 1916224
4 1916288
5 1916352
0 1916416
7 1916480
3 1916544
5 1916608
6 1916672
7 1916736
4 1916800
8 1916864
0 1916928
9 1916992
5 1917056
7 1917120
10 1917184
10 1917248
3 1917312
9 1917376
4 1917440
10 1917504
0 1917568
5 1917632
9 1917696
10 1917760
8 1917824
0 1917888
2 1917952
10 1918016
6 1918080
0 1918144
2 1918208
9 1918272
4 1918336
4 1918400
2 1918464
10 1918528
0 1918592
3 1918656
1 1918720
5 1918784
8 1918848
9 1918912
2 1918976
5 1919040
8 1919104
4 1919168
9 1919232
0 1919296
7 1919360
3 1919424
4 1919488
2 1919552
0 1919616
3 1919680
1 1919744
9 1919808
7 1919872
10 1919936
7 1920000
7 1920064
4 1920128
8 1920192
6 1920256
7 1920320
5 1920384
9 1920448
5 1920512
1 1920576
10 1920640
4 1920704
1 1920768
8 1920832
6 1920896
4 1920960
10 1921024
8 1921088
2 1921152
3 1921216
0 1921280
8 1921344
8 1921408
2 1921472
9 1921536
5 1921600
10 1921664
8 1921728
6 1921792
8 1921856
4 1921920
1 1921984
9 1922048
6 1922112
2 1922176
3 1922240
10 1922304
3 1922368
2 1922432
6 1922496
0 1922560
10 1922624
5 1922688
8 1922752
6 1922816
9 1922880
4 1922944
2 1923008
7 1923072
6 1923136
7 1923200
4 1923264
8 1923328
3 1923392
1 1923456
7 1923520
3 1923584
0 1923648
6 1923712
6 1923776
2 1923840
9 1923904
3 1923968
10 1924032
10 1924096
10 1924160
1 1924224
5 1924288
1 1924352
8 1924416
1 1924480
7 1924544
8 1924608
8 1924672
2 1924736
4 1924800
2 1924864
6 1924928
5 1924992
5 1925056
9 1925120
4 1925184
6 1925248
9 1925312
8 1925376
9 1925440
0 1925504
6 1925568
2 1925632
3 1925696
2 1925760
7 1925824
2 1925888
3 1925952
10 1926016
7 1926080
1 1926144
7 1926208
9 1926272
8 1926336
9 1926400
0 1926464
2 1926528
2 1926592
3 1926656
7 1926720
10 1926784
9 1926848
0 1926912
0 1926976
6 1927040
5 1927104
4 1927168
8 1927232
10 1927296
10 1927360
7 1927424
0 1927488
10 1927552
8 1927616
4 1927680
7 1927744
7 1927808
9 1927872
5 1927936
4 1928000
1 1928064
10 1928128
7 1928192
6 1928256
7 1928320
5 1928384
5 1928448
3 1928512
9 1928576
8 1928640
1 1928704
8 1928768
8 1928832
9 1928896
10 1928960
0 1929024
7 1929088
3 1929152
7 1929216
8 1929280
1 1929344
5 1929408
9 1929472
1 1929536
5 1929600
7 1929664
9 1929728
0 1929792
8 1929856
9 1929920
4 1929984
5 1930048
8 1930112
9 1930176
10 1930240
6 1930304
2 1930368
6 1930432
8 1930496
3 1930560
8 1930624
4 1930688
8 1930752
8 1930816
7 1930880
6 1930944
3 1931008
8 1931072
0 1931136
2 1931200
0 1931264
10 1931328
7 1931392
6 1931456
1 1931520
2 1931584
3 1931648
9 1931712
6 1931776
10 1931840
1 1931904
2 1931968
1 1932032
10 1932096
10 1932160
9 1932224
0 1932288
10 1932352
5 1932416
1 1932480
8 1932544
8 1932608
1 1932672
2 1932736
9 1932800
10 1932864
8 1932928
8 1932992
10 1933056
6 1933120
10 1933184
1 1933248
8 1933312
2 1933376
0 1933440
10 1933504
7 1933568
0 1933632
6 1933696
6 1933760
9 1933824
0 1933888
1 1933952
0 1934016
7 1934080
9 1934144
2 1934208
3 1934272
7 1934336
2 1934400
9 1934464
8 1934528
2 1934592
6 1934656
8 1934720
9 1934784
3 1934848
3 1934912
4 1934976
8 1935040
10 1935104
6 1935168
10 1935232
4 1935296
9 1935360
7 1935424
0 1935488
3 1935552
5 1935616
0 1935680
6 1935744
7 1935808
5 1935872
7 1935936
8 1936000
9 1936064
6 1936128
8 1936192
3 1936256
3 1936320
5 1936384
5 1936448
7 1936512
0 1936576
7 1936640
7 1936704
3 1936768
1 1936832
2 1936896
10 1936960
3 1937024
1 1937088
5 1937152
5 1937216
5 1937280
10 1937344
0 1937408
10 1937472
5 1937536
7 1937600
10 1937664
0 1937728
5 1937792
2 1937856
10 1937920
1 1937984
8 1938048
7 1938112
9 1938176
9 1938240
10 1938304
3 1938368
8 1938432
4 1938496
4 1938560
4 1938624
0 1938688
4 1938752
5 1938816
8 1938880
8 1938944
3 1939008
1 1939072
1 1939136
4 1939200
1 1939264
4 1939328
7 1939392
0 1939456
10 1939520
1 1939584
2 1939648
3 1939712
10 1939776
5 1939840
0 1939904
3 1939968
6 1940032
8 1940096
7 1940160
1 1940224
5 1940288
10 1940352
6 1940416
8 1940480
9 1940544
1 1940608
0 1940672
9 1940736
10 1940800
7 1940864
7 1940928
9 1940992
7 1941056
8 1941120
0 1941184
2 1941248
3 1941312
10 1941376
4 1941440
10 1941504
4 1941568
5 1941632
6 1941696
8 1941760
4 1941824
4 1941888
6 1941952
7 1942016
9 1942080
4 1942144
0 1942208
3 1942272
6 1942336
6 1942400
4 1942464
0 1942528
1 1942592
6 1942656
3 1942720
2 1942784
9 1942848
5 1942912
7 1942976
3 1943040
7 1943104
8 1943168
10 1943232
3 1943296
1 1943360
5 1943424
9 1943488
7 1943552
5 1943616
7 1943680
2 1943744
9 1943808
10 1943872
2 1943936
10 1944000
7 1944064
3 1944128
1 1944192
8 1944256
6 1944320
8 1944384
3 1944448
0 1944512
2 1944576
9 1944640
1 1944704
5 1944768
8 1944832
5 1944896
10 1944960
4 1945024
10 1945088
2 1945152
3 1945216
3 1945280
2 1945344
4 1945408
1 1945472
6 1945536
5 1945600
1 1945664
8 1945728
5 1945792
10 1945856
4 1945920
8 1945984
3 1946048
9 1946112
6 1946176
6 1946240
0 1946304
7 1946368
3 1946432
4 1946496
4 1946560
6 1946624
7 1946688
4 1946752
6 1946816
2 1946880
1 1946944
5 1947008
10 1947072
9 1947136
5 1947200
8 1947264
4 1947328
10 1947392
1 1947456
10 1947520
7 1947584
4 1947648
9 1947712
1 1947776
6 1947840
1 1947904
7 1947968
0 1948032
5 1948096
0 1948160
2 1948224
2 1948288
1 1948352
8 1948416
10 1948480
1 1948544
6 1948608
9 1948672
8 1948736
1 1948800
10 1948864
4 1948928
1 1948992
3 1949056
4 1949120
4 1949184
10 1949248
7 1949312
6 1949376
0 1949440
9 1949504
4 1949568
8 1949632
3 1949696
7 1949760
7 1949824
4 1949888
0 1949952
2 1950016
9 1950080
2 1950144
8 1950208
6 1950272
4 1950336
10 1950400
10 1950464
3 1950528
3 1950592
0 1950656
2 1950720
6 1950784
10 1950848
5 1950912
0 1950976
9 1951040
10 1951104
9 1951168
6 1951232
2 1951296
1 1951360
8 1951424
3 1951488
6 1951552
6 1951616
7 1951680
7 1951744
1 1951808
9 1951872
6 1951936
6 1952000
6 1952064
6 1952128
1 1952192
0 1952256
2 1952320
5 1952384
6 1952448
3 1952512
4 1952576
2 1952640
0 1952704
2 1952768
2 1952832
2 1952896
10 1952960
3 1953024
4 1953088
9 1953152
9 1953216
8 1953280
0 1953344
1 1953408
3 1953472
7 1953536
6 1953600
8 1953664
3 1953728
6 1953792
7 1953856
5 1953920
9 1953984
0 1954048
1 1954112
7 1954176
7 1954240
9 1954304
1 1954368
5 1954432
2 1954496
10 1954560
4 1954624
4 1954688
6 1954752
1 1954816
4 1954880
4 1954944
0 1955008
9 1955072
2 1955136
3 1955200
3 1955264
5 1955328
1 1955392
7 1955456
4 1955520
6 1955584
5 1955648
6 1955712
4 1955776
2 1955840
6 1955904
0 1955968
1 1956032
8 1956096
6 1956160
3 1956224
7 1956288
2 1956352
6 1956416
3 1956480
1 1956544
9 1956608
9 1956672
5 1956736
10 1956800
6 1956864
9 1956928
10 1956992
5 1957056
5 1957120
9 1957184
2 1957248
10 1957312
2 1957376
7 1957440
10 1957504
7 1957568
6 1957632
4 1957696
1 1957760
4 1957824
9 1957888
0 1957952
0 1958016
3 1958080
8 1958144
5 1958208
0 1958272
2 1958336
5 1958400
5 1958464
1 1958528
3 1958592
4 1958656
4 1958720
10 1958784
4 1958848
8 1958912
6 1958976
7 1959040
2 1959104
2 1959168
8 1959232
8 1959296
3 1959360
9 1959424
0 1959488
4 1959552
7 1959616
3 1959680
3 1959744
1 1959808
4 1959872
5 1959936
4 1960000
6 1960064
1 1960128
5 1960192
10 1960256
7 1960320
4 1960384
9 1960448
3 1960512
2 1960576
5 1960640
1 1960704
1 1960768
4 1960832
9 1960896
7 1960960
8 1961024
8 1961088
7 1961152
9 1961216
5 1961280
3 1961344
1 1961408
2 1961472
0 1961536
4 1961600
0 1961664
9 1961728
5 1961792
4 1961856
3 1961920
7 1961984
7 1962048
10 1962112
6 1962176
6 1962240
1 1962304
8 1962368
3 1962432
0 1962496
8 1962560
5 1962624
8 1962688
0 1962752
0 1962816
1 1962880
8 1962944
7 1963008
3 1963072
1 1963136
4 1963200
3 1963264
9 1963328
1 1963392
5 1963456
1 1963520
1 1963584
4 1963648
3 1963712
6 1963776
7 1963840
8 1963904
6 1963968
2 1964032
10 1964096
1 1964160
0 1964224
7 1964288
8 1964352
1 1964416
8 1964480
7 1964544
1 1964608
0 1964672
9 1964736
10 1964800
6 1964864
10 1964928
8 1964992
5 1965056
6 1965120
4 1965184
2 1965248
5 1965312
7 1965376
0 1965440
6 1965504
10 1965568
8 1965632
10 1965696
0 1965760
2 1965824
6 1965888
9 1965952
10 1966016
3 1966080
3 1966144
1 1966208
5 1966272
4 1966336
2 1966400
3 1966464
0 1966528
6 1966592
0 1966656
0 1966720
2 1966784
3 1966848
0 1966912
2 1966976
8 1967040
6 1967104
5 1967168
10 1967232
5 1967296
0 1967360
10 1967424
5 1967488
2 1967552
2 1967616
4 1967680
1 1967744
1 1967808
4 1967872
2 1967936
0 1968000
6 1968064
6 1968128
7 1968192
0 1968256
1 1968320
5 1968384
1 1968448
4 1968512
5 1968576
9 1968640
9 1968704
2 1968768
0 1968832
1 1968896
6 1968960
6 1969024
3 1969088
3 1969152
8 1969216
2 1969280
2 1969344
2 1969408
2 1969472
4 1969536
0 1969600
0 1969664
5 1969728
3 1969792
9 1969856
2 1969920
2 1969984
10 1970048
2 1970112
0 1970176
5 1970240
6 1970304
2 1970368
10 1970432
0 1970496
1 1970560
10 1970624
9 1970688
0 1970752
1 1970816
1 1970880
3 1970944
4 1971008
8 1971072
4 1971136
3 1971200
3 1971264
9 1971328
1 1971392
3 1971456
3 1971520
10 1971584
2 1971648
5 1971712
2 1971776
8 1971840
6 1971904
1 1971968
3 1972032
2 1972096
3 1972160
9 1972224
4 1972288
5 1972352
6 1972416
10 1972480
4 1972544
5 1972608
2 1972672
3 1972736
4 1972800
2 1972864
8 1972928
6 1972992
4 1973056
4 1973120
9 1973184
7 1973248
6 1973312
0 1973376
2 1973440
4 1973504
9 1973568
8 1973632
6 1973696
6 1973760
3 1973824
4 1973888
2 1973952
0 1974016
9 1974080
5 1974144
3 1974208
6 1974272
7 1974336
10 1974400
10 1974464
7 1974528
10 1974592
3 1974656
4 1974720
10 1974784
9 1974848
8 1974912
10 1974976
10 1975040
5 1975104
2 1975168
9 1975232
7 1975296
3 1975360
5 1975424
6 1975488
1 1975552
5 1975616
2 1975680
6 1975744
6 1975808
5 1975872
5 1975936
9 1976000
1 1976064
4 1976128
7 1976192
6 1976256
2 1976320
5 1976384
3 1976448
10 1976512
8 1976576
0 1976640
9 1976704
6 1976768
6 1976832
4 1976896
1 1976960
4 1977024
7 1977088
5 1977152
3 1977216
3 1977280
6 1977344
9 1977408
5 1977472
2 1977536
4 1977600
7 1977664
4 1977728
6 1977792
6 1977856
5 1977920
10 1977984
3 1978048
5 1978112
3 1978176
8 1978240
9 1978304
6 1978368
2 1978432
10 1978496
9 1978560
8 1978624
5 1978688
3 1978752
2 1978816
4 1978880
3 1978944
6 1979008
7 1979072
9 1979136
2 1979200
4 1979264
1 1979328
5 1979392
7 1979456
1 1979520
2 1979584
10 1979648
7 1979712
10 1979776
6 1979840
3 1979904
10 1979968
8 1980032
3 1980096
5 1980160
4 1980224
3 1980288
10 1980352
4 1980416
6 1980480
8 1980544
5 1980608
8 1980672
6 1980736
3 1980800
10 1980864
9 1980928
0 1980992
6 1981056
1 1981120
6 1981184
8 1981248
2 1981312
4 1981376
9 1981440
7 1981504
9 1981568
10 1981632
3 1981696
9 1981760
9 1981824
8 1981888
10 1981952
1 1982016
6 1982080
1 1982144
5 1982208
3 1982272
10 1982336
8 1982400
1 1982464
1 1982528
6 1982592
8 1982656
10 1982720
3 1982784
7 1982848
1 1982912
0 1982976
3 1983040
0 1983104
7 1983168
3 1983232
7 1983296
2 1983360
6 1983424
0 1983488
7 1983552
2 1983616
0 1983680
1 1983744
4 1983808
8 1983872
9 1983936
6 1984000
7 1984064
8 1984128
0 1984192
8 1984256
2 1984320
6 1984384
4 1984448
9 1984512
3 1984576
1 1984640
2 1984704
1 1984768
4 1984832
6 1984896
3 1984960
9 1985024
4 1985088
7 1985152
6 1985216
2 1985280
5 1985344
10 1985408
4 1985472
2 1985536
9 1985600
10 1985664
2 1985728
6 1985792
4 1985856
5 1985920
6 1985984
3 1986048
3 1986112
9 1986176
1 1986240
7 1986304
2 1986368
9 1986432
9 1986496
10 1986560
4 1986624
0 1986688
3 1986752
6 1986816
9 1986880
4 1986944
8 1987008
10 1987072
1 1987136
10 1987200
1 1987264
2 1987328
10 1987392
6 1987456
6 1987520
4 1987584
9 1987648
7 1987712
1 1987776
9 1987840
6 1987904
7 1987968
10 1988032
0 1988096
6 1988160
10 1988224
8 1988288
3 1988352
3 1988416
5 1988480
3 1988544
9 1988608
1 1988672
0 1988736
1 1988800
6 1988864
1 1988928
2 1988992
5 1989056
9 1989120
0 1989184
1 1989248
6 1989312
3 1989376
9 1989440
9 1989504
4 1989568
9 1989632
0 1989696
1 1989760
3 1989824
3 1989888
3 1989952
4 1990016
4 1990080
3 1990144
7 1990208
10 1990272
6 1990336
7 1990400
10 1990464
3 1990528
10 1990592
4 1990656
8 1990720
1 1990784
4 1990848
0 1990912
9 1990976
8 1991040
4 1991104
1 1991168
0 1991232
1 1991296
6 1991360
7 1991424
9 1991488
3 1991552
0 1991616
1 1991680
4 1991744
8 1991808
1 1991872
1 1991936
6 1992000
0 1992064
4 1992128
9 1992192
10 1992256
9 1992320
10 1992384
10 1992448
1 1992512
0 1992576
0 1992640
4 1992704
10 1992768
2 1992832
0 1992896
2 1992960
8 1993024
8 1993088
6 1993152
6 1993216
1 1993280
6 1993344
8 1993408
0 1993472
1 1993536
9 1993600
9 1993664
0 1993728
3 1993792
4 1993856
2 1993920
1 1993984
3 1994048
4 1994112
8 1994176
5 1994240
4 1994304
8 1994368
4 1994432
2 1994496
0 1994560
3 1994624
5 1994688
3 1994752
1 1994816
6 1994880
0 1994944
7 1995008
9 1995072
10 1995136
1 1995200
7 1995264
9 1995328
1 1995392
3 1995456
8 1995520
6 1995584
0 1995648
1 1995712
5 1995776
7 1995840
1 1995904
1 1995968
7 1996032
1 1996096
3 1996160
2 1996224
1 1996288
9 1996352
10 1996416
4 1996480
0 1996544
2 1996608
4 1996672
7 1996736
10 1996800
0 1996864
2 1996928
8 1996992
8 1997056
10 1997120
1 1997184
4 1997248
1 1997312
1 1997376
2 1997440
8 1997504
7 1997568
10 1997632
4 1997696
5 1997760
2 1997824
7 1997888
1 1997952
9 1998016
3 1998080
6 1998144
7 1998208
8 1998272
5 1998336
7 1998400
6 1998464
4 1998528
6 1998592
3 1998656
9 1998720
1 1998784
3 1998848
8 1998912
1 1998976
0 1999040
10 1999104
7 1999168
4 1999232
9 1999296
1 1999360
10 1999424
6 1999488
1 1999552
9 1999616
4 1999680
2 1999744
3 1999808
10 1999872
2 1999936
1 2000000
5 2000064
4 2000128
0 2000192
1 2000256
3 2000320
1 2000384
5 2000448
3 2000512
5 2000576
0 2000640
6 2000704
9 2000768
10 2000832
6 2000896
10 2000960
2 2001024
6 2001088
1 2001152
6 2001216
8 2001280
4 2001344
5 2001408
5 2001472
2 2001536
5 2001600
2 2001664
10 2001728
7 2001792
4 2001856
1 2001920
0 2001984
2 2002048
10 2002112
5 2002176
4 2002240
7 2002304
1 2002368
7 2002432
9 2002496
8 2002560
9 2002624
9 2002688
4 2002752
8 2002816
8 2002880
5 2002944
6 2003008
6 2003072
9 2003136
4 2003200
8 2003264
9 2003328
9 2003392
3 2003456
0 2003520
0 2003584
5 2003648
1 2003712
9 2003776
10 2003840
5 2003904
6 2003968
7 2004032
5 2004096
10 2004160
6 2004224
3 2004288
5 2004352
5 2004416
8 2004480
4 2004544
2 2004608
2 2004672
7 2004736
10 2004800
1 2004864
7 2004928
2 2004992
6 2005056
6 2005120
2 2005184
10 2005248
5 2005312
6 2005376
5 2005440
0 2005504
4 2005568
6 2005632
0 2005696
7 2005760
0 2005824
10 2005888
0 2005952
1 2006016
4 2006080
10 2006144
4 2006208
1 2006272
3 2006336
0 2006400
6 2006464
8 2006528
10 2006592
6 2006656
2 2006720
4 2006784
0 2006848
8 2006912
7 2006976
1 2007040
0 2007104
0 2007168
10 2007232
6 2007296
6 2007360
8 2007424
9 2007488
0 2007552
10 2007616
4 2007680
1 2007744
7 2007808
2 2007872
8 2007936
2 2008000
0 2008064
7 2008128
6 2008192
2 2008256
3 2008320
8 2008384
1 2008448
1 2008512
5 2008576
10 2008640
2 2008704
2 2008768
3 2008832
2 2008896
8 2008960
2 2009024
2 2009088
2 2009152
8 2009216
2 2009280
4 2009344
0 2009408
8 2009472
4 2009536
7 2009600
5 2009664
2 2009728
8 2009792
3 2009856
5 2009920
9 2009984
9 2010048
9 2010112
4 2010176
0 2010240
0 2010304
4 2010368
1 2010432
0 2010496
8 2010560
4 2010624
7 2010688
9 2010752
1 2010816
3 2010880
5 2010944
1 2011008
1 2011072
3 2011136
5 2011200
10 2011264
0 2011328
5 2011392
3 2011456
5 2011520
7 2011584
2 2011648
2 2011712
10 2011776
8 2011840
9 2011904
2 2011968
0 2012032
6 2012096
4 2012160
1 2012224
10 2012288
10 2012352
5 2012416
7 2012480
8 2012544
0 2012608
9 2012672
7 2012736
8 2012800
3 2012864
0 2012928
2 2012992
8 2013056
0 2013120
1 2013184
0 2013248
4 2013312
1 2013376
9 2013440
4 2013504
5 2013568
3 2013632
4 2013696
1 2013760
9 2013824
5 2013888
2 2013952
8 2014016
1 2014080
10 2014144
4 2014208
4 2014272
7 2014336
8 2014400
6 2014464
7 2014528
4 2014592
10 2014656
2 2014720
8 2014784
0 2014848
2 2014912
1 2014976
10 2015040
8 2015104
10 2015168
8 2015232
9 2015296
3 2015360
0 2015424
6 2015488
3 2015552
5 2015616
7 2015680
8 2015744
10 2015808
0 2015872
10 2015936
3 2016000
7 2016064
8 2016128
9 2016192
1 2016256
10 2016320
2 2016384
1 2016448
3 2016512
10 2016576
9 2016640
7 2016704
4 2016768
3 2016832
6 2016896
9 2016960
9 2017024
0 2017088
5 2017152
5 2017216
8 2017280
5 2017344
5 2017408
7 2017472
5 2017536
9 2017600
9 2017664
4 2017728
0 2017792
8 2017856
4 2017920
2 2017984
9 2018048
0 2018112
6 2018176
9 2018240
6 2018304
9 2018368
10 2018432
0 2018496
4 2018560
5 2018624
2 2018688
8 2018752
9 2018816
8 2018880
6 2018944
0 2019008
6 2019072
1 2019136
0 2019200
6 2019264
5 2019328
6 2019392
7 2019456
3 2019520
3 2019584
7 2019648
4 2019712
5 2019776
7 2019840
0 2019904
1 2019968
6 2020032
5 2020096
2 2020160
7 2020224
6 2020288
1 2020352
3 2020416
6 2020480
10 2020544
8 2020608
1 2020672
4 2020736
9 2020800
8 2020864
0 2020928
2 2020992
5 2021056
3 2021120
10 2021184
0 2021248
8 2021312
4 2021376
3 2021440
7 2021504
6 2021568
9 2021632
9 2021696
2 2021760
10 2021824
9 2021888
6 2021952
4 2022016
4 2022080
4 2022144
7 2022208
7 2022272
2 2022336
5 2022400
0 2022464
8 2022528
4 2022592
10 2022656
2 2022720
3 2022784
2 2022848
4 2022912
2 2022976
3 2023040
4 2023104
8 2023168
0 2023232
0 2023296
4 2023360
1 2023424
7 2023488
2 2023552
4 2023616
1 2023680
5 2023744
5 2023808
3 2023872
6 2023936
9 2024000
1 2024064
5 2024128
8 2024192
5 2024256
5 2024320
7 2024384
4 2024448
9 2024512
0 2024576
6 2024640
2 2024704
7 2024768
9 2024832
6 2024896
0 2024960
2 2025024
4 2025088
2 2025152
5 2025216
7 2025280
0 2025344
3 2025408
3 2025472
3 2025536
10 2025600
2 2025664
9 2025728
5 2025792
10 2025856
9 2025920
4 2025984
5 2026048
2 2026112
3 2026176
1 2026240
5 2026304
10 2026368
8 2026432
2 2026496
8 2026560
6 2026624
3 2026688
0 2026752
4 2026816
0 2026880
2 2026944
9 2027008
6 2027072
6 2027136
2 2027200
9 2027264
9 2027328
1 2027392
7 2027456
2 2027520
1 2027584
7 2027648
4 2027712
2 2027776
9 2027840
2 2027904
2 2027968
0 2028032
4 2028096
1 2028160
6 2028224
7 2028288
8 2028352
2 2028416
1 2028480
5 2028544
10 2028608
3 2028672
9 2028736
2 2028800
6 2028864
6 2028928
9 2028992
3 2029056
7 2029120
0 2029184
6 2029248
3 2029312
2 2029376
5 2029440
0 2029504
3 2029568
1 2029632
3 2029696
9 2029760
2 2029824
8 2029888
0 2029952
4 2030016
8 2030080
5 2030144
0 2030208
2 2030272
2 2030336
0 2030400
6 2030464
1 2030528
10 2030592
9 2030656
0 2030720
1 2030784
9 2030848
3 2030912
10 2030976
3 2031040
3 2031104
5 2031168
9 2031232
3 2031296
7 2031360
9 2031424
7 2031488
1 2031552
9 2031616
0 2031680
0 2031744
0 2031808
10 2031872
0 2031936
2 2032000
9 2032064
10 2032128
5 2032192
6 2032256
1 2032320
6 2032384
2 2032448
2 2032512
5 2032576
6 2032640
10 2032704
4 2032768
7 2032832
1 2032896
8 2032960
5 2033024
5 2033088
9 2033152
4 2033216
0 2033280
7 2033344
9 2033408
9 2033472
2 2033536
3 2033600
0 2033664
4 2033728
5 2033792
3 2033856
2 2033920
3 2033984
1 2034048
6 2034112
10 2034176
10 2034240
7 2034304
7 2034368
8 2034432
1 2034496
4 2034560
5 2034624
6 2034688
4 2034752
7 2034816
4 2034880
3 2034944
7 2035008
0 2035072
1 2035136
9 2035200
4 2035264
5 2035328
3 2035392
10 2035456
9 2035520
1 2035584
1 2035648
10 2035712
7 2035776
7 2035840
6 2035904
6 2035968
6 2036032
5 2036096
0 2036160
5 2036224
2 2036288
10 2036352
7 2036416
10 2036480
6 2036544
1 2036608
2 2036672
0 2036736
9 2036800
2 2036864
8 2036928
1 2036992
10 2037056
5 2037120
7 2037184
8 2037248
0 2037312
6 2037376
10 2037440
1 2037504
9 2037568
0 2037632
2 2037696
2 2037760
3 2037824
1 2037888
10 2037952
1 2038016
6 2038080
7 2038144
10 2038208
8 2038272
10 2038336
7 2038400
0 2038464
6 2038528
10 2038592
7 2038656
10 2038720
6 2038784
3 2038848
5 2038912
3 2038976
2 2039040
2 2039104
3 2039168
10 2039232
7 2039296
1 2039360
8 2039424
5 2039488
9 2039552
2 2039616
1 2039680
2 2039744
6 2039808
10 2039872
8 2039936
4 2040000
10 2040064
8 2040128
5 2040192
6 2040256
3 2040320
7 2040384
1 2040448
1 2040512
4 2040576
2 2040640
9 2040704
4 2040768
3 2040832
0 2040896
0 2040960
0 2041024
3 2041088
7 2041152
5 2041216
3 2041280
9 2041344
8 2041408
9 2041472
2 2041536
3 2041600
1 2041664
3 2041728
2 2041792
4 2041856
6 2041920
5 2041984
9 2042048
10 2042112
10 2042176
8 2042240
6 2042304
6 2042368
9 2042432
3 2042496
2 2042560
7 2042624
8 2042688
4 2042752
1 2042816
7 2042880
10 2042944
8 2043008
3 2043072
10 2043136
7 2043200
6 2043264
5 2043328
9 2043392
1 2043456
5 2043520
3 2043584
8 2043648
2 2043712
0 2043776
1 2043840
1 2043904
4 2043968
10 2044032
0 2044096
6 2044160
5 2044224
2 2044288
6 2044352
6 2044416
4 2044480
2 2044544
6 2044608
7 2044672
3 2044736
5 2044800
1 2044864
2 2044928
7 2044992
2 2045056
4 2045120
5 2045184
5 2045248
3 2045312
3 2045376
7 2045440
5 2045504
10 2045568
6 2045632
5 2045696
6 2045760
9 2045824
7 2045888
6 2045952
4 2046016
8 2046080
7 2046144
8 2046208
4 2046272
9 2046336
6 2046400
2 2046464
2 2046528
4 2046592
9 2046656
4 2046720
5 2046784
1 2046848
0 2046912
4 2046976
6 2047040
10 2047104
2 2047168
5 2047232
0 2047296
6 2047360
9 2047424
2 2047488
9 2047552
6 2047616
5 2047680
6 2047744
8 2047808
5 2047872
1 2047936
2 2048000
10 2048064
0 2048128
6 2048192
2 2048256
7 2048320
6 2048384
7 2048448
2 2048512
9 2048576
3 2048640
5 2048704
0 2048768
9 2048832
7 2048896
9 2048960
3 2049024
4 2049088
10 2049152
4 2049216
2 2049280
1 2049344
2 2049408
9 2049472
1 2049536
4 2049600
6 2049664
10 2049728
5 2049792
0 2049856
2 2049920
2 2049984
3 2050048
4 2050112
7 2050176
7 2050240
8 2050304
10 2050368
0 2050432
4 2050496
5 2050560
7 2050624
9 2050688
7 2050752
2 2050816
5 2050880
1 2050944
8 2051008
4 2051072
10 2051136
0 2051200
7 2051264
0 2051328
3 2051392
3 2051456
10 2051520
9 2051584
8 2051648
2 2051712
1 2051776
4 2051840
7 2051904
8 2051968
10 2052032
2 2052096
3 2052160
3 2052224
7 2052288
10 2052352
2 2052416
0 2052480
9 2052544
4 2052608
5 2052672
1 2052736
6 2052800
7 2052864
6 2052928
7 2052992
0 2053056
6 2053120
3 2053184
6 2053248
10 2053312
3 2053376
10 2053440
2 2053504
8 2053568
6 2053632
3 2053696
0 2053760
1 2053824
1 2053888
2 2053952
2 2054016
0 2054080
0 2054144
10 2054208
8 2054272
4 2054336
8 2054400
4 2054464
2 2054528
6 2054592
4 2054656
8 2054720
3 2054784
3 2054848
3 2054912
6 2054976
7 2055040
10 2055104
9 2055168
6 2055232
0 2055296
8 2055360
2 2055424
8 2055488
9 2055552
6 2055616
7 2055680
10 2055744
1 2055808
3 2055872
6 2055936
0 2056000
5 2056064
10 2056128
10 2056192
4 2056256
9 2056320
4 2056384
6 2056448
9 2056512
2 2056576
0 2056640
8 2056704
5 2056768
6 2056832
4 2056896
9 2056960
0 2057024
1 2057088
3 2057152
2 2057216
4 2057280
9 2057344
5 2057408
1 2057472
9 2057536
3 2057600
5 2057664
0 2057728
10 2057792
0 2057856
1 2057920
1 2057984
5 2058048
4 2058112
6 2058176
1 2058240
7 2058304
5 2058368
8 2058432
10 2058496
0 2058560
8 2058624
0 2058688
3 2058752
8 2058816
8 2058880
9 2058944
10 2059008
0 2059072
4 2059136
4 2059200
10 2059264
1 2059328
0 2059392
4 2059456
0 2059520
4 2059584
3 2059648
1 2059712
5 2059776
6 2059840
6 2059904
8 2059968
5 2060032
1 2060096
10 2060160
3 2060224
5 2060288
3 2060352
8 2060416
10 2060480
10 2060544
1 2060608
4 2060672
8 2060736
10 2060800
3 2060864
7 2060928
4 2060992
7 2061056
5 2061120
5 2061184
8 2061248
0 2061312
3 2061376
0 2061440
9 2061504
10 2061568
0 2061632
1 2061696
6 2061760
8 2061824
5 2061888
6 2061952
4 2062016
7 2062080
1 2062144
7 2062208
7 2062272
8 2062336
4 2062400
0 2062464
1 2062528
9 2062592
0 2062656
2 2062720
7 2062784
10 2062848
1 2062912
6 2062976
9 2063040
8 2063104
8 2063168
10 2063232
3 2063296
7 2063360
1 2063424
6 2063488
1 2063552
1 2063616
5 2063680
8 2063744
6 2063808
6 2063872
8 2063936
6 2064000
1 2064064
1 2064128
9 2064192
9 2064256
7 2064320
6 2064384
7 2064448
5 2064512
9 2064576
8 2064640
3 2064704
10 2064768
3 2064832
2 2064896
6 2064960
1 2065024
7 2065088
0 2065152
5 2065216
0 2065280
5 2065344
8 2065408
3 2065472
5 2065536
3 2065600
4 2065664
5 2065728
10 2065792
8 2065856
1 2065920
9 2065984
5 2066048
6 2066112
5 2066176
7 2066240
2 2066304
8 2066368
5 2066432
3 2066496
5 2066560
3 2066624
3 2066688
9 2066752
10 2066816
9 2066880
8 2066944
2 2067008
4 2067072
2 2067136
6 2067200
6 2067264
10 2067328
2 2067392
1 2067456
7 2067520
7 2067584
5 2067648
8 2067712
0 2067776
1 2067840
10 2067904
5 2067968
8 2068032
4 2068096
6 2068160
6 2068224
8 2068288
7 2068352
9 2068416
3 2068480
0 2068544
3 2068608
0 2068672
2 2068736
8 2068800
5 2068864
3 2068928
2 2068992
7 2069056
2 2069120
7 2069184
6 2069248
6 2069312
9 2069376
8 2069440
10 2069504
3 2069568
4 2069632
5 2069696
1 2069760
10 2069824
5 2069888
0 2069952
2 2070016
5 2070080
2 2070144
8 2070208
5 2070272
4 2070336
6 2070400
1 2070464
3 2070528
0 2070592
8 2070656
7 2070720
3 2070784
0 2070848
8 2070912
9 2070976
7 2071040
2 2071104
0 2071168
10 2071232
7 2071296
3 2071360
8 2071424
2 2071488
7 2071552
7 2071616
7 2071680
7 2071744
1 2071808
1 2071872
8 2071936
4 2072000
2 2072064
5 2072128
2 2072192
7 2072256
10 2072320
8 2072384
6 2072448
3 2072512
0 2072576
9 2072640
0 2072704
0 2072768
7 2072832
1 2072896
2 2072960
1 2073024
0 2073088
2 2073152
4 2073216
2 2073280
3 2073344
4 2073408
10 2073472
4 2073536
7 2073600
3 2073664
10 2073728
0 2073792
5 2073856
10 2073920
7 2073984
10 2074048
7 2074112
7 2074176
1 2074240
9 2074304
6 2074368
1 2074432
10 2074496
9 2074560
9 2074624
10 2074688
7 2074752
1 2074816
6 2074880
5 2074944
9 2075008
6 2075072
5 2075136
6 2075200
6 2075264
7 2075328
6 2075392
4 2075456
0 2075520
9 2075584
9 2075648
10 2075712
6 2075776
8 2075840
3 2075904
3 2075968
4 2076032
4 2076096
0 2076160
0 2076224
9 2076288
5 2076352
2 2076416
2 2076480
4 2076544
2 2076608
10 2076672
6 2076736
10 2076800
5 2076864
3 2076928
7 2076992
9 2077056
3 2077120
2 2077184
2 2077248
1 2077312
9 2077376
1 2077440
4 2077504
3 2077568
9 2077632
0 2077696
7 2077760
0 2077824
5 2077888
4 2077952
7 2078016
10 2078080
3 2078144
6 2078208
0 2078272
1 2078336
5 2078400
7 2078464
10 2078528
9 2078592
1 2078656
1 2078720
5 2078784
0 2078848
1 2078912
0 2078976
1 2079040
6 2079104
2 2079168
6 2079232
0 2079296
0 2079360
8 2079424
0 2079488
2 2079552
6 2079616
5 2079680
8 2079744
9 2079808
3 2079872
10 2079936
4 2080000
7 2080064
5 2080128
9 2080192
7 2080256
8 2080320
3 2080384
3 2080448
5 2080512
4 2080576
8 2080640
8 2080704
3 2080768
5 2080832
7 2080896
1 2080960
9 2081024
2 2081088
1 2081152
4 2081216
9 2081280
6 2081344
7 2081408
9 2081472
1 2081536
4 2081600
6 2081664
3 2081728
8 2081792
6 2081856
10 2081920
6 2081984
4 2082048
10 2082112
3 2082176
2 2082240
0 2082304
3 2082368
1 2082432
7 2082496
2 2082560
10 2082624
6 2082688
6 2082752
5 2082816
2 2082880
8 2082944
2 2083008
4 2083072
6 2083136
8 2083200
5 2083264
4 2083328
9 2083392
2 2083456
7 2083520
10 2083584
2 2083648
4 2083712
0 2083776
0 2083840
0 2083904
10 2083968
10 2084032
2 2084096
0 2084160
8 2084224
6 2084288
10 2084352
0 2084416
1 2084480
4 2084544
10 2084608
6 2084672
0 2084736
5 2084800
1 2084864
9 2084928
0 2084992
8 2085056
5 2085120
4 2085184
3 2085248
2 2085312
7 2085376
1 2085440
6 2085504
10 2085568
3 2085632
0 2085696
10 2085760
3 2085824
3 2085888
5 2085952
6 2086016
10 2086080
3 2086144
6 2086208
9 2086272
3 2086336
0 2086400
1 2086464
0 2086528
0 2086592
0 2086656
9 2086720
0 2086784
8 2086848
9 2086912
9 2086976
3 2087040
1 2087104
8 2087168
7 2087232
8 2087296
1 2087360
0 2087424
4 2087488
8 2087552
0 2087616
2 2087680
8 2087744
10 2087808
3 2087872
5 2087936
4 2088000
1 2088064
5 2088128
8 2088192
9 2088256
2 2088320
9 2088384
10 2088448
0 2088512
9 2088576
3 2088640
0 2088704
4 2088768
3 2088832
10 2088896
7 2088960
6 2089024
6 2089088
1 2089152
3 2089216
6 2089280
6 2089344
2 2089408
8 2089472
10 2089536
0 2089600
8 2089664
1 2089728
2 2089792
2 2089856
10 2089920
10 2089984
6 2090048
8 2090112
1 2090176
5 2090240
9 2090304
4 2090368
7 2090432
4 2090496
7 2090560
0 2090624
5 2090688
3 2090752
1 2090816
1 2090880
0 2090944
5 2091008
10 2091072
8 2091136
3 2091200
10 2091264
3 2091328
0 2091392
9 2091456
6 2091520
7 2091584
3 2091648
9 2091712
7 2091776
9 2091840
8 2091904
4 2091968
2 2092032
1 2092096
8 2092160
9 2092224
1 2092288
4 2092352
2 2092416
10 2092480
6 2092544
9 2092608
3 2092672
7 2092736
6 2092800
5 2092864
10 2092928
0 2092992
1 2093056
6 2093120
7 2093184
6 2093248
7 2093312
1 2093376
8 2093440
7 2093504
7 2093568
6 2093632
2 2093696
10 2093760
8 2093824
8 2093888
3 2093952
6 2094016
3 2094080
6 2094144
8 2094208
8 2094272
10 2094336
10 2094400
5 2094464
0 2094528
1 2094592
10 2094656
6 2094720
10 2094784
2 2094848
7 2094912
6 2094976
2 2095040
9 2095104
2 2095168
2 2095232
6 2095296
6 2095360
6 2095424
7 2095488
8 2095552
8 2095616
0 2095680
9 2095744
3 2095808
7 2095872
10 2095936
6 2096000
1 2096064
6 2096128
5 2096192
2 2096256
2 2096320
8 2096384
10 2096448
9 2096512
10 2096576
8 2096640
9 2096704
0 2096768
7 2096832
4 2096896
9 2096960
9 2097024
3 2097088
5 2097152
9 2097216
8 2097280
1 2097344
2 2097408
5 2097472
5 2097536
9 2097600
7 2097664
7 2097728
7 2097792
2 2097856
6 2097920
5 2097984
9 2098048
7 2098112
6 2098176
4 2098240
0 2098304
8 2098368
3 2098432
8 2098496
5 2098560
8 2098624
0 2098688
5 2098752
0 2098816
1 2098880
4 2098944
1 2099008
7 2099072
1 2099136
6 2099200
5 2099264
7 2099328
8 2099392
9 2099456
3 2099520
9 2099584
1 2099648
2 2099712
9 2099776
5 2099840
6 2099904
5 2099968
1 2100032
8 2100096
8 2100160
7 2100224
1 2100288
10 2100352
1 2100416
4 2100480
8 2100544
6 2100608
0 2100672
0 2100736
10 2100800
5 2100864
0 2100928
0 2100992
9 2101056
2 2101120
4 2101184
4 2101248
9 2101312
10 2101376
2 2101440
8 2101504
7 2101568
8 2101632
7 2101696
5 2101760
10 2101824
7 2101888
0 2101952
10 2102016
3 2102080
10 2102144
0 2102208
2 2102272
9 2102336
3 2102400
0 2102464
1 2102528
1 2102592
2 2102656
5 2102720
10 2102784
0 2102848
1 2102912
10 2102976
8 2103040
6 2103104
10 2103168
0 2103232
7 2103296
4 2103360
2 2103424
9 2103488
0 2103552
6 2103616
10 2103680
10 2103744
9 2103808
5 2103872
2 2103936
2 2104000
2 2104064
3 2104128
3 2104192
6 2104256
9 2104320
3 2104384
1 2104448
10 2104512
8 2104576
0 2104640
6 2104704
2 2104768
0 2104832
0 2104896
7 2104960
10 2105024
3 2105088
0 2105152
2 2105216
4 2105280
2 2105344
6 2105408
10 2105472
6 2105536
2 2105600
4 2105664
9 2105728
7 2105792
5 2105856
3 2105920
7 2105984
10 2106048
4 2106112
0 2106176
5 2106240
7 2106304
1 2106368
10 2106432
4 2106496
4 2106560
6 2106624
10 2106688
9 2106752
5 2106816
6 2106880
10 2106944
7 2107008
4 2107072
0 2107136
6 2107200
8 2107264
7 2107328
3 2107392
5 2107456
10 2107520
4 2107584
4 2107648
5 2107712
3 2107776
4 2107840
5 2107904
1 2107968
4 2108032
6 2108096
10 2108160
6 2108224
8 2108288
8 2108352
10 2108416
6 2108480
5 2108544
8 2108608
3 2108672
10 2108736
4 2108800
8 2108864
3 2108928
4 2108992
8 2109056
3 2109120
10 2109184
5 2109248
10 2109312
8 2109376
6 2109440
10 2109504
2 2109568
6 2109632
7 2109696
3 2109760
6 2109824
6 2109888
4 2109952
8 2110016
5 2110080
3 2110144
2 2110208
0 2110272
10 2110336
7 2110400
7 2110464
5 2110528
8 2110592
7 2110656
0 2110720
8 2110784
9 2110848
4 2110912
3 2110976
2 2111040
10 2111104
6 2111168
9 2111232
8 2111296
3 2111360
10 2111424
10 2111488
4 2111552
4 2111616
3 2111680
6 2111744
9 2111808
5 2111872
8 2111936
0 2112000
5 2112064
0 2112128
4 2112192
5 2112256
0 2112320
5 2112384
0 2112448
9 2112512
2 2112576
8 2112640
4 2112704
6 2112768
7 2112832
2 2112896
0 2112960
0 2113024
7 2113088
3 2113152
4 2113216
2 2113280
9 2113344
3 2113408
9 2113472
0 2113536
7 2113600
7 2113664
3 2113728
7 2113792
2 2113856
9 2113920
5 2113984
4 2114048
10 2114112
5 2114176
10 2114240
10 2114304
10 2114368
0 2114432
3 2114496
8 2114560
0 2114624
1 2114688
6 2114752
2 2114816
5 2114880
8 2114944
5 2115008
1 2115072
5 2115136
0 2115200
10 2115264
2 2115328
10 2115392
0 2115456
4 2115520
5 2115584
0 2115648
10 2115712
2 2115776
8 2115840
1 2115904
4 2115968
3 2116032
5 2116096
3 2116160
1 2116224
2 2116288
7 2116352
9 2116416
4 2116480
10 2116544
10 2116608
10 2116672
10 2116736
3 2116800
3 2116864
7 2116928
9 2116992
5 2117056
3 2117120
1 2117184
1 2117248
1 2117312
2 2117376
3 2117440
10 2117504
5 2117568
9 2117632
0 2117696
4 2117760
2 2117824
6 2117888
5 2117952
2 2118016
7 2118080
4 2118144
2 2118208
8 2118272
6 2118336
10 2118400
6 2118464
2 2118528
10 2118592
5 2118656
1 2118720
0 2118784
8 2118848
5 2118912
7 2118976
3 2119040
8 2119104
3 2119168
8 2119232
10 2119296
5 2119360
5 2119424
4 2119488
5 2119552
1 2119616
4 2119680
10 2119744
6 2119808
0 2119872
9 2119936
10 2120000
1 2120064
9 2120128
3 2120192
5 2120256
1 2120320
1 2120384
7 2120448
10 2120512
4 2120576
5 2120640
5 2120704
5 2120768
10 2120832
3 2120896
7 2120960
0 2121024
6 2121088
2 2121152
7 2121216
2 2121280
8 2121344
1 2121408
6 2121472
7 2121536
3 2121600
3 2121664
7 2121728
4 2121792
6 2121856
1 2121920
2 2121984
1 2122048
10 2122112
5 2122176
7 2122240
5 2122304
6 2122368
2 2122432
6 2122496
4 2122560
1 2122624
2 2122688
6 2122752
0 2122816
8 2122880
4 2122944
8 2123008
1 2123072
8 2123136
10 2123200
7 2123264
6 2123328
2 2123392
0 2123456
9 2123520
9 2123584
0 2123648
6 2123712
9 2123776
3 2123840
1 2123904
9 2123968
6 2124032
3 2124096
0 2124160
3 2124224
9 2124288
9 2124352
5 2124416
1 2124480
6 2124544
7 2124608
0 2124672
4 2124736
5 2124800
0 2124864
5 2124928
9 2124992
9 2125056
8 2125120
2 2125184
2 2125248
10 2125312
6 2125376
7 2125440
3 2125504
10 2125568
1 2125632
2 2125696
3 2125760
4 2125824
3 2125888
8 2125952
8 2126016
8 2126080
0 2126144
4 2126208
8 2126272
5 2126336
1 2126400
10 2126464
4 2126528
10 2126592
2 2126656
0 2126720
2 2126784
5 2126848
9 2126912
3 2126976
6 2127040
4 2127104
5 2127168
0 2127232
10 2127296
2 2127360
8 2127424
2 2127488
3 2127552
1 2127616
3 2127680
4 2127744
2 2127808
7 2127872
5 2127936
5 2128000
7 2128064
6 2128128
7 2128192
2 2128256
9 2128320
9 2128384
1 2128448
1 2128512
5 2128576
4 2128640
9 2128704
0 2128768
4 2128832
10 2128896
4 2128960
3 2129024
1 2129088
8 2129152
3 2129216
10 2129280
4 2129344
3 2129408
6 2129472
9 2129536
5 2129600
3 2129664
1 2129728
0 2129792
10 2129856
10 2129920
2 2129984
10 2130048
9 2130112
7 2130176
7 2130240
1 2130304
10 2130368
10 2130432
1 2130496
5 2130560
0 2130624
6 2130688
2 2130752
10 2130816
9 2130880
1 2130944
10 2131008
7 2131072
9 2131136
2 2131200
6 2131264
5 2131328
1 2131392
7 2131456
3 2131520
2 2131584
8 2131648
1 2131712
6 2131776
2 2131840
10 2131904
9 2131968
1 2132032
0 2132096
8 2132160
7 2132224
3 2132288
9 2132352
2 2132416
2 2132480
1 2132544
9 2132608
8 2132672
3 2132736
6 2132800
9 2132864
1 2132928
5 2132992
7 2133056
3 2133120
10 2133184
7 2133248
6 2133312
7 2133376
1 2133440
0 2133504
5 2133568
2 2133632
9 2133696
8 2133760
10 2133824
7 2133888
7 2133952
0 2134016
7 2134080
10 2134144
4 2134208
5 2134272
9 2134336
9 2134400
1 2134464
5 2134528
3 2134592
0 2134656
4 2134720
4 2134784
5 2134848
0 2134912
0 2134976
2 2135040
0 2135104
2 2135168
10 2135232
6 2135296
8 2135360
3 2135424
8 2135488
7 2135552
8 2135616
9 2135680
0 2135744
3 2135808
4 2135872
10 2135936
5 2136000
0 2136064
2 2136128
9 2136192
5 2136256
8 2136320
6 2136384
7 2136448
6 2136512
0 2136576
3 2136640
10 2136704
0 2136768
4 2136832
0 2136896
9 2136960
3 2137024
4 2137088
6 2137152
10 2137216
7 2137280
10 2137344
5 2137408
4 2137472
10 2137536
1 2137600
8 2137664
2 2137728
3 2137792
6 2137856
8 2137920
8 2137984
1 2138048
0 2138112
1 2138176
3 2138240
8 2138304
10 2138368
2 2138432
7 2138496
2 2138560
1 2138624
0 2138688
5 2138752
1 2138816
3 2138880
3 2138944
4 2139008
6 2139072
0 2139136
1 2139200
8 2139264
4 2139328
2 2139392
2 2139456
0 2139520
1 2139584
3 2139648
8 2139712
10 2139776
8 2139840
2 2139904
5 2139968
3 2140032
2 2140096
0 2140160
8 2140224
3 2140288
10 2140352
1 2140416
10 2140480
6 2140544
8 2140608
1 2140672
10 2140736
6 2140800
3 2140864
6 2140928
0 2140992
3 2141056
8 2141120
9 2141184
10 2141248
10 2141312
10 2141376
1 2141440
10 2141504
7 2141568
3 2141632
6 2141696
9 2141760
0 2141824
7 2141888
8 2141952
9 2142016
4 2142080
10 2142144
7 2142208
6 2142272
7 2142336
2 2142400
0 2142464
0 2142528
0 2142592
5 2142656
2 2142720
1 2142784
4 2142848
1 2142912
0 2142976
7 2143040
0 2143104
7 2143168
1 2143232
6 2143296
3 2143360
4 2143424
8 2143488
5 2143552
0 2143616
10 2143680
10 2143744
8 2143808
9 2143872
5 2143936
1 2144000
2 2144064
3 2144128
7 2144192
0 2144256
8 2144320
5 2144384
1 2144448
1 2144512
9 2144576
1 2144640
9 2144704
4 2144768
10 2144832
4 2144896
5 2144960
4 2145024
5 2145088
6 2145152
9 2145216
7 2145280
2 2145344
9 2145408
6 2145472
5 2145536
5 2145600
6 2145664
1 2145728
9 2145792
2 2145856
7 2145920
6 2145984
7 2146048
1 2146112
3 2146176
7 2146240
7 2146304
10 2146368
1 2146432
10 2146496
8 2146560
8 2146624
6 2146688
2 2146752
6 2146816
3 2146880
9 2146944
5 2147008
6 2147072
1 2147136
2 2147200
6 2147264
6 2147328
7 2147392
8 2147456
3 2147520
0 2147584
5 2147648
5 2147712
7 2147776
3 2147840
7 2147904
1 2147968
3 2148032
8 2148096
8 2148160
7 2148224
4 2148288
0 2148352
2 2148416
2 2148480
3 2148544
10 2148608
10 2148672
4 2148736
10 2148800
6 2148864
1 2148928
4 2148992
4 2149056
6 2149120
6 2149184
2 2149248
7 2149312
6 2149376
3 2149440
3 2149504
0 2149568
4 2149632
10 2149696
1 2149760
1 2149824
7 2149888
6 2149952
1 2150016
10 2150080
4 2150144
2 2150208
10 2150272
10 2150336
1 2150400
5 2150464
2 2150528
4 2150592
8 2150656
3 2150720
1 2150784
9 2150848
6 2150912
8 2150976
6 2151040
3 2151104
6 2151168
4 2151232
7 2151296
0 2151360
4 2151424
6 2151488
5 2151552
6 2151616
8 2151680
9 2151744
6 2151808
9 2151872
8 2151936
7 2152000
0 2152064
3 2152128
6 2152192
8 2152256
8 2152320
3 2152384
0 2152448
0 2152512
4 2152576
8 2152640
3 2152704
7 2152768
10 2152832
9 2152896
10 2152960
3 2153024
6 2153088
3 2153152
1 2153216
5 2153280
9 2153344
2 2153408
2 2153472
9 2153536
1 2153600
10 2153664
10 2153728
2 2153792
7 2153856
0 2153920
6 2153984
5 2154048
9 2154112
3 2154176
4 2154240
1 2154304
0 2154368
4 2154432
0 2154496
6 2154560
10 2154624
2 2154688
9 2154752
1 2154816
1 2154880
8 2154944
7 2155008
2 2155072
2 2155136
8 2155200
2 2155264
4 2155328
7 2155392
1 2155456
8 2155520
3 2155584
0 2155648
1 2155712
8 2155776
1 2155840
7 2155904
9 2155968
6 2156032
10 2156096
0 2156160
7 2156224
5 2156288
10 2156352
7 2156416
8 2156480
9 2156544
8 2156608
10 2156672
4 2156736
9 2156800
7 2156864
4 2156928
9 2156992
9 2157056
7 2157120
9 2157184
9 2157248
0 2157312
5 2157376
2 2157440
2 2157504
1 2157568
7 2157632
1 2157696
1 2157760
4 2157824
8 2157888
6 2157952
5 2158016
6 2158080
5 2158144
8 2158208
1 2158272
8 2158336
9 2158400
8 2158464
10 2158528
1 2158592
0 2158656
6 2158720
1 2158784
7 2158848
3 2158912
10 2158976
10 2159040
5 2159104
6 2159168
3 2159232
1 2159296
6 2159360
3 2159424
1 2159488
2 2159552
9 2159616
7 2159680
5 2159744
5 2159808
7 2159872
2 2159936
6 2160000
1 2160064
6 2160128
9 2160192
4 2160256
9 2160320
6 2160384
3 2160448
7 2160512
8 2160576
8 2160640
1 2160704
1 2160768
9 2160832
3 2160896
8 2160960
9 2161024
10 2161088
9 2161152
9 2161216
0 2161280
6 2161344
8 2161408
2 2161472
0 2161536
1 2161600
3 2161664
10 2161728
0 2161792
7 2161856
1 2161920
6 2161984
7 2162048
5 2162112
3 2162176
10 2162240
2 2162304
1 2162368
6 2162432
3 2162496
3 2162560
6 2162624
1 2162688
3 2162752
1 2162816
7 2162880
9 2162944
8 2163008
5 2163072
4 2163136
9 2163200
0 2163264
0 2163328
4 2163392
9 2163456
0 2163520
3 2163584
7 2163648
10 2163712
2 2163776
9 2163840
5 2163904
4 2163968
5 2164032
8 2164096
5 2164160
8 2164224
3 2164288
5 2164352
6 2164416
3 2164480
10 2164544
9 2164608
9 2164672
8 2164736
1 2164800
2 2164864
7 2164928
4 2164992
3 2165056
9 2165120
10 2165184
2 2165248
2 2165312
5 2165376
5 2165440
1 2165504
7 2165568
4 2165632
1 2165696
9 2165760
2 2165824
5 2165888
8 2165952
1 2166016
10 2166080
4 2166144
7 2166208
6 2166272
2 2166336
1 2166400
2 2166464
3 2166528
6 2166592
0 2166656
1 2166720
8 2166784
6 2166848
3 2166912
9 2166976
9 2167040
4 2167104
5 2167168
4 2167232
1 2167296
3 2167360
8 2167424
4 2167488
5 2167552
3 2167616
1 2167680
5 2167744
6 2167808
3 2167872
0 2167936
9 2168000
3 2168064
0 2168128
7 2168192
9 2168256
6 2168320
8 2168384
10 2168448
5 2168512
9 2168576
0 2168640
10 2168704
9 2168768
6 2168832
10 2168896
4 2168960
5 2169024
9 2169088
8 2169152
7 2169216
2 2169280
10 2169344
4 2169408
0 2169472
8 2169536
9 2169600
9 2169664
2 2169728
1 2169792
7 2169856
7 2169920
10 2169984
3 2170048
5 2170112
10 2170176
1 2170240
6 2170304
6 2170368
8 2170432
1 2170496
1 2170560
3 2170624
3 2170688
9 2170752
7 2170816
3 2170880
6 2170944
7 2171008
0 2171072
7 2171136
2 2171200
1 2171264
7 2171328
10 2171392
3 2171456
4 2171520
0 2171584
2 2171648
4 2171712
2 2171776
10 2171840
2 2171904
10 2171968
2 2172032
4 2172096
1 2172160
9 2172224
8 2172288
3 2172352
0 2172416
6 2172480
10 2172544
3 2172608
2 2172672
3 2172736
6 2172800
5 2172864
4 2172928
0 2172992
1 2173056
8 2173120
1 2173184
10 2173248
4 2173312
4 2173376
4 2173440
2 2173504
4 2173568
8 2173632
4 2173696
2 2173760
10 2173824
10 2173888
0 2173952
2 2174016
4 2174080
3 2174144
5 2174208
0 2174272
9 2174336
4 2174400
7 2174464
6 2174528
5 2174592
1 2174656
1 2174720
10 2174784
8 2174848
6 2174912
10 2174976
1 2175040
5 2175104
6 2175168
4 2175232
0 2175296
9 2175360
9 2175424
4 2175488
1 2175552
4 2175616
7 2175680
5 2175744
3 2175808
9 2175872
8 2175936
9 2176000
1 2176064
3 2176128
7 2176192
0 2176256
5 2176320
4 2176384
10 2176448
2 2176512
4 2176576
5 2176640
1 2176704
10 2176768
10 2176832
9 2176896
0 2176960
8 2177024
2 2177088
6 2177152
1 2177216
10 2177280
1 2177344
0 2177408
10 2177472
3 2177536
5 2177600
6 2177664
5 2177728
9 2177792
4 2177856
2 2177920
9 2177984
9 2178048
2 2178112
0 2178176
10 2178240
2 2178304
3 2178368
7 2178432
6 2178496
6 2178560
6 2178624
9 2178688
10 2178752
6 2178816
9 2178880
2 2178944
2 2179008
9 2179072
5 2179136
3 2179200
3 2179264
8 2179328
6 2179392
1 2179456
9 2179520
4 2179584
1 2179648
1 2179712
10 2179776
8 2179840
3 2179904
9 2179968
10 2180032
0 2180096
9 2180160
3 2180224
4 2180288
2 2180352
4 2180416
10 2180480
10 2180544
2 2180608
4 2180672
0 2180736
6 2180800
6 2180864
10 2180928
2 2180992
8 2181056
3 2181120
4 2181184
6 2181248
3 2181312
3 2181376
4 2181440
10 2181504
8 2181568
8 2181632
9 2181696
3 2181760
3 2181824
4 2181888
3 2181952
7 2182016
5 2182080
1 2182144
8 2182208
6 2182272
6 2182336
9 2182400
4 2182464
0 2182528
8 2182592
6 2182656
5 2182720
4 2182784
2 2182848
4 2182912
3 2182976
8 2183040
2 2183104
6 2183168
9 2183232
2 2183296
8 2183360
5 2183424
5 2183488
0 2183552
7 2183616
4 2183680
3 2183744
5 2183808
0 2183872
9 2183936
5 2184000
2 2184064
8 2184128
10 2184192
8 2184256
9 2184320
5 2184384
9 2184448
4 2184512
7 2184576
10 2184640
0 2184704
3 2184768
9 2184832
6 2184896
9 2184960
6 2185024
4 2185088
5 2185152
3 2185216
5 2185280
9 2185344
1 2185408
7 2185472
6 2185536
5 2185600
0 2185664
4 2185728
7 2185792
1 2185856
8 2185920
8 2185984
3 2186048
0 2186112
0 2186176
9 2186240
9 2186304
5 2186368
4 2186432
2 2186496
8 2186560
8 2186624
7 2186688
3 2186752
4 2186816
4 2186880
9 2186944
10 2187008
6 2187072
10 2187136
6 2187200
8 2187264
6 2187328
6 2187392
7 2187456
9 2187520
8 2187584
9 2187648
9 2187712
4 2187776
7 2187840
0 2187904
6 2187968
1 2188032
7 2188096
10 2188160
0 2188224
6 2188288
9 2188352
0 2188416
1 2188480
4 2188544
9 2188608
7 2188672
1 2188736
1 2188800
0 2188864
3 2188928
8 2188992
4 2189056
7 2189120
1 2189184
5 2189248
6 2189312
7 2189376
5 2189440
6 2189504
6 2189568
5 2189632
0 2189696
10 2189760
5 2189824
1 2189888
8 2189952
8 2190016
6 2190080
0 2190144
10 2190208
1 2190272
6 2190336
7 2190400
10 2190464
4 2190528
4 2190592
9 2190656
10 2190720
2 2190784
3 2190848
4 2190912
3 2190976
5 2191040
9 2191104
10 2191168
6 2191232
9 2191296
8 2191360
5 2191424
0 2191488
4 2191552
5 2191616
0 2191680
10 2191744
5 2191808
6 2191872
6 2191936
9 2192000
3 2192064
7 2192128
5 2192192
4 2192256
0 2192320
2 2192384
4 2192448
2 2192512
8 2192576
6 2192640
1 2192704
7 2192768
8 2192832
9 2192896
2 2192960
5 2193024
7 2193088
1 2193152
4 2193216
0 2193280
2 2193344
5 2193408
0 2193472
10 2193536
3 2193600
8 2193664
5 2193728
7 2193792
6 2193856
2 2193920
6 2193984
4 2194048
8 2194112
1 2194176
10 2194240
6 2194304
3 2194368
8 2194432
10 2194496
4 2194560
9 2194624
3 2194688
6 2194752
8 2194816
0 2194880
10 2194944
6 2195008
3 2195072
5 2195136
8 2195200
5 2195264
3 2195328
0 2195392
1 2195456
0 2195520
1 2195584
2 2195648
7 2195712
8 2195776
9 2195840
6 2195904
9 2195968
5 2196032
1 2196096
9 2196160
10 2196224
3 2196288
0 2196352
4 2196416
10 2196480
8 2196544
5 2196608
2 2196672
7 2196736
7 2196800
5 2196864
8 2196928
6 2196992
7 2197056
0 2197120
3 2197184
6 2197248
5 2197312
6 2197376
2 2197440
0 2197504
3 2197568
6 2197632
3 2197696
4 2197760
4 2197824
10 2197888
4 2197952
3 2198016
10 2198080
9 2198144
4 2198208
6 2198272
8 2198336
9 2198400
6 2198464
3 2198528
3 2198592
1 2198656
8 2198720
1 2198784
10 2198848
2 2198912
3 2198976
3 2199040
5 2199104
7 2199168
10 2199232
6 2199296
1 2199360
7 2199424
0 2199488
7 2199552
3 2199616
1 2199680
7 2199744
4 2199808
4 2199872
5 2199936
7 2200000
7 2200064
6 2200128
2 2200192
10 2200256
6 2200320
2 2200384
6 2200448
3 2200512
6 2200576
7 2200640
8 2200704
5 2200768
0 2200832
8 2200896
9 2200960
8 2201024
9 2201088
7 2201152
7 2201216
4 2201280
7 2201344
5 2201408
9 2201472
4 2201536
10 2201600
4 2201664
10 2201728
3 2201792
4 2201856
8 2201920
5 2201984
2 2202048
9 2202112
5 2202176
3 2202240
7 2202304
7 2202368
4 2202432
0 2202496
3 2202560
7 2202624
6 2202688
7 2202752
6 2202816
8 2202880
7 2202944
4 2203008
0 2203072
4 2203136
2 2203200
0 2203264
7 2203328
6 2203392
7 2203456
5 2203520
1 2203584
4 2203648
9 2203712
7 2203776
5 2203840
3 2203904
4 2203968
1 2204032
1 2204096
5 2204160
7 2204224
3 2204288
10 2204352
3 2204416
0 2204480
9 2204544
9 2204608
0 2204672
0 2204736
10 2204800
0 2204864
9 2204928
4 2204992
0 2205056
6 2205120
5 2205184
6 2205248
5 2205312
8 2205376
2 2205440
3 2205504
4 2205568
4 2205632
5 2205696
3 2205760
8 2205824
5 2205888
10 2205952
10 2206016
6 2206080
5 2206144
3 2206208
5 2206272
2 2206336
3 2206400
10 2206464
2 2206528
6 2206592
6 2206656
0 2206720
10 2206784
10 2206848
10 2206912
0 2206976
0 2207040
4 2207104
7 2207168
0 2207232
9 2207296
1 2207360
1 2207424
0 2207488
3 2207552
4 2207616
9 2207680
10 2207744
5 2207808
6 2207872
1 2207936
1 2208000
9 2208064
9 2208128
8 2208192
9 2208256
9 2208320
6 2208384
5 2208448
1 2208512
1 2208576
8 2208640
1 2208704
10 2208768
5 2208832
8 2208896
3 2208960
7 2209024
4 2209088
6 2209152
6 2209216
1 2209280
4 2209344
4 2209408
7 2209472
7 2209536
6 2209600
1 2209664
8 2209728
10 2209792
10 2209856
6 2209920
8 2209984
7 2210048
10 2210112
0 2210176
4 2210240
7 2210304
9 2210368
6 2210432
6 2210496
10 2210560
10 2210624
6 2210688
8 2210752
2 2210816
9 2210880
0 2210944
5 2211008
2 2211072
5 2211136
6 2211200
5 2211264
9 2211328
9 2211392
5 2211456
0 2211520
8 2211584
10 2211648
9 2211712
1 2211776
4 2211840
2 2211904
3 2211968
3 2212032
0 2212096
2 2212160
9 2212224
2 2212288
7 2212352
6 2212416
4 2212480
0 2212544
5 2212608
4 2212672
7 2212736
10 2212800
3 2212864
9 2212928
8 2212992
6 2213056
2 2213120
2 2213184
1 2213248
4 2213312
0 2213376
5 2213440
1 2213504
3 2213568
1 2213632
8 2213696
6 2213760
6 2213824
0 2213888
4 2213952
7 2214016
4 2214080
7 2214144
3 2214208
3 2214272
8 2214336
9 2214400
1 2214464
4 2214528
7 2214592
8 2214656
5 2214720
2 2214784
4 2214848
7 2214912
4 2214976
4 2215040
2 2215104
0 2215168
3 2215232
5 2215296
9 2215360
4 2215424
4 2215488
1 2215552
0 2215616
10 2215680
2 2215744
3 2215808
8 2215872
7 2215936
10 2216000
3 2216064
5 2216128
1 2216192
8 2216256
10 2216320
6 2216384
6 2216448
4 2216512
7 2216576
7 2216640
4 2216704
1 2216768
3 2216832
1 2216896
3 2216960
5 2217024
1 2217088
8 2217152
10 2217216
3 2217280
0 2217344
2 2217408
5 2217472
8 2217536
5 2217600
3 2217664
4 2217728
6 2217792
5 2217856
8 2217920
1 2217984
5 2218048
3 2218112
9 2218176
8 2218240
8 2218304
5 2218368
10 2218432
2 2218496
1 2218560
7 2218624
8 2218688
9 2218752
5 2218816
5 2218880
9 2218944
9 2219008
0 2219072
9 2219136
8 2219200
4 2219264
10 2219328
1 2219392
2 2219456
8 2219520
6 2219584
5 2219648
5 2219712
8 2219776
1 2219840
6 2219904
7 2219968
5 2220032
9 2220096
2 2220160
3 2220224
8 2220288
3 2220352
1 2220416
9 2220480
3 2220544
4 2220608
8 2220672
9 2220736
1 2220800
8 2220864
0 2220928
0 2220992
3 2221056
8 2221120
1 2221184
4 2221248
6 2221312
3 2221376
4 2221440
2 2221504
9 2221568
2 2221632
4 2221696
2 2221760
1 2221824
9 2221888
5 2221952
9 2222016
7 2222080
3 2222144
0 2222208
9 2222272
1 2222336
2 2222400
1 2222464
8 2222528
5 2222592
2 2222656
7 2222720
3 2222784
4 2222848
1 2222912
1 2222976
4 2223040
6 2223104
1 2223168
3 2223232
3 2223296
1 2223360
5 2223424
10 2223488
5 2223552
5 2223616
3 2223680
0 2223744
1 2223808
5 2223872
3 2223936
0 2224000
3 2224064
0 2224128
4 2224192
4 2224256
0 2224320
7 2224384
7 2224448
8 2224512
1 2224576
10 2224640
1 2224704
0 2224768
9 2224832
6 2224896
5 2224960
9 2225024
8 2225088
4 2225152
10 2225216
5 2225280
5 2225344
7 2225408
6 2225472
6 2225536
3 2225600
4 2225664
5 2225728
4 2225792
1 2225856
8 2225920
2 2225984
9 2226048
9 2226112
1 2226176
2 2226240
6 2226304
9 2226368
9 2226432
4 2226496
5 2226560
2 2226624
0 2226688
6 2226752
4 2226816
10 2226880
1 2226944
9 2227008
1 2227072
0 2227136
6 2227200
1 2227264
6 2227328
10 2227392
6 2227456
9 2227520
1 2227584
0 2227648
0 2227712
8 2227776
10 2227840
2 2227904
2 2227968
10 2228032
4 2228096
2 2228160
1 2228224
6 2228288
8 2228352
2 2228416
6 2228480
8 2228544
2 2228608
2 2228672
10 2228736
1 2228800
10 2228864
7 2228928
5 2228992
10 2229056
6 2229120
2 2229184
10 2229248
6 2229312
9 2229376
9 2229440
6 2229504
2 2229568
0 2229632
8 2229696
3 2229760
10 2229824
4 2229888
7 2229952
9 2230016
1 2230080
0 2230144
0 2230208
5 2230272
9 2230336
3 2230400
2 2230464
10 2230528
10 2230592
10 2230656
10 2230720
5 2230784
7 2230848
2 2230912
2 2230976
8 2231040
10 2231104
7 2231168
0 2231232
3 2231296
2 2231360
2 2231424
0 2231488
0 2231552
10 2231616
10 2231680
7 2231744
4 2231808
8 2231872
5 2231936
9 2232000
7 2232064
2 2232128
4 2232192
3 2232256
8 2232320
7 2232384
1 2232448
2 2232512
9 2232576
5 2232640
1 2232704
4 2232768
5 2232832
2 2232896
0 2232960
5 2233024
10 2233088
8 2233152
10 2233216
0 2233280
2 2233344
10 2233408
8 2233472
6 2233536
0 2233600
6 2233664
0 2233728
4 2233792
8 2233856
0 2233920
2 2233984
2 2234048
4 2234112
0 2234176
6 2234240
5 2234304
4 2234368
7 2234432
4 2234496
7 2234560
6 2234624
9 2234688
5 2234752
0 2234816
9 2234880
0 2234944
4 2235008
1 2235072
10 2235136
8 2235200
9 2235264
8 2235328
5 2235392
6 2235456
6 2235520
4 2235584
3 2235648
0 2235712
1 2235776
6 2235840
5 2235904
10 2235968
5 2236032
6 2236096
2 2236160
3 2236224
8 2236288
8 2236352
7 2236416
8 2236480
8 2236544
8 2236608
7 2236672
6 2236736
5 2236800
6 2236864
9 2236928
9 2236992
3 2237056
1 2237120
3 2237184
6 2237248
10 2237312
0 2237376
6 2237440
10 2237504
2 2237568
2 2237632
9 2237696
0 2237760
1 2237824
1 2237888
3 2237952
8 2238016
6 2238080
0 2238144
4 2238208
7 2238272
9 2238336
4 2238400
10 2238464
7 2238528
1 2238592
9 2238656
9 2238720
0 2238784
3 2238848
8 2238912
0 2238976
3 2239040
5 2239104
1 2239168
4 2239232
8 2239296
9 2239360
5 2239424
3 2239488
8 2239552
2 2239616
9 2239680
4 2239744
4 2239808
1 2239872
9 2239936
1 2240000
4 2240064
7 2240128
9 2240192
0 2240256
5 2240320
3 2240384
4 2240448
7 2240512
2 2240576
8 2240640
3 2240704
9 2240768
5 2240832
1 2240896
6 2240960
7 2241024
3 2241088
10 2241152
0 2241216
9 2241280
5 2241344
3 2241408
2 2241472
10 2241536
6 2241600
7 2241664
0 2241728
8 2241792
4 2241856
8 2241920
8 2241984
6 2242048
10 2242112
8 2242176
6 2242240
5 2242304
6 2242368
10 2242432
2 2242496
9 2242560
2 2242624
5 2242688
10 2242752
10 2242816
8 2242880
10 2242944
2 2243008
2 2243072
8 2243136
2 2243200
8 2243264
0 2243328
1 2243392
8 2243456
3 2243520
2 2243584
3 2243648
5 2243712
3 2243776
0 2243840
6 2243904
8 2243968
8 2244032
5 2244096
6 2244160
8 2244224
4 2244288
10 2244352
6 2244416
7 2244480
6 2244544
10 2244608
7 2244672
8 2244736
0 2244800
9 2244864
6 2244928
4 2244992
5 2245056
8 2245120
3 2245184
7 2245248
4 2245312
4 2245376
9 2245440
5 2245504
9 2245568
7 2245632
5 2245696
2 2245760
1 2245824
3 2245888
5 2245952
10 2246016
3 2246080
1 2246144
7 2246208
5 2246272
5 2246336
10 2246400
5 2246464
9 2246528
10 2246592
2 2246656
8 2246720
9 2246784
7 2246848
4 2246912
8 2246976
7 2247040
4 2247104
1 2247168
10 2247232
1 2247296
10 2247360
4 2247424
8 2247488
6 2247552
10 2247616
2 2247680
6 2247744
7 2247808
5 2247872
1 2247936
10 2248000
1 2248064
9 2248128
9 2248192
7 2248256
6 2248320
4 2248384
5 2248448
3 2248512
4 2248576
9 2248640
6 2248704
5 2248768
5 2248832
1 2248896
5 2248960
10 2249024
6 2249088
4 2249152
1 2249216
9 2249280
6 2249344
7 2249408
8 2249472
9 2249536
6 2249600
3 2249664
0 2249728
0 2249792
9 2249856
3 2249920
5 2249984
8 2250048
2 2250112
0 2250176
1 2250240
6 2250304
3 2250368
0 2250432
1 2250496
5 2250560
9 2250624
7 2250688
10 2250752
10 2250816
2 2250880
2 2250944
4 2251008
2 2251072
2 2251136
8 2251200
4 2251264
8 2251328
3 2251392
4 2251456
10 2251520
9 2251584
2 2251648
7 2251712
6 2251776
6 2251840
8 2251904
0 2251968
9 2252032
10 2252096
8 2252160
4 2252224
6 2252288
10 2252352
0 2252416
1 2252480
10 2252544
8 2252608
0 2252672
4 2252736
0 2252800
3 2252864
3 2252928
4 2252992
8 2253056
0 2253120
1 2253184
5 2253248
3 2253312
7 2253376
3 2253440
5 2253504
8 2253568
6 2253632
6 2253696
7 2253760
1 2253824
5 2253888
5 2253952
4 2254016
4 2254080
6 2254144
0 2254208
5 2254272
3 2254336
9 2254400
2 2254464
6 2254528
0 2254592
9 2254656
6 2254720
7 2254784
4 2254848
6 2254912
10 2254976
2 2255040
7 2255104
2 2255168
0 2255232
10 2255296
5 2255360
3 2255424
6 2255488
4 2255552
9 2255616
9 2255680
1 2255744
1 2255808
9 2255872
2 2255936
8 2256000
5 2256064
6 2256128
7 2256192
10 2256256
10 2256320
2 2256384
8 2256448
5 2256512
0 2256576
2 2256640
1 2256704
5 2256768
5 2256832
10 2256896
10 2256960
3 2257024
8 2257088
3 2257152
0 2257216
10 2257280
7 2257344
7 2257408
5 2257472
5 2257536
8 2257600
2 2257664
1 2257728
2 2257792
6 2257856
2 2257920
6 2257984
4 2258048
3 2258112
9 2258176
5 2258240
6 2258304
7 2258368
10 2258432
8 2258496
4 2258560
4 2258624
6 2258688
0 2258752
7 2258816
8 2258880
9 2258944
0 2259008
7 2259072
5 2259136
1 2259200
10 2259264
9 2259328
9 2259392
1 2259456
9 2259520
8 2259584
1 2259648
7 2259712
7 2259776
5 2259840
5 2259904
1 2259968
2 2260032
9 2260096
10 2260160
4 2260224
4 2260288
1 2260352
4 2260416
9 2260480
2 2260544
5 2260608
3 2260672
10 2260736
1 2260800
6 2260864
4 2260928
9 2260992
8 2261056
2 2261120
8 2261184
10 2261248
3 2261312
8 2261376
10 2261440
5 2261504
10 2261568
9 2261632
7 2261696
4 2261760
7 2261824
7 2261888
6 2261952
5 2262016
6 2262080
5 2262144
9 2262208
0 2262272
7 2262336
0 2262400
5 2262464
5 2262528
4 2262592
9 2262656
4 2262720
10 2262784
3 2262848
10 2262912
4 2262976
3 2263040
6 2263104
8 2263168
7 2263232
10 2263296
7 2263360
1 2263424
5 2263488
6 2263552
9 2263616
2 2263680
2 2263744
0 2263808
9 2263872
4 2263936
9 2264000
0 2264064
7 2264128
6 2264192
3 2264256
4 2264320
1 2264384
5 2264448
3 2264512
5 2264576
9 2264640
7 2264704
7 2264768
1 2264832
0 2264896
10 2264960
0 2265024
1 2265088
1 2265152
5 2265216
10 2265280
4 2265344
7 2265408
7 2265472
3 2265536
4 2265600
9 2265664
4 2265728
3 2265792
10 2265856
1 2265920
10 2265984
4 2266048
8 2266112
7 2266176
2 2266240
2 2266304
5 2266368
5 2266432
7 2266496
8 2266560
5 2266624
6 2266688
4 2266752
1 2266816
3 2266880
5 2266944
4 2267008
10 2267072
10 2267136
7 2267200
4 2267264
1 2267328
6 2267392
8 2267456
5 2267520
10 2267584
5 2267648
7 2267712
3 2267776
9 2267840
10 2267904
5 2267968
2 2268032
3 2268096
2 2268160
8 2268224
5 2268288
5 2268352
5 2268416
8 2268480
0 2268544
10 2268608
9 2268672
5 2268736
7 2268800
9 2268864
4 2268928
7 2268992
5 2269056
8 2269120
1 2269184
10 2269248
6 2269312
6 2269376
0 2269440
2 2269504
8 2269568
4 2269632
10 2269696
10 2269760
1 2269824
3 2269888
6 2269952
2 2270016
3 2270080
3 2270144
10 2270208
10 2270272
4 2270336
7 2270400
0 2270464
4 2270528
0 2270592
7 2270656
1 2270720
4 2270784
6 2270848
9 2270912
7 2270976
10 2271040
1 2271104
4 2271168
7 2271232
10 2271296
9 2271360
7 2271424
3 2271488
4 2271552
1 2271616
8 2271680
5 2271744
5 2271808
9 2271872
5 2271936
0 2272000
8 2272064
3 2272128
7 2272192
4 2272256
5 2272320
6 2272384
0 2272448
1 2272512
7 2272576
0 2272640
3 2272704
9 2272768
6 2272832
1 2272896
0 2272960
1 2273024
7 2273088
5 2273152
9 2273216
10 2273280
0 2273344
10 2273408
0 2273472
1 2273536
7 2273600
0 2273664
6 2273728
7 2273792
9 2273856
10 2273920
4 2273984
9 2274048
0 2274112
7 2274176
8 2274240
6 2274304
9 2274368
2 2274432
8 2274496
5 2274560
5 2274624
10 2274688
1 2274752
6 2274816
2 2274880
1 2274944
5 2275008
9 2275072
3 2275136
10 2275200
8 2275264
9 2275328
6 2275392
7 2275456
6 2275520
10 2275584
3 2275648
5 2275712
3 2275776
6 2275840
7 2275904
3 2275968
5 2276032
10 2276096
5 2276160
8 2276224
9 2276288
6 2276352
0 2276416
7 2276480
0 2276544
7 2276608
2 2276672
2 2276736
8 2276800
8 2276864
3 2276928
4 2276992
1 2277056
3 2277120
3 2277184
5 2277248
1 2277312
3 2277376
9 2277440
0 2277504
1 2277568
4 2277632
3 2277696
0 2277760
9 2277824
7 2277888
4 2277952
2 2278016
7 2278080
10 2278144
4 2278208
9 2278272
3 2278336
6 2278400
6 2278464
10 2278528
3 2278592
5 2278656
7 2278720
9 2278784
6 2278848
7 2278912
1 2278976
4 2279040
8 2279104
0 2279168
3 2279232
10 2279296
0 2279360
10 2279424
0 2279488
7 2279552
10 2279616
3 2279680
5 2279744
10 2279808
6 2279872
5 2279936
8 2280000
2 2280064
6 2280128
0 2280192
8 2280256
2 2280320
5 2280384
2 2280448
10 2280512
6 2280576
3 2280640
7 2280704
9 2280768
4 2280832
1 2280896
2 2280960
8 2281024
8 2281088
6 2281152
6 2281216
9 2281280
1 2281344
1 2281408
2 2281472
10 2281536
2 2281600
3 2281664
2 2281728
1 2281792
4 2281856
10 2281920
10 2281984
2 2282048
5 2282112
2 2282176
6 2282240
1 2282304
1 2282368
9 2282432
7 2282496
10 2282560
8 2282624
9 2282688
2 2282752
5 2282816
9 2282880
4 2282944
6 2283008
5 2283072
7 2283136
4 2283200
10 2283264
10 2283328
4 2283392
6 2283456
5 2283520
3 2283584
2 2283648
5 2283712
10 2283776
5 2283840
4 2283904
4 2283968
1 2284032
1 2284096
8 2284160
1 2284224
8 2284288
10 2284352
5 2284416
1 2284480
3 2284544
6 2284608
7 2284672
3 2284736
8 2284800
0 2284864
10 2284928
5 2284992
2 2285056
0 2285120
3 2285184
8 2285248
10 2285312
10 2285376
8 2285440
1 2285504
9 2285568
3 2285632
7 2285696
6 2285760
8 2285824
4 2285888
1 2285952
8 2286016
4 2286080
7 2286144
1 2286208
4 2286272
6 2286336
10 2286400
2 2286464
2 2286528
0 2286592
1 2286656
4 2286720
10 2286784
8 2286848
3 2286912
3 2286976
3 2287040
5 2287104
4 2287168
0 2287232
1 2287296
1 2287360
2 2287424
7 2287488
2 2287552
8 2287616
3 2287680
6 2287744
0 2287808
3 2287872
0 2287936
8 2288000
7 2288064
6 2288128
4 2288192
7 2288256
7 2288320
0 2288384
9 2288448
0 2288512
6 2288576
10 2288640
10 2288704
7 2288768
6 2288832
1 2288896
8 2288960
3 2289024
7 2289088
6 2289152
2 2289216
9 2289280
5 2289344
0 2289408
7 2289472
6 2289536
10 2289600
7 2289664
1 2289728
10 2289792
6 2289856
2 2289920
1 2289984
7 2290048
2 2290112
0 2290176
4 2290240
8 2290304
8 2290368
8 2290432
6 2290496
8 2290560
0 2290624
10 2290688
4 2290752
1 2290816
8 2290880
6 2290944
9 2291008
3 2291072
0 2291136
3 2291200
10 2291264
2 2291328
6 2291392
4 2291456
10 2291520
5 2291584
6 2291648
4 2291712
9 2291776
6 2291840
7 2291904
4 2291968
1 2292032
9 2292096
9 2292160
1 2292224
6 2292288
0 2292352
5 2292416
10 2292480
3 2292544
9 2292608
10 2292672
0 2292736
6 2292800
4 2292864
9 2292928
0 2292992
9 2293056
7 2293120
10 2293184
0 2293248
3 2293312
4 2293376
2 2293440
5 2293504
10 2293568
1 2293632
9 2293696
7 2293760
10 2293824
0 2293888
1 2293952
8 2294016
1 2294080
5 2294144
8 2294208
9 2294272
1 2294336
3 2294400
6 2294464
8 2294528
2 2294592
9 2294656
6 2294720
7 2294784
0 2294848
7 2294912
4 2294976
2 2295040
1 2295104
5 2295168
3 2295232
1 2295296
9 2295360
3 2295424
10 2295488
6 2295552
2 2295616
5 2295680
2 2295744
6 2295808
0 2295872
2 2295936
2 2296000
1 2296064
6 2296128
9 2296192
0 2296256
8 2296320
8 2296384
7 2296448
5 2296512
4 2296576
8 2296640
0 2296704
2 2296768
9 2296832
3 2296896
3 2296960
5 2297024
8 2297088
3 2297152
8 2297216
4 2297280
3 2297344
10 2297408
9 2297472
10 2297536
1 2297600
0 2297664
6 2297728
5 2297792
7 2297856
3 2297920
5 2297984
1 2298048
7 2298112
4 2298176
5 2298240
4 2298304
6 2298368
9 2298432
3 2298496
5 2298560
1 2298624
0 2298688
2 2298752
1 2298816
4 2298880
0 2298944
1 2299008
2 2299072
8 2299136
3 2299200
3 2299264
1 2299328
9 2299392
5 2299456
5 2299520
8 2299584
10 2299648
9 2299712
7 2299776
9 2299840
9 2299904
0 2299968
3 2300032
5 2300096
9 2300160
7 2300224
1 2300288
7 2300352
7 2300416
1 2300480
7 2300544
0 2300608
3 2300672
0 2300736
5 2300800
6 2300864
8 2300928
7 2300992
0 2301056
9 2301120
4 2301184
1 2301248
2 2301312
4 2301376
6 2301440
0 2301504
5 2301568
1 2301632
6 2301696
4 2301760
8 2301824
3 2301888
10 2301952
10 2302016
8 2302080
9 2302144
5 2302208
3 2302272
3 2302336
7 2302400
6 2302464
8 2302528
4 2302592
1 2302656
8 2302720
7 2302784
6 2302848
7 2302912
7 2302976
10 2303040
6 2303104
0 2303168
0 2303232
6 2303296
4 2303360
3 2303424
4 2303488
5 2303552
10 2303616
9 2303680
7 2303744
10 2303808
10 2303872
10 2303936
3 2304000
1 2304064
10 2304128
7 2304192
3 2304256
0 2304320
3 2304384
3 2304448
2 2304512
4 2304576
9 2304640
6 2304704
7 2304768
5 2304832
7 2304896
4 2304960
5 2305024
1 2305088
0 2305152
4 2305216
8 2305280
4 2305344
8 2305408
0 2305472
9 2305536
4 2305600
7 2305664
3 2305728
1 2305792
8 2305856
1 2305920
5 2305984
6 2306048
0 2306112
5 2306176
4 2306240
2 2306304
7 2306368
0 2306432
7 2306496
9 2306560
9 2306624
5 2306688
9 2306752
4 2306816
7 2306880
6 2306944
1 2307008
1 2307072
1 2307136
0 2307200
7 2307264
9 2307328
7 2307392
6 2307456
4 2307520
7 2307584
5 2307648
4 2307712
10 2307776
5 2307840
6 2307904
5 2307968
7 2308032
2 2308096
8 2308160
9 2308224
7 2308288
2 2308352
2 2308416
6 2308480
10 2308544
9 2308608
3 2308672
4 2308736
8 2308800
5 2308864
4 2308928
10 2308992
0 2309056
3 2309120
9 2309184
0 2309248
9 2309312
8 2309376
4 2309440
10 2309504
6 2309568
8 2309632
5 2309696
6 2309760
0 2309824
6 2309888
6 2309952
9 2310016
9 2310080
2 2310144
10 2310208
6 2310272
1 2310336
3 2310400
8 2310464
2 2310528
6 2310592
8 2310656
7 2310720
0 2310784
9 2310848
7 2310912
7 2310976
7 2311040
7 2311104
9 2311168
5 2311232
7 2311296
0 2311360
10 2311424
3 2311488
9 2311552
9 2311616
6 2311680
2 2311744
6 2311808
3 2311872
7 2311936
7 2312000
9 2312064
2 2312128
7 2312192
1 2312256
10 2312320
1 2312384
0 2312448
7 2312512
3 2312576
5 2312640
1 2312704
2 2312768
8 2312832
9 2312896
6 2312960
2 2313024
2 2313088
10 2313152
0 2313216
6 2313280
8 2313344
10 2313408
2 2313472
4 2313536
3 2313600
2 2313664
3 2313728
3 2313792
10 2313856
3 2313920
0 2313984
2 2314048
3 2314112
9 2314176
9 2314240
3 2314304
4 2314368
4 2314432
6 2314496
0 2314560
6 2314624
0 2314688
6 2314752
9 2314816
4 2314880
3 2314944
10 2315008
0 2315072
6 2315136
9 2315200
5 2315264
10 2315328
2 2315392
3 2315456
5 2315520
7 2315584
8 2315648
6 2315712
5 2315776
2 2315840
9 2315904
4 2315968
1 2316032
2 2316096
8 2316160
5 2316224
3 2316288
7 2316352
0 2316416
0 2316480
6 2316544
4 2316608
4 2316672
8 2316736
8 2316800
5 2316864
4 2316928
8 2316992
7 2317056
5 2317120
3 2317184
1 2317248
1 2317312
9 2317376
10 2317440
8 2317504
0 2317568
4 2317632
2 2317696
5 2317760
5 2317824
4 2317888
2 2317952
8 2318016
0 2318080
5 2318144
3 2318208
7 2318272
6 2318336
4 2318400
2 2318464
5 2318528
5 2318592
0 2318656
7 2318720
8 2318784
6 2318848
8 2318912
8 2318976
10 2319040
7 2319104
8 2319168
6 2319232
0 2319296
10 2319360
2 2319424
0 2319488
3 2319552
9 2319616
2 2319680
2 2319744
1 2319808
3 2319872
1 2319936
7 2320000
0 2320064
1 2320128
9 2320192
5 2320256
8 2320320
6 2320384
6 2320448
3 2320512
9 2320576
9 2320640
10 2320704
2 2320768
8 2320832
7 2320896
9 2320960
8 2321024
7 2321088
2 2321152
8 2321216
7 2321280
3 2321344
1 2321408
4 2321472
2 2321536
4 2321600
9 2321664
5 2321728
6 2321792
2 2321856
9 2321920
1 2321984
7 2322048
10 2322112
9 2322176
6 2322240
4 2322304
4 2322368
1 2322432
6 2322496
0 2322560
3 2322624
3 2322688
2 2322752
8 2322816
8 2322880
8 2322944
0 2323008
7 2323072
0 2323136
0 2323200
5 2323264
1 2323328
0 2323392
2 2323456
8 2323520
7 2323584
4 2323648
5 2323712
10 2323776
1 2323840
2 2323904
0 2323968
2 2324032
10 2324096
2 2324160
10 2324224
0 2324288
1 2324352
7 2324416
5 2324480
4 2324544
5 2324608
4 2324672
1 2324736
6 2324800
4 2324864
8 2324928
7 2324992
9 2325056
2 2325120
10 2325184
1 2325248
0 2325312
4 2325376
6 2325440
6 2325504
2 2325568
7 2325632
5 2325696
10 2325760
0 2325824
1 2325888
5 2325952
2 2326016
6 2326080
10 2326144
10 2326208
9 2326272
7 2326336
4 2326400
4 2326464
2 2326528
0 2326592
3 2326656
6 2326720
0 2326784
7 2326848
8 2326912
5 2326976
4 2327040
8 2327104
3 2327168
3 2327232
0 2327296
9 2327360
5 2327424
8 2327488
7 2327552
2 2327616
3 2327680
8 2327744
3 2327808
6 2327872
8 2327936
10 2328000
0 2328064
6 2328128
0 2328192
1 2328256
4 2328320
5 2328384
7 2328448
9 2328512
2 2328576
3 2328640
2 2328704
6 2328768
7 2328832
1 2328896
4 2328960
10 2329024
8 2329088
5 2329152
8 2329216
1 2329280
9 2329344
10 2329408
7 2329472
0 2329536
1 2329600
5 2329664
0 2329728
1 2329792
9 2329856
6 2329920
7 2329984
9 2330048
7 2330112
10 2330176
2 2330240
0 2330304
9 2330368
2 2330432
5 2330496
1 2330560
9 2330624
2 2330688
0 2330752
1 2330816
8 2330880
2 2330944
8 2331008
5 2331072
2 2331136
3 2331200
3 2331264
2 2331328
9 2331392
7 2331456
0 2331520
4 2331584
9 2331648
10 2331712
3 2331776
7 2331840
9 2331904
5 2331968
8 2332032
2 2332096
9 2332160
1 2332224
5 2332288
8 2332352
10 2332416
5 2332480
5 2332544
1 2332608
1 2332672
6 2332736
3 2332800
9 2332864
10 2332928
7 2332992
1 2333056
4 2333120
9 2333184
2 2333248
0 2333312
7 2333376
5 2333440
7 2333504
4 2333568
1 2333632
4 2333696
2 2333760
4 2333824
8 2333888
7 2333952
3 2334016
9 2334080
6 2334144
2 2334208
6 2334272
2 2334336
5 2334400
9 2334464
1 2334528
8 2334592
8 2334656
3 2334720
1 2334784
2 2334848
4 2334912
10 2334976
9 2335040
7 2335104
7 2335168
3 2335232
10 2335296
6 2335360
7 2335424
7 2335488
2 2335552
4 2335616
4 2335680
3 2335744
10 2335808
4 2335872
3 2335936
10 2336000
5 2336064
4 2336128
9 2336192
7 2336256
8 2336320
7 2336384
2 2336448
9 2336512
6 2336576
5 2336640
7 2336704
1 2336768
5 2336832
6 2336896
4 2336960
3 2337024
8 2337088
10 2337152
10 2337216
0 2337280
2 2337344
9 2337408
9 2337472
0 2337536
3 2337600
4 2337664
8 2337728
10 2337792
0 2337856
10 2337920
4 2337984
2 2338048
4 2338112
7 2338176
9 2338240
6 2338304
0 2338368
10 2338432
0 2338496
0 2338560
9 2338624
4 2338688
0 2338752
9 2338816
1 2338880
6 2338944
5 2339008
7 2339072
3 2339136
7 2339200
6 2339264
2 2339328
4 2339392
2 2339456
6 2339520
6 2339584
2 2339648
2 2339712
5 2339776
4 2339840
9 2339904
2 2339968
0 2340032
3 2340096
6 2340160
9 2340224
3 2340288
0 2340352
9 2340416
1 2340480
4 2340544
10 2340608
0 2340672
1 2340736
10 2340800
5 2340864
2 2340928
7 2340992
3 2341056
1 2341120
1 2341184
7 2341248
2 2341312
2 2341376
6 2341440
4 2341504
1 2341568
4 2341632
7 2341696
5 2341760
6 2341824
9 2341888
0 2341952
0 2342016
10 2342080
1 2342144
8 2342208
4 2342272
2 2342336
9 2342400
3 2342464
3 2342528
5 2342592
9 2342656
8 2342720
4 2342784
7 2342848
4 2342912
2 2342976
2 2343040
9 2343104
8 2343168
10 2343232
3 2343296
10 2343360
5 2343424
9 2343488
6 2343552
10 2343616
6 2343680
7 2343744
7 2343808
1 2343872
5 2343936
3 2344000
9 2344064
0 2344128
2 2344192
2 2344256
6 2344320
2 2344384
4 2344448
7 2344512
3 2344576
6 2344640
5 2344704
0 2344768
0 2344832
3 2344896
2 2344960
9 2345024
9 2345088
0 2345152
9 2345216
0 2345280
10 2345344
0 2345408
6 2345472
4 2345536
7 2345600
6 2345664
1 2345728
10 2345792
4 2345856
4 2345920
2 2345984
7 2346048
8 2346112
7 2346176
3 2346240
5 2346304
5 2346368
4 2346432
10 2346496
0 2346560
4 2346624
2 2346688
10 2346752
3 2346816
1 2346880
6 2346944
9 2347008
7 2347072
9 2347136
2 2347200
0 2347264
6 2347328
7 2347392
5 2347456
4 2347520
9 2347584
3 2347648
9 2347712
3 2347776
4 2347840
3 2347904
10 2347968
9 2348032
6 2348096
9 2348160
0 2348224
4 2348288
5 2348352
3 2348416
10 2348480
9 2348544
2 2348608
5 2348672
2 2348736
8 2348800
7 2348864
8 2348928
3 2348992
5 2349056
7 2349120
3 2349184
3 2349248
8 2349312
1 2349376
3 2349440
3 2349504
0 2349568
7 2349632
3 2349696
4 2349760
5 2349824
3 2349888
10 2349952
10 2350016
3 2350080
0 2350144
2 2350208
3 2350272
6 2350336
4 2350400
1 2350464
2 2350528
2 2350592
4 2350656
7 2350720
4 2350784
0 2350848
10 2350912
9 2350976
8 2351040
5 2351104
3 2351168
7 2351232
2 2351296
0 2351360
3 2351424
3 2351488
5 2351552
0 2351616
5 2351680
1 2351744
6 2351808
0 2351872
2 2351936
3 2352000
2 2352064
5 2352128
1 2352192
0 2352256
7 2352320
1 2352384
5 2352448
5 2352512
5 2352576
8 2352640
7 2352704
0 2352768
9 2352832
4 2352896
10 2352960
0 2353024
4 2353088
2 2353152
2 2353216
10 2353280
10 2353344
10 2353408
4 2353472
5 2353536
6 2353600
4 2353664
1 2353728
1 2353792
9 2353856
9 2353920
2 2353984
5 2354048
5 2354112
1 2354176
2 2354240
5 2354304
3 2354368
8 2354432
0 2354496
7 2354560
8 2354624
1 2354688
9 2354752
1 2354816
3 2354880
5 2354944
0 2355008
5 2355072
3 2355136
4 2355200
9 2355264
4 2355328
1 2355392
9 2355456
7 2355520
1 2355584
5 2355648
7 2355712
5 2355776
5 2355840
7 2355904
1 2355968
6 2356032
6 2356096
3 2356160
2 2356224
8 2356288
10 2356352
10 2356416
2 2356480
4 2356544
6 2356608
3 2356672
0 2356736
6 2356800
1 2356864
6 2356928
2 2356992
1 2357056
10 2357120
10 2357184
8 2357248
10 2357312
5 2357376
6 2357440
3 2357504
5 2357568
2 2357632
0 2357696
0 2357760
7 2357824
6 2357888
1 2357952
5 2358016
0 2358080
4 2358144
2 2358208
0 2358272
5 2358336
9 2358400
8 2358464
10 2358528
6 2358592
8 2358656
5 2358720
10 2358784
10 2358848
6 2358912
9 2358976
7 2359040
7 2359104
1 2359168
4 2359232
3 2359296
10 2359360
3 2359424
6 2359488
0 2359552
8 2359616
0 2359680
9 2359744
0 2359808
1 2359872
0 2359936
1 2360000
4 2360064
6 2360128
1 2360192
0 2360256
3 2360320
9 2360384
2 2360448
7 2360512
8 2360576
8 2360640
8 2360704
8 2360768
1 2360832
8 2360896
9 2360960
3 2361024
0 2361088
4 2361152
6 2361216
10 2361280
1 2361344
6 2361408
3 2361472
8 2361536
8 2361600
1 2361664
6 2361728
8 2361792
7 2361856
8 2361920
5 2361984
1 2362048
8 2362112
10 2362176
5 2362240
6 2362304
9 2362368
0 2362432
5 2362496
10 2362560
0 2362624
10 2362688
9 2362752
6 2362816
5 2362880
6 2362944
8 2363008
8 2363072
2 2363136
6 2363200
7 2363264
2 2363328
8 2363392
0 2363456
0 2363520
7 2363584
2 2363648
7 2363712
2 2363776
0 2363840
10 2363904
8 2363968
1 2364032
10 2364096
10 2364160
4 2364224
7 2364288
2 2364352
10 2364416
3 2364480
7 2364544
3 2364608
5 2364672
6 2364736
4 2364800
0 2364864
7 2364928
8 2364992
3 2365056
0 2365120
8 2365184
3 2365248
0 2365312
6 2365376
9 2365440
7 2365504
8 2365568
9 2365632
9 2365696
10 2365760
9 2365824
5 2365888
1 2365952
10 2366016
4 2366080
5 2366144
4 2366208
9 2366272
8 2366336
3 2366400
6 2366464
7 2366528
1 2366592
4 2366656
6 2366720
7 2366784
4 2366848
9 2366912
0 2366976
6 2367040
6 2367104
8 2367168
8 2367232
6 2367296
7 2367360
5 2367424
1 2367488
8 2367552
5 2367616
7 2367680
1 2367744
1 2367808
6 2367872
4 2367936
5 2368000
6 2368064
0 2368128
5 2368192
10 2368256
9 2368320
5 2368384
6 2368448
3 2368512
4 2368576
3 2368640
1 2368704
8 2368768
0 2368832
10 2368896
10 2368960
7 2369024
3 2369088
9 2369152
2 2369216
0 2369280
0 2369344
2 2369408
5 2369472
8 2369536
5 2369600
6 2369664
5 2369728
3 2369792
3 2369856
7 2369920
7 2369984
7 2370048
3 2370112
0 2370176
10 2370240
3 2370304
1 2370368
6 2370432
7 2370496
8 2370560
7 2370624
1 2370688
9 2370752
2 2370816
6 2370880
1 2370944
5 2371008
4 2371072
8 2371136
7 2371200
10 2371264
2 2371328
0 2371392
1 2371456
2 2371520
4 2371584
10 2371648
0 2371712
2 2371776
5 2371840
4 2371904
5 2371968
5 2372032
0 2372096
10 2372160
0 2372224
5 2372288
4 2372352
9 2372416
0 2372480
8 2372544
0 2372608
10 2372672
9 2372736
9 2372800
8 2372864
3 2372928
9 2372992
7 2373056
6 2373120
10 2373184
7 2373248
3 2373312
8 2373376
8 2373440
7 2373504
2 2373568
4 2373632
6 2373696
1 2373760
6 2373824
3 2373888
0 2373952
3 2374016
4 2374080
3 2374144
8 2374208
3 2374272
10 2374336
0 2374400
0 2374464
0 2374528
9 2374592
1 2374656
4 2374720
3 2374784
5 2374848
2 2374912
9 2374976
4 2375040
9 2375104
3 2375168
0 2375232
7 2375296
4 2375360
1 2375424
7 2375488
9 2375552
9 2375616
10 2375680
6 2375744
5 2375808
4 2375872
6 2375936
6 2376000
2 2376064
8 2376128
9 2376192
7 2376256
3 2376320
5 2376384
1 2376448
8 2376512
9 2376576
6 2376640
2 2376704
2 2376768
5 2376832
2 2376896
7 2376960
5 2377024
10 2377088
6 2377152
0 2377216
0 2377280
2 2377344
2 2377408
3 2377472
0 2377536
2 2377600
3 2377664
4 2377728
0 2377792
5 2377856
6 2377920
7 2377984
7 2378048
1 2378112
2 2378176
5 2378240
1 2378304
10 2378368
5 2378432
8 2378496
9 2378560
0 2378624
4 2378688
1 2378752
8 2378816
10 2378880
2 2378944
8 2379008
0 2379072
5 2379136
1 2379200
6 2379264
6 2379328
6 2379392
0 2379456
8 2379520
1 2379584
2 2379648
3 2379712
9 2379776
2 2379840
7 2379904
8 2379968
8 2380032
4 2380096
4 2380160
7 2380224
10 2380288
9 2380352
0 2380416
9 2380480
8 2380544
6 2380608
3 2380672
6 2380736
1 2380800
5 2380864
2 2380928
7 2380992
6 2381056
9 2381120
5 2381184
8 2381248
4 2381312
4 2381376
4 2381440
2 2381504
0 2381568
2 2381632
2 2381696
4 2381760
8 2381824
2 2381888
4 2381952
8 2382016
8 2382080
6 2382144
3 2382208
1 2382272
3 2382336
7 2382400
3 2382464
7 2382528
1 2382592
4 2382656
5 2382720
0 2382784
3 2382848
1 2382912
1 2382976
8 2383040
0 2383104
2 2383168
6 2383232
10 2383296
6 2383360
10 2383424
9 2383488
1 2383552
4 2383616
1 2383680
9 2383744
3 2383808
10 2383872
9 2383936
6 2384000
0 2384064
6 2384128
1 2384192
0 2384256
4 2384320
7 2384384
1 2384448
8 2384512
9 2384576
1 2384640
1 2384704
9 2384768
9 2384832
2 2384896
5 2384960
6 2385024
10 2385088
10 2385152
9 2385216
2 2385280
4 2385344
7 2385408
6 2385472
8 2385536
8 2385600
10 2385664
3 2385728
4 2385792
1 2385856
0 2385920
3 2385984
4 2386048
1 2386112
4 2386176
1 2386240
3 2386304
1 2386368
8 2386432
1 2386496
1 2386560
8 2386624
10 2386688
1 2386752
4 2386816
0 2386880
5 2386944
1 2387008
3 2387072
2 2387136
5 2387200
10 2387264
1 2387328
7 2387392
9 2387456
10 2387520
0 2387584
4 2387648
4 2387712
7 2387776
0 2387840
8 2387904
5 2387968
6 2388032
0 2388096
9 2388160
4 2388224
0 2388288
6 2388352
7 2388416
1 2388480
4 2388544
10 2388608
8 2388672
7 2388736
8 2388800
3 2388864
1 2388928
0 2388992
3 2389056
1 2389120
4 2389184
5 2389248
6 2389312
4 2389376
5 2389440
7 2389504
2 2389568
2 2389632
7 2389696
5 2389760
10 2389824
7 2389888
9 2389952
4 2390016
0 2390080
7 2390144
4 2390208
0 2390272
3 2390336
3 2390400
7 2390464
4 2390528
4 2390592
9 2390656
10 2390720
9 2390784
9 2390848
8 2390912
7 2390976
0 2391040
9 2391104
3 2391168
3 2391232
9 2391296
1 2391360
3 2391424
6 2391488
9 2391552
4 2391616
1 2391680
2 2391744
10 2391808
6 2391872
4 2391936
1 2392000
0 2392064
6 2392128
0 2392192
3 2392256
2 2392320
6 2392384
7 2392448
5 2392512
3 2392576
1 2392640
10 2392704
8 2392768
0 2392832
5 2392896
7 2392960
6 2393024
3 2393088
1 2393152
10 2393216
0 2393280
1 2393344
0 2393408
8 2393472
9 2393536
6 2393600
10 2393664
5 2393728
4 2393792
6 2393856
1 2393920
2 2393984
5 2394048
3 2394112
6 2394176
0 2394240
6 2394304
4 2394368
0 2394432
0 2394496
4 2394560
7 2394624
4 2394688
8 2394752
6 2394816
7 2394880
9 2394944
4 2395008
8 2395072
6 2395136
10 2395200
10 2395264
9 2395328
8 2395392
9 2395456
4 2395520
8 2395584
4 2395648
8 2395712
1 2395776
7 2395840
0 2395904
10 2395968
3 2396032
6 2396096
1 2396160
0 2396224
0 2396288
7 2396352
7 2396416
0 2396480
1 2396544
7 2396608
7 2396672
3 2396736
10 2396800
7 2396864
5 2396928
9 2396992
4 2397056
9 2397120
3 2397184
3 2397248
0 2397312
7 2397376
8 2397440
1 2397504
1 2397568
1 2397632
7 2397696
1 2397760
9 2397824
6 2397888
0 2397952
0 2398016
4 2398080
9 2398144
0 2398208
2 2398272
1 2398336
4 2398400
4 2398464
4 2398528
1 2398592
5 2398656
5 2398720
9 2398784
6 2398848
7 2398912
4 2398976
3 2399040
3 2399104
3 2399168
10 2399232
10 2399296
8 2399360
4 2399424
10 2399488
9 2399552
6 2399616
5 2399680
5 2399744
2 2399808
3 2399872
9 2399936
1 2400000
7 2400064
10 2400128
0 2400192
3 2400256
3 2400320
5 2400384
3 2400448
0 2400512
0 2400576
4 2400640
9 2400704
9 2400768
9 2400832
2 2400896
6 2400960
10 2401024
6 2401088
5 2401152
3 2401216
6 2401280
1 2401344
9 2401408
7 2401472
10 2401536
7 2401600
3 2401664
1 2401728
7 2401792
3 2401856
9 2401920
4 2401984
6 2402048
2 2402112
4 2402176
8 2402240
7 2402304
2 2402368
3 2402432
8 2402496
5 2402560
8 2402624
6 2402688
5 2402752
10 2402816
3 2402880
9 2402944
2 2403008
7 2403072
10 2403136
6 2403200
8 2403264
7 2403328
10 2403392
1 2403456
4 2403520
1 2403584
3 2403648
4 2403712
9 2403776
3 2403840
1 2403904
7 2403968
9 2404032
6 2404096
7 2404160
0 2404224
6 2404288
0 2404352
5 2404416
5 2404480
8 2404544
10 2404608
1 2404672
7 2404736
3 2404800
5 2404864
7 2404928
9 2404992
2 2405056
1 2405120
1 2405184
6 2405248
2 2405312
5 2405376
0 2405440
6 2405504
9 2405568
8 2405632
9 2405696
3 2405760
5 2405824
4 2405888
6 2405952
4 2406016
6 2406080
3 2406144
9 2406208
8 2406272
9 2406336
7 2406400
0 2406464
1 2406528
4 2406592
10 2406656
10 2406720
10 2406784
5 2406848
5 2406912
7 2406976
0 2407040
3 2407104
9 2407168
3 2407232
4 2407296
10 2407360
2 2407424
7 2407488
1 2407552
8 2407616
6 2407680
6 2407744
9 2407808
2 2407872
5 2407936
5 2408000
2 2408064
9 2408128
10 2408192
0 2408256
5 2408320
0 2408384
9 2408448
2 2408512
6 2408576
0 2408640
0 2408704
0 2408768
10 2408832
1 2408896
1 2408960
10 2409024
0 2409088
1 2409152
5 2409216
6 2409280
1 2409344
6 2409408
1 2409472
9 2409536
7 2409600
3 2409664
8 2409728
4 2409792
4 2409856
9 2409920
10 2409984
8 2410048
1 2410112
2 2410176
1 2410240
3 2410304
0 2410368
0 2410432
10 2410496
8 2410560
8 2410624
2 2410688
10 2410752
3 2410816
8 2410880
4 2410944
10 2411008
6 2411072
9 2411136
9 2411200
0 2411264
10 2411328
10 2411392
8 2411456
6 2411520
7 2411584
2 2411648
3 2411712
10 2411776
3 2411840
1 2411904
0 2411968
4 2412032
10 2412096
4 2412160
8 2412224
1 2412288
7 2412352
10 2412416
7 2412480
10 2412544
3 2412608
10 2412672
6 2412736
5 2412800
5 2412864
6 2412928
1 2412992
9 2413056
2 2413120
2 2413184
1 2413248
8 2413312
8 2413376
2 2413440
2 2413504
0 2413568
6 2413632
3 2413696
1 2413760
8 2413824
6 2413888
4 2413952
1 2414016
7 2414080
6 2414144
1 2414208
10 2414272
10 2414336
10 2414400
3 2414464
0 2414528
2 2414592
3 2414656
6 2414720
4 2414784
1 2414848
10 2414912
6 2414976
9 2415040
3 2415104
6 2415168
8 2415232
3 2415296
5 2415360
10 2415424
9 2415488
9 2415552
1 2415616
6 2415680
7 2415744
6 2415808
4 2415872
0 2415936
3 2416000
2 2416064
3 2416128
9 2416192
10 2416256
1 2416320
9 2416384
3 2416448
10 2416512
2 2416576
5 2416640
2 2416704
8 2416768
2 2416832
10 2416896
6 2416960
7 2417024
1 2417088
2 2417152
6 2417216
9 2417280
3 2417344
7 2417408
9 2417472
4 2417536
9 2417600
9 2417664
9 2417728
5 2417792
2 2417856
2 2417920
5 2417984
2 2418048
9 2418112
6 2418176
4 2418240
4 2418304
4 2418368
10 2418432
8 2418496
4 2418560
3 2418624
10 2418688
6 2418752
8 2418816
6 2418880
8 2418944
1 2419008
1 2419072
1 2419136
4 2419200
3 2419264
3 2419328
0 2419392
6 2419456
4 2419520
0 2419584
9 2419648
8 2419712
0 2419776
5 2419840
8 2419904
7 2419968
7 2420032
1 2420096
5 2420160
5 2420224
5 2420288
9 2420352
10 2420416
10 2420480
0 2420544
10 2420608
6 2420672
2 2420736
7 2420800
8 2420864
7 2420928
9 2420992
0 2421056
2 2421120
5 2421184
9 2421248
1 2421312
2 2421376
0 2421440
4 2421504
6 2421568
3 2421632
7 2421696
2 2421760
1 2421824
6 2421888
2 2421952
6 2422016
6 2422080
0 2422144
3 2422208
2 2422272
3 2422336
5 2422400
8 2422464
4 2422528
1 2422592
8 2422656
0 2422720
2 2422784
9 2422848
5 2422912
5 2422976
10 2423040
9 2423104
9 2423168
9 2423232
7 2423296
7 2423360
3 2423424
7 2423488
9 2423552
3 2423616
9 2423680
5 2423744
7 2423808
9 2423872
5 2423936
5 2424000
1 2424064
9 2424128
10 2424192
2 2424256
4 2424320
7 2424384
4 2424448
10 2424512
1 2424576
1 2424640
1 2424704
7 2424768
10 2424832
3 2424896
6 2424960
7 2425024
0 2425088
3 2425152
8 2425216
6 2425280
2 2425344
5 2425408
6 2425472
10 2425536
7 2425600
6 2425664
1 2425728
1 2425792
2 2425856
5 2425920
8 2425984
4 2426048
2 2426112
3 2426176
3 2426240
0 2426304
0 2426368
8 2426432
0 2426496
5 2426560
6 2426624
3 2426688
0 2426752
8 2426816
2 2426880
9 2426944
2 2427008
10 2427072
4 2427136
10 2427200
8 2427264
2 2427328
8 2427392
7 2427456
3 2427520
2 2427584
1 2427648
0 2427712
7 2427776
10 2427840
8 2427904
8 2427968
3 2428032
1 2428096
2 2428160
10 2428224
7 2428288
3 2428352
6 2428416
5 2428480
4 2428544
8 2428608
5 2428672
2 2428736
2 2428800
0 2428864
7 2428928
2 2428992
0 2429056
1 2429120
9 2429184
7 2429248
0 2429312
8 2429376
4 2429440
2 2429504
8 2429568
7 2429632
4 2429696
10 2429760
1 2429824
6 2429888
10 2429952
2 2430016
7 2430080
9 2430144
6 2430208
3 2430272
10 2430336
6 2430400
5 2430464
1 2430528
2 2430592
9 2430656
5 2430720
5 2430784
5 2430848
1 2430912
10 2430976
0 2431040
0 2431104
5 2431168
1 2431232
0 2431296
8 2431360
1 2431424
9 2431488
4 2431552
8 2431616
4 2431680
2 2431744
2 2431808
6 2431872
2 2431936
3 2432000
0 2432064
0 2432128
3 2432192
6 2432256
0 2432320
7 2432384
2 2432448
2 2432512
3 2432576
5 2432640
0 2432704
2 2432768
10 2432832
8 2432896
3 2432960
0 2433024
3 2433088
10 2433152
4 2433216
10 2433280
2 2433344
10 2433408
4 2433472
3 2433536
7 2433600
5 2433664
3 2433728
9 2433792
1 2433856
6 2433920
9 2433984
2 2434048
8 2434112
0 2434176
9 2434240
1 2434304
6 2434368
6 2434432
3 2434496
1 2434560
6 2434624
6 2434688
9 2434752
6 2434816
8 2434880
7 2434944
10 2435008
4 2435072
0 2435136
3 2435200
3 2435264
0 2435328
4 2435392
5 2435456
4 2435520
4 2435584
1 2435648
0 2435712
6 2435776
1 2435840
6 2435904
6 2435968
4 2436032
9 2436096
7 2436160
0 2436224
0 2436288
10 2436352
8 2436416
4 2436480
4 2436544
5 2436608
8 2436672
0 2436736
1 2436800
5 2436864
10 2436928
1 2436992
7 2437056
6 2437120
4 2437184
2 2437248
9 2437312
6 2437376
2 2437440
8 2437504
0 2437568
9 2437632
2 2437696
4 2437760
1 2437824
1 2437888
5 2437952
0 2438016
5 2438080
0 2438144
10 2438208
9 2438272
6 2438336
9 2438400
9 2438464
6 2438528
1 2438592
3 2438656
1 2438720
5 2438784
2 2438848
5 2438912
5 2438976
2 2439040
3 2439104
2 2439168
2 2439232
10 2439296
8 2439360
0 2439424
5 2439488
8 2439552
8 2439616
3 2439680
7 2439744
10 2439808
7 2439872
10 2439936
4 2440000
3 2440064
5 2440128
4 2440192
0 2440256
4 2440320
7 2440384
6 2440448
2 2440512
5 2440576
10 2440640
3 2440704
9 2440768
5 2440832
0 2440896
1 2440960
1 2441024
1 2441088
5 2441152
2 2441216
5 2441280
5 2441344
8 2441408
10 2441472
6 2441536
2 2441600
7 2441664
7 2441728
8 2441792
8 2441856
8 2441920
2 2441984
6 2442048
0 2442112
3 2442176
1 2442240
7 2442304
4 2442368
8 2442432
9 2442496
0 2442560
3 2442624
0 2442688
4 2442752
5 2442816
8 2442880
8 2442944
0 2443008
9 2443072
7 2443136
1 2443200
8 2443264
6 2443328
1 2443392
4 2443456
2 2443520
2 2443584
9 2443648
3 2443712
5 2443776
5 2443840
4 2443904
10 2443968
5 2444032
9 2444096
2 2444160
0 2444224
5 2444288
5 2444352
9 2444416
6 2444480
7 2444544
5 2444608
7 2444672
7 2444736
9 2444800
9 2444864
1 2444928
1 2444992
10 2445056
3 2445120
7 2445184
9 2445248
8 2445312
3 2445376
0 2445440
4 2445504
5 2445568
7 2445632
6 2445696
2 2445760
7 2445824
4 2445888
5 2445952
10 2446016
1 2446080
1 2446144
6 2446208
0 2446272
8 2446336
9 2446400
5 2446464
8 2446528
9 2446592
7 2446656
0 2446720
1 2446784
5 2446848
10 2446912
2 2446976
2 2447040
1 2447104
3 2447168
3 2447232
6 2447296
8 2447360
9 2447424
6 2447488
0 2447552
0 2447616
8 2447680
3 2447744
4 2447808
7 2447872
6 2447936
10 2448000
1 2448064
2 2448128
10 2448192
8 2448256
10 2448320
9 2448384
8 2448448
9 2448512
9 2448576
3 2448640
0 2448704
10 2448768
7 2448832
4 2448896
6 2448960
1 2449024
1 2449088
3 2449152
9 2449216
9 2449280
10 2449344
7 2449408
9 2449472
9 2449536
2 2449600
7 2449664
1 2449728
10 2449792
5 2449856
6 2449920
0 2449984
3 2450048
3 2450112
8 2450176
10 2450240
7 2450304
8 2450368
8 2450432
10 2450496
5 2450560
2 2450624
8 2450688
5 2450752
10 2450816
8 2450880
9 2450944
8 2451008
6 2451072
8 2451136
10 2451200
1 2451264
8 2451328
4 2451392
3 2451456
9 2451520
7 2451584
6 2451648
3 2451712
0 2451776
9 2451840
0 2451904
10 2451968
0 2452032
7 2452096
3 2452160
7 2452224
9 2452288
4 2452352
9 2452416
9 2452480
9 2452544
10 2452608
4 2452672
4 2452736
5 2452800
7 2452864
10 2452928
10 2452992
10 2453056
4 2453120
4 2453184
4 2453248
1 2453312
0 2453376
7 2453440
6 2453504
9 2453568
2 2453632
6 2453696
2 2453760
6 2453824
10 2453888
5 2453952
4 2454016
10 2454080
3 2454144
4 2454208
7 2454272
5 2454336
9 2454400
1 2454464
6 2454528
0 2454592
4 2454656
3 2454720
5 2454784
9 2454848
10 2454912
8 2454976
3 2455040
9 2455104
8 2455168
5 2455232
10 2455296
10 2455360
9 2455424
0 2455488
7 2455552
9 2455616
9 2455680
6 2455744
5 2455808
8 2455872
5 2455936
7 2456000
8 2456064
3 2456128
10 2456192
7 2456256
5 2456320
6 2456384
10 2456448
8 2456512
1 2456576
6 2456640
7 2456704
8 2456768
4 2456832
3 2456896
4 2456960
10 2457024
0 2457088
7 2457152
3 2457216
0 2457280
7 2457344
10 2457408
10 2457472
1 2457536
10 2457600
7 2457664
7 2457728
6 2457792
1 2457856
10 2457920
10 2457984
3 2458048
5 2458112
10 2458176
0 2458240
10 2458304
10 2458368
0 2458432
7 2458496
8 2458560
8 2458624
3 2458688
6 2458752
9 2458816
2 2458880
2 2458944
3 2459008
3 2459072
8 2459136
5 2459200
4 2459264
0 2459328
3 2459392
3 2459456
6 2459520
9 2459584
9 2459648
9 2459712
5 2459776
2 2459840
8 2459904
5 2459968
10 2460032
0 2460096
2 2460160
3 2460224
1 2460288
2 2460352
10 2460416
6 2460480
5 2460544
3 2460608
2 2460672
7 2460736
3 2460800
5 2460864
10 2460928
5 2460992
1 2461056
4 2461120
9 2461184
7 2461248
2 2461312
4 2461376
9 2461440
0 2461504
3 2461568
2 2461632
2 2461696
3 2461760
4 2461824
7 2461888
7 2461952
1 2462016
4 2462080
6 2462144
9 2462208
5 2462272
0 2462336
9 2462400
3 2462464
5 2462528
5 2462592
5 2462656
5 2462720
7 2462784
0 2462848
2 2462912
0 2462976
0 2463040
6 2463104
1 2463168
7 2463232
4 2463296
1 2463360
3 2463424
6 2463488
4 2463552
4 2463616
5 2463680
9 2463744
4 2463808
7 2463872
6 2463936
1 2464000
2 2464064
1 2464128
8 2464192
9 2464256
3 2464320
10 2464384
9 2464448
1 2464512
10 2464576
2 2464640
7 2464704
10 2464768
0 2464832
6 2464896
5 2464960
0 2465024
7 2465088
6 2465152
1 2465216
2 2465280
2 2465344
2 2465408
8 2465472
10 2465536
3 2465600
10 2465664
10 2465728
0 2465792
5 2465856
6 2465920
4 2465984
4 2466048
6 2466112
8 2466176
5 2466240
3 2466304
10 2466368
0 2466432
4 2466496
5 2466560
5 2466624
5 2466688
5 2466752
9 2466816
5 2466880
0 2466944
2 2467008
6 2467072
3 2467136
5 2467200
6 2467264
0 2467328
7 2467392
7 2467456
7 2467520
8 2467584
9 2467648
10 2467712
4 2467776
3 2467840
3 2467904
10 2467968
2 2468032
7 2468096
6 2468160
3 2468224
9 2468288
9 2468352
0 2468416
4 2468480
10 2468544
6 2468608
0 2468672
0 2468736
8 2468800
2 2468864
3 2468928
6 2468992
9 2469056
6 2469120
10 2469184
2 2469248
6 2469312
9 2469376
0 2469440
2 2469504
10 2469568
2 2469632
2 2469696
0 2469760
9 2469824
7 2469888
5 2469952
5 2470016
10 2470080
0 2470144
6 2470208
1 2470272
7 2470336
9 2470400
0 2470464
6 2470528
10 2470592
7 2470656
0 2470720
1 2470784
5 2470848
10 2470912
1 2470976
2 2471040
0 2471104
0 2471168
3 2471232
9 2471296
3 2471360
4 2471424
4 2471488
9 2471552
0 2471616
7 2471680
6 2471744
9 2471808
7 2471872
2 2471936
1 2472000
6 2472064
2 2472128
1 2472192
8 2472256
10 2472320
3 2472384
10 2472448
3 2472512
10 2472576
3 2472640
9 2472704
10 2472768
1 2472832
9 2472896
2 2472960
9 2473024
6 2473088
10 2473152
9 2473216
2 2473280
1 2473344
0 2473408
5 2473472
3 2473536
0 2473600
7 2473664
1 2473728
2 2473792
2 2473856
6 2473920
0 2473984
0 2474048
8 2474112
2 2474176
2 2474240
8 2474304
3 2474368
10 2474432
7 2474496
7 2474560
4 2474624
2 2474688
7 2474752
0 2474816
5 2474880
4 2474944
9 2475008
8 2475072
5 2475136
7 2475200
8 2475264
8 2475328
7 2475392
2 2475456
8 2475520
2 2475584
0 2475648
6 2475712
3 2475776
2 2475840
2 2475904
10 2475968
8 2476032
0 2476096
1 2476160
2 2476224
6 2476288
9 2476352
8 2476416
0 2476480
4 2476544
4 2476608
6 2476672
6 2476736
5 2476800
8 2476864
9 2476928
5 2476992
2 2477056
4 2477120
7 2477184
6 2477248
0 2477312
9 2477376
6 2477440
0 2477504
10 2477568
6 2477632
4 2477696
7 2477760
2 2477824
10 2477888
4 2477952
5 2478016
2 2478080
5 2478144
7 2478208
3 2478272
7 2478336
8 2478400
7 2478464
4 2478528
7 2478592
7 2478656
8 2478720
8 2478784
4 2478848
0 2478912
7 2478976
0 2479040
9 2479104
4 2479168
6 2479232
5 2479296
7 2479360
7 2479424
7 2479488
0 2479552
6 2479616
1 2479680
2 2479744
9 2479808
8 2479872
8 2479936
9 2480000
7 2480064
2 2480128
8 2480192
4 2480256
2 2480320
6 2480384
8 2480448
0 2480512
9 2480576
2 2480640
8 2480704
2 2480768
6 2480832
10 2480896
1 2480960
10 2481024
6 2481088
4 2481152
1 2481216
7 2481280
0 2481344
0 2481408
5 2481472
3 2481536
7 2481600
1 2481664
10 2481728
8 2481792
6 2481856
0 2481920
5 2481984
6 2482048
6 2482112
8 2482176
8 2482240
0 2482304
3 2482368
1 2482432
10 2482496
6 2482560
6 2482624
4 2482688
7 2482752
9 2482816
5 2482880
10 2482944
1 2483008
2 2483072
7 2483136
9 2483200
8 2483264
3 2483328
1 2483392
2 2483456
4 2483520
2 2483584
8 2483648
10 2483712
5 2483776
3 2483840
5 2483904
10 2483968
10 2484032
4 2484096
1 2484160
6 2484224
0 2484288
1 2484352
9 2484416
9 2484480
1 2484544
9 2484608
8 2484672
10 2484736
4 2484800
8 2484864
0 2484928
8 2484992
7 2485056
0 2485120
1 2485184
7 2485248
0 2485312
8 2485376
10 2485440
6 2485504
7 2485568
1 2485632
5 2485696
2 2485760
0 2485824
7 2485888
7 2485952
10 2486016
1 2486080
0 2486144
7 2486208
4 2486272
0 2486336
4 2486400
3 2486464
3 2486528
6 2486592
8 2486656
9 2486720
5 2486784
7 2486848
9 2486912
6 2486976
7 2487040
2 2487104
10 2487168
4 2487232
6 2487296
1 2487360
10 2487424
0 2487488
5 2487552
1 2487616
1 2487680
0 2487744
9 2487808
0 2487872
0 2487936
10 2488000
7 2488064
0 2488128
1 2488192
7 2488256
8 2488320
5 2488384
0 2488448
2 2488512
0 2488576
5 2488640
0 2488704
2 2488768
5 2488832
10 2488896
4 2488960
9 2489024
7 2489088
2 2489152
10 2489216
10 2489280
3 2489344
10 2489408
9 2489472
2 2489536
0 2489600
1 2489664
0 2489728
10 2489792
2 2489856
9 2489920
7 2489984
5 2490048
9 2490112
9 2490176
7 2490240
4 2490304
10 2490368
7 2490432
10 2490496
10 2490560
10 2490624
5 2490688
10 2490752
3 2490816
9 2490880
6 2490944
5 2491008
9 2491072
7 2491136
4 2491200
4 2491264
2 2491328
5 2491392
2 2491456
6 2491520
10 2491584
10 2491648
10 2491712
9 2491776
4 2491840
10 2491904
10 2491968
2 2492032
0 2492096
4 2492160
1 2492224
6 2492288
4 2492352
1 2492416
5 2492480
3 2492544
7 2492608
4 2492672
0 2492736
10 2492800
5 2492864
1 2492928
3 2492992
3 2493056
7 2493120
9 2493184
3 2493248
7 2493312
6 2493376
6 2493440
9 2493504
10 2493568
9 2493632
7 2493696
6 2493760
8 2493824
1 2493888
10 2493952
6 2494016
0 2494080
8 2494144
5 2494208
5 2494272
7 2494336
1 2494400
7 2494464
4 2494528
9 2494592
10 2494656
0 2494720
5 2494784
8 2494848
4 2494912
9 2494976
6 2495040
8 2495104
8 2495168
1 2495232
4 2495296
4 2495360
9 2495424
9 2495488
0 2495552
8 2495616
0 2495680
3 2495744
5 2495808
8 2495872
6 2495936
2 2496000
4 2496064
0 2496128
10 2496192
5 2496256
7 2496320
4 2496384
4 2496448
5 2496512
0 2496576
9 2496640
9 2496704
9 2496768
8 2496832
6 2496896
3 2496960
2 2497024
4 2497088
5 2497152
3 2497216
5 2497280
2 2497344
7 2497408
9 2497472
1 2497536
1 2497600
1 2497664
1 2497728
0 2497792
8 2497856
5 2497920
1 2497984
8 2498048
4 2498112
6 2498176
10 2498240
6 2498304
8 2498368
9 2498432
8 2498496
10 2498560
5 2498624
9 2498688
3 2498752
2 2498816
1 2498880
3 2498944
5 2499008
9 2499072
6 2499136
1 2499200
8 2499264
10 2499328
3 2499392
0 2499456
10 2499520
7 2499584
3 2499648
10 2499712
4 2499776
8 2499840
0 2499904
0 2499968
2 2500032
2 2500096
10 2500160
6 2500224
4 2500288
2 2500352
5 2500416
9 2500480
7 2500544
10 2500608
2 2500672
0 2500736
5 2500800
5 2500864
4 2500928
8 2500992
2 2501056
9 2501120
8 2501184
7 2501248
8 2501312
1 2501376
9 2501440
2 2501504
1 2501568
4 2501632
7 2501696
10 2501760
4 2501824
9 2501888
8 2501952
4 2502016
7 2502080
4 2502144
6 2502208
0 2502272
4 2502336
2 2502400
9 2502464
3 2502528
7 2502592
1 2502656
7 2502720
8 2502784
4 2502848
10 2502912
7 2502976
2 2503040
1 2503104
4 2503168
6 2503232
1 2503296
7 2503360
2 2503424
7 2503488
5 2503552
8 2503616
0 2503680
4 2503744
5 2503808
2 2503872
9 2503936
2 2504000
6 2504064
7 2504128
6 2504192
9 2504256
8 2504320
8 2504384
10 2504448
9 2504512
7 2504576
9 2504640
8 2504704
8 2504768
7 2504832
7 2504896
5 2504960
4 2505024
4 2505088
5 2505152
8 2505216
4 2505280
7 2505344
4 2505408
1 2505472
3 2505536
4 2505600
0 2505664
1 2505728
9 2505792
2 2505856
9 2505920
3 2505984
6 2506048
0 2506112
5 2506176
9 2506240
6 2506304
2 2506368
7 2506432
5 2506496
10 2506560
1 2506624
9 2506688
3 2506752
4 2506816
6 2506880
3 2506944
8 2507008
9 2507072
0 2507136
1 2507200
2 2507264
4 2507328
8 2507392
4 2507456
4 2507520
7 2507584
9 2507648
3 2507712
6 2507776
10 2507840
5 2507904
6 2507968
1 2508032
1 2508096
5 2508160
6 2508224
8 2508288
6 2508352
2 2508416
2 2508480
3 2508544
0 2508608
7 2508672
0 2508736
10 2508800
6 2508864
5 2508928
9 2508992
4 2509056
8 2509120
0 2509184
5 2509248
3 2509312
1 2509376
6 2509440
0 2509504
2 2509568
2 2509632
7 2509696
10 2509760
4 2509824
3 2509888
3 2509952
0 2510016
3 2510080
7 2510144
10 2510208
2 2510272
10 2510336
7 2510400
1 2510464
8 2510528
6 2510592
10 2510656
10 2510720
2 2510784
4 2510848
4 2510912
7 2510976
5 2511040
6 2511104
3 2511168
1 2511232
1 2511296
2 2511360
10 2511424
1 2511488
3 2511552
8 2511616
0 2511680
7 2511744
8 2511808
2 2511872
8 2511936
7 2512000
8 2512064
0 2512128
6 2512192
6 2512256
1 2512320
5 2512384
4 2512448
5 2512512
9 2512576
8 2512640
5 2512704
8 2512768
6 2512832
6 2512896
3 2512960
5 2513024
6 2513088
5 2513152
4 2513216
1 2513280
8 2513344
0 2513408
2 2513472
10 2513536
8 2513600
10 2513664
8 2513728
2 2513792
5 2513856
2 2513920
1 2513984
2 2514048
10 2514112
8 2514176
8 2514240
6 2514304
6 2514368
9 2514432
0 2514496
5 2514560
9 2514624
4 2514688
6 2514752
9 2514816
9 2514880
8 2514944
4 2515008
2 2515072
8 2515136
8 2515200
2 2515264
8 2515328
4 2515392
7 2515456
0 2515520
5 2515584
2 2515648
0 2515712
3 2515776
1 2515840
10 2515904
3 2515968
10 2516032
2 2516096
9 2516160
8 2516224
8 2516288
7 2516352
1 2516416
2 2516480
3 2516544
2 2516608
0 2516672
3 2516736
6 2516800
6 2516864
8 2516928
6 2516992
4 2517056
2 2517120
7 2517184
7 2517248
8 2517312
6 2517376
2 2517440
6 2517504
8 2517568
10 2517632
5 2517696
2 2517760
7 2517824
2 2517888
8 2517952
7 2518016
6 2518080
0 2518144
3 2518208
2 2518272
0 2518336
8 2518400
7 2518464
7 2518528
8 2518592
3 2518656
4 2518720
7 2518784
1 2518848
0 2518912
6 2518976
2 2519040
10 2519104
8 2519168
3 2519232
3 2519296
4 2519360
10 2519424
10 2519488
5 2519552
10 2519616
5 2519680
7 2519744
3 2519808
5 2519872
6 2519936
2 2520000
3 2520064
10 2520128
2 2520192
7 2520256
7 2520320
10 2520384
0 2520448
0 2520512
4 2520576
5 2520640
3 2520704
5 2520768
8 2520832
5 2520896
9 2520960
7 2521024
3 2521088
0 2521152
2 2521216
7 2521280
3 2521344
10 2521408
10 2521472
2 2521536
2 2521600
8 2521664
5 2521728
7 2521792
0 2521856
4 2521920
2 2521984
4 2522048
0 2522112
2 2522176
5 2522240
5 2522304
5 2522368
4 2522432
6 2522496
8 2522560
9 2522624
10 2522688
3 2522752
9 2522816
7 2522880
7 2522944
10 2523008
0 2523072
4 2523136
1 2523200
1 2523264
6 2523328
7 2523392
8 2523456
8 2523520
1 2523584
5 2523648
9 2523712
6 2523776
10 2523840
4 2523904
6 2523968
10 2524032
7 2524096
3 2524160
8 2524224
6 2524288
5 2524352
6 2524416
9 2524480
0 2524544
4 2524608
4 2524672
8 2524736
10 2524800
4 2524864
10 2524928
6 2524992
7 2525056
3 2525120
3 2525184
2 2525248
2 2525312
9 2525376
1 2525440
2 2525504
4 2525568
8 2525632
9 2525696
5 2525760
5 2525824
8 2525888
7 2525952
7 2526016
0 2526080
0 2526144
10 2526208
6 2526272
2 2526336
3 2526400
10 2526464
9 2526528
4 2526592
5 2526656
9 2526720
9 2526784
10 2526848
4 2526912
2 2526976
6 2527040
4 2527104
0 2527168
7 2527232
6 2527296
0 2527360
10 2527424
8 2527488
9 2527552
5 2527616
3 2527680
0 2527744
1 2527808
2 2527872
0 2527936
3 2528000
3 2528064
9 2528128
8 2528192
0 2528256
1 2528320
3 2528384
8 2528448
7 2528512
1 2528576
6 2528640
2 2528704
8 2528768
3 2528832
3 2528896
5 2528960
6 2529024
8 2529088
9 2529152
0 2529216
5 2529280
8 2529344
1 2529408
0 2529472
8 2529536
10 2529600
0 2529664
1 2529728
5 2529792
3 2529856
3 2529920
7 2529984
4 2530048
3 2530112
5 2530176
6 2530240
7 2530304
0 2530368
2 2530432
10 2530496
10 2530560
7 2530624
7 2530688
2 2530752
8 2530816
7 2530880
1 2530944
5 2531008
6 2531072
5 2531136
9 2531200
6 2531264
10 2531328
9 2531392
5 2531456
7 2531520
9 2531584
10 2531648
4 2531712
5 2531776
7 2531840
5 2531904
9 2531968
5 2532032
9 2532096
9 2532160
5 2532224
5 2532288
0 2532352
5 2532416
5 2532480
10 2532544
3 2532608
10 2532672
6 2532736
2 2532800
9 2532864
10 2532928
1 2532992
7 2533056
1 2533120
4 2533184
8 2533248
5 2533312
4 2533376
1 2533440
8 2533504
3 2533568
9 2533632
5 2533696
2 2533760
5 2533824
2 2533888
10 2533952
5 2534016
2 2534080
0 2534144
7 2534208
10 2534272
8 2534336
10 2534400
8 2534464
2 2534528
1 2534592
6 2534656
10 2534720
5 2534784
1 2534848
1 2534912
9 2534976
10 2535040
2 2535104
1 2535168
4 2535232
5 2535296
7 2535360
4 2535424
4 2535488
5 2535552
2 2535616
0 2535680
3 2535744
0 2535808
10 2535872
2 2535936
7 2536000
10 2536064
6 2536128
9 2536192
4 2536256
7 2536320
3 2536384
0 2536448
8 2536512
8 2536576
2 2536640
4 2536704
0 2536768
3 2536832
5 2536896
10 2536960
3 2537024
2 2537088
1 2537152
2 2537216
4 2537280
4 2537344
0 2537408
2 2537472
9 2537536
3 2537600
6 2537664
3 2537728
4 2537792
10 2537856
0 2537920
9 2537984
4 2538048
1 2538112
2 2538176
1 2538240
8 2538304
0 2538368
5 2538432
10 2538496
2 2538560
5 2538624
7 2538688
9 2538752
5 2538816
9 2538880
9 2538944
0 2539008
0 2539072
4 2539136
7 2539200
9 2539264
4 2539328
1 2539392
2 2539456
10 2539520
3 2539584
2 2539648
5 2539712
4 2539776
6 2539840
0 2539904
1 2539968
8 2540032
9 2540096
1 2540160
1 2540224
3 2540288
4 2540352
3 2540416
4 2540480
8 2540544
5 2540608
7 2540672
1 2540736
3 2540800
3 2540864
9 2540928
10 2540992
9 2541056
6 2541120
2 2541184
7 2541248
6 2541312
8 2541376
6 2541440
1 2541504
2 2541568
7 2541632
3 2541696
4 2541760
2 2541824
1 2541888
1 2541952
2 2542016
0 2542080
2 2542144
9 2542208
1 2542272
3 2542336
8 2542400
1 2542464
3 2542528
0 2542592
1 2542656
4 2542720
9 2542784
4 2542848
8 2542912
0 2542976
2 2543040
9 2543104
8 2543168
9 2543232
0 2543296
8 2543360
8 2543424
10 2543488
8 2543552
1 2543616
9 2543680
6 2543744
10 2543808
6 2543872
4 2543936
5 2544000
2 2544064
3 2544128
1 2544192
9 2544256
1 2544320
10 2544384
9 2544448
9 2544512
0 2544576
8 2544640
2 2544704
1 2544768
10 2544832
3 2544896
3 2544960
5 2545024
6 2545088
8 2545152
3 2545216
1 2545280
7 2545344
2 2545408
3 2545472
6 2545536
10 2545600
6 2545664
7 2545728
0 2545792
4 2545856
1 2545920
7 2545984
1 2546048
0 2546112
10 2546176
3 2546240
8 2546304
9 2546368
1 2546432
9 2546496
1 2546560
8 2546624
7 2546688
4 2546752
0 2546816
5 2546880
0 2546944
1 2547008
3 2547072
3 2547136
2 2547200
0 2547264
3 2547328
4 2547392
4 2547456
9 2547520
5 2547584
6 2547648
0 2547712
7 2547776
1 2547840
4 2547904
8 2547968
7 2548032
6 2548096
5 2548160
0 2548224
7 2548288
7 2548352
5 2548416
2 2548480
5 2548544
10 2548608
7 2548672
2 2548736
3 2548800
1 2548864
6 2548928
3 2548992
1 2549056
6 2549120
0 2549184
3 2549248
10 2549312
7 2549376
10 2549440
8 2549504
1 2549568
1 2549632
10 2549696
10 2549760
0 2549824
5 2549888
7 2549952
0 2550016
3 2550080
9 2550144
9 2550208
6 2550272
3 2550336
0 2550400
6 2550464
6 2550528
7 2550592
0 2550656
0 2550720
5 2550784
9 2550848
9 2550912
4 2550976
6 2551040
9 2551104
6 2551168
6 2551232
10 2551296
9 2551360
3 2551424
2 2551488
3 2551552
3 2551616
7 2551680
0 2551744
0 2551808
7 2551872
1 2551936
10 2552000
5 2552064
8 2552128
0 2552192
0 2552256
9 2552320
7 2552384
1 2552448
4 2552512
10 2552576
0 2552640
8 2552704
6 2552768
3 2552832
3 2552896
2 2552960
3 2553024
4 2553088
3 2553152
0 2553216
6 2553280
5 2553344
8 2553408
7 2553472
4 2553536
4 2553600
8 2553664
8 2553728
8 2553792
3 2553856
9 2553920
10 2553984
2 2554048
3 2554112
7 2554176
5 2554240
9 2554304
0 2554368
9 2554432
7 2554496
2 2554560
2 2554624
8 2554688
5 2554752
8 2554816
2 2554880
10 2554944
5 2555008
8 2555072
5 2555136
4 2555200
5 2555264
5 2555328
1 2555392
3 2555456
9 2555520
1 2555584
9 2555648
6 2555712
0 2555776
3 2555840
4 2555904
8 2555968
2 2556032
3 2556096
6 2556160
7 2556224
8 2556288
8 2556352
3 2556416
8 2556480
7 2556544
3 2556608
6 2556672
9 2556736
10 2556800
3 2556864
2 2556928
3 2556992
8 2557056
0 2557120
0 2557184
4 2557248
3 2557312
6 2557376
4 2557440
7 2557504
5 2557568
8 2557632
4 2557696
6 2557760
6 2557824
4 2557888
8 2557952
6 2558016
7 2558080
4 2558144
1 2558208
6 2558272
3 2558336
7 2558400
1 2558464
2 2558528
0 2558592
6 2558656
3 2558720
1 2558784
7 2558848
5 2558912
5 2558976
2 2559040
9 2559104
7 2559168
7 2559232
6 2559296
0 2559360
1 2559424
4 2559488
5 2559552
8 2559616
4 2559680
0 2559744
8 2559808
1 2559872
1 2559936
4 2560000
4 2560064
1 2560128
5 2560192
7 2560256
2 2560320
8 2560384
1 2560448
4 2560512
3 2560576
6 2560640
1 2560704
1 2560768
6 2560832
8 2560896
6 2560960
1 2561024
1 2561088
4 2561152
6 2561216
0 2561280
3 2561344
6 2561408
1 2561472
1 2561536
8 2561600
9 2561664
2 2561728
6 2561792
0 2561856
5 2561920
5 2561984
5 2562048
10 2562112
4 2562176
6 2562240
5 2562304
4 2562368
2 2562432
6 2562496
8 2562560
3 2562624
6 2562688
8 2562752
4 2562816
3 2562880
7 2562944
7 2563008
1 2563072
4 2563136
0 2563200
3 2563264
4 2563328
10 2563392
4 2563456
10 2563520
10 2563584
5 2563648
4 2563712
5 2563776
9 2563840
5 2563904
10 2563968
6 2564032
6 2564096
0 2564160
0 2564224
3 2564288
0 2564352
1 2564416
1 2564480
9 2564544
6 2564608
10 2564672
2 2564736
2 2564800
7 2564864
2 2564928
3 2564992
8 2565056
6 2565120
9 2565184
7 2565248
4 2565312
10 2565376
2 2565440
1 2565504
10 2565568
7 2565632
3 2565696
6 2565760
8 2565824
3 2565888
8 2565952
5 2566016
10 2566080
0 2566144
9 2566208
5 2566272
10 2566336
10 2566400
7 2566464
0 2566528
9 2566592
3 2566656
4 2566720
0 2566784
9 2566848
9 2566912
1 2566976
6 2567040
10 2567104
5 2567168
0 2567232
8 2567296
1 2567360
1 2567424
3 2567488
6 2567552
4 2567616
0 2567680
3 2567744
4 2567808
8 2567872
10 2567936
4 2568000
8 2568064
4 2568128
3 2568192
7 2568256
7 2568320
0 2568384
0 2568448
6 2568512
2 2568576
7 2568640
9 2568704
5 2568768
10 2568832
9 2568896
5 2568960
1 2569024
4 2569088
2 2569152
9 2569216
5 2569280
4 2569344
4 2569408
9 2569472
6 2569536
6 2569600
9 2569664
5 2569728
4 2569792
2 2569856
1 2569920
7 2569984
5 2570048
6 2570112
2 2570176
7 2570240
5 2570304
2 2570368
8 2570432
0 2570496
0 2570560
1 2570624
6 2570688
1 2570752
10 2570816
7 2570880
3 2570944
4 2571008
4 2571072
7 2571136
9 2571200
10 2571264
4 2571328
5 2571392
9 2571456
2 2571520
3 2571584
5 2571648
10 2571712
1 2571776
6 2571840
3 2571904
8 2571968
3 2572032
2 2572096
6 2572160
4 2572224
8 2572288
9 2572352
7 2572416
1 2572480
10 2572544
10 2572608
0 2572672
0 2572736
1 2572800
7 2572864
0 2572928
7 2572992
8 2573056
1 2573120
2 2573184
10 2573248
9 2573312
4 2573376
10 2573440
10 2573504
5 2573568
7 2573632
6 2573696
1 2573760
3 2573824
0 2573888
4 2573952
9 2574016
4 2574080
8 2574144
4 2574208
1 2574272
4 2574336
2 2574400
10 2574464
10 2574528
3 2574592
5 2574656
5 2574720
2 2574784
8 2574848
3 2574912
10 2574976
3 2575040
7 2575104
2 2575168
10 2575232
8 2575296
7 2575360
5 2575424
6 2575488
10 2575552
7 2575616
9 2575680
8 2575744
1 2575808
10 2575872
3 2575936
0 2576000
2 2576064
6 2576128
5 2576192
6 2576256
4 2576320
10 2576384
7 2576448
7 2576512
1 2576576
1 2576640
5 2576704
8 2576768
8 2576832
2 2576896
1 2576960
8 2577024
7 2577088
0 2577152
10 2577216
8 2577280
9 2577344
4 2577408
1 2577472
0 2577536
7 2577600
9 2577664
1 2577728
1 2577792
6 2577856
1 2577920
1 2577984
4 2578048
6 2578112
4 2578176
4 2578240
6 2578304
10 2578368
1 2578432
1 2578496
9 2578560
8 2578624
3 2578688
0 2578752
9 2578816
7 2578880
5 2578944
4 2579008
2 2579072
4 2579136
7 2579200
3 2579264
10 2579328
8 2579392
8 2579456
10 2579520
5 2579584
2 2579648
3 2579712
7 2579776
10 2579840
7 2579904
4 2579968
8 2580032
10 2580096
7 2580160
7 2580224
0 2580288
0 2580352
7 2580416
8 2580480
8 2580544
1 2580608
10 2580672
2 2580736
5 2580800
3 2580864
2 2580928
5 2580992
1 2581056
2 2581120
1 2581184
10 2581248
8 2581312
0 2581376
8 2581440
2 2581504
2 2581568
6 2581632
7 2581696
9 2581760
9 2581824
0 2581888
9 2581952
6 2582016
10 2582080
6 2582144
6 2582208
0 2582272
2 2582336
8 2582400
6 2582464
5 2582528
3 2582592
8 2582656
3 2582720
9 2582784
10 2582848
5 2582912
7 2582976
1 2583040
6 2583104
4 2583168
6 2583232
10 2583296
8 2583360
2 2583424
1 2583488
0 2583552
0 2583616
3 2583680
10 2583744
7 2583808
0 2583872
9 2583936
0 2584000
7 2584064
0 2584128
3 2584192
7 2584256
8 2584320
0 2584384
8 2584448
10 2584512
8 2584576
6 2584640
6 2584704
9 2584768
3 2584832
2 2584896
0 2584960
7 2585024
0 2585088
9 2585152
8 2585216
3 2585280
4 2585344
8 2585408
4 2585472
9 2585536
2 2585600
10 2585664
6 2585728
7 2585792
4 2585856
8 2585920
7 2585984
6 2586048
10 2586112
2 2586176
9 2586240
6 2586304
5 2586368
0 2586432
7 2586496
4 2586560
10 2586624
4 2586688
5 2586752
6 2586816
5 2586880
7 2586944
2 2587008
6 2587072
7 2587136
6 2587200
5 2587264
10 2587328
4 2587392
1 2587456
9 2587520
8 2587584
2 2587648
8 2587712
1 2587776
7 2587840
9 2587904
4 2587968
7 2588032
7 2588096
9 2588160
5 2588224
0 2588288
0 2588352
3 2588416
4 2588480
5 2588544
2 2588608
2 2588672
0 2588736
2 2588800
6 2588864
2 2588928
6 2588992
9 2589056
3 2589120
0 2589184
3 2589248
2 2589312
6 2589376
10 2589440
4 2589504
5 2589568
2 2589632
5 2589696
7 2589760
3 2589824
3 2589888
0 2589952
9 2590016
0 2590080
7 2590144
4 2590208
0 2590272
6 2590336
3 2590400
5 2590464
1 2590528
6 2590592
8 2590656
5 2590720
2 2590784
10 2590848
2 2590912
4 2590976
7 2591040
6 2591104
7 2591168
5 2591232
1 2591296
2 2591360
5 2591424
8 2591488
3 2591552
7 2591616
10 2591680
9 2591744
9 2591808
0 2591872
0 2591936
5 2592000
3 2592064
6 2592128
6 2592192
9 2592256
3 2592320
3 2592384
2 2592448
7 2592512
6 2592576
3 2592640
3 2592704
4 2592768
2 2592832
2 2592896
8 2592960
5 2593024
6 2593088
2 2593152
8 2593216
3 2593280
7 2593344
2 2593408
3 2593472
7 2593536
10 2593600
2 2593664
2 2593728
5 2593792
9 2593856
3 2593920
1 2593984
0 2594048
3 2594112
3 2594176
7 2594240
0 2594304
0 2594368
8 2594432
9 2594496
4 2594560
2 2594624
10 2594688
3 2594752
4 2594816
0 2594880
3 2594944
7 2595008
0 2595072
4 2595136
3 2595200
3 2595264
3 2595328
3 2595392
10 2595456
1 2595520
10 2595584
10 2595648
8 2595712
8 2595776
3 2595840
8 2595904
4 2595968
5 2596032
6 2596096
10 2596160
1 2596224
2 2596288
5 2596352
10 2596416
7 2596480
8 2596544
10 2596608
0 2596672
4 2596736
7 2596800
3 2596864
7 2596928
1 2596992
9 2597056
8 2597120
10 2597184
10 2597248
5 2597312
10 2597376
10 2597440
1 2597504
7 2597568
6 2597632
9 2597696
10 2597760
6 2597824
8 2597888
0 2597952
10 2598016
10 2598080
6 2598144
4 2598208
5 2598272
5 2598336
4 2598400
4 2598464
2 2598528
1 2598592
5 2598656
7 2598720
10 2598784
8 2598848
3 2598912
7 2598976
9 2599040
10 2599104
2 2599168
6 2599232
4 2599296
0 2599360
5 2599424
3 2599488
2 2599552
10 2599616
7 2599680
3 2599744
10 2599808
9 2599872
6 2599936
8 2600000
8 2600064
5 2600128
9 2600192
3 2600256
4 2600320
2 2600384
8 2600448
8 2600512
3 2600576
10 2600640
9 2600704
0 2600768
3 2600832
9 2600896
7 2600960
9 2601024
9 2601088
7 2601152
10 2601216
10 2601280
8 2601344
3 2601408
10 2601472
3 2601536
1 2601600
5 2601664
0 2601728
3 2601792
2 2601856
1 2601920
9 2601984
8 2602048
5 2602112
9 2602176
10 2602240
6 2602304
5 2602368
5 2602432
1 2602496
10 2602560
10 2602624
0 2602688
2 2602752
5 2602816
0 2602880
6 2602944
6 2603008
6 2603072
10 2603136
8 2603200
6 2603264
10 2603328
10 2603392
0 2603456
6 2603520
10 2603584
7 2603648
3 2603712
4 2603776
7 2603840
6 2603904
7 2603968
1 2604032
4 2604096
9 2604160
9 2604224
10 2604288
8 2604352
6 2604416
3 2604480
2 2604544
8 2604608
9 2604672
5 2604736
9 2604800
1 2604864
0 2604928
3 2604992
8 2605056
5 2605120
2 2605184
4 2605248
2 2605312
7 2605376
6 2605440
2 2605504
2 2605568
1 2605632
5 2605696
5 2605760
9 2605824
6 2605888
3 2605952
10 2606016
7 2606080
4 2606144
3 2606208
9 2606272
10 2606336
6 2606400
3 2606464
9 2606528
9 2606592
4 2606656
9 2606720
5 2606784
9 2606848
4 2606912
0 2606976
3 2607040
8 2607104
9 2607168
5 2607232
5 2607296
4 2607360
6 2607424
5 2607488
6 2607552
10 2607616
10 2607680
5 2607744
3 2607808
1 2607872
7 2607936
0 2608000
8 2608064
7 2608128
3 2608192
0 2608256
0 2608320
2 2608384
1 2608448
0 2608512
10 2608576
2 2608640
7 2608704
3 2608768
6 2608832
10 2608896
6 2608960
3 2609024
10 2609088
2 2609152
5 2609216
6 2609280
10 2609344
7 2609408
3 2609472
2 2609536
2 2609600
3 2609664
4 2609728
8 2609792
7 2609856
4 2609920
9 2609984
3 2610048
9 2610112
1 2610176
6 2610240
10 2610304
6 2610368
0 2610432
1 2610496
9 2610560
1 2610624
0 2610688
9 2610752
0 2610816
4 2610880
8 2610944
8 2611008
6 2611072
6 2611136
0 2611200
7 2611264
3 2611328
2 2611392
6 2611456
4 2611520
4 2611584
7 2611648
8 2611712
9 2611776
10 2611840
3 2611904
10 2611968
7 2612032
8 2612096
5 2612160
9 2612224
5 2612288
10 2612352
4 2612416
1 2612480
7 2612544
6 2612608
0 2612672
9 2612736
10 2612800
0 2612864
9 2612928
3 2612992
7 2613056
1 2613120
6 2613184
4 2613248
10 2613312
10 2613376
5 2613440
10 2613504
8 2613568
1 2613632
0 2613696
4 2613760
5 2613824
7 2613888
3 2613952
4 2614016
6 2614080
6 2614144
9 2614208
4 2614272
4 2614336
7 2614400
3 2614464
3 2614528
8 2614592
7 2614656
8 2614720
0 2614784
5 2614848
2 2614912
8 2614976
9 2615040
0 2615104
10 2615168
5 2615232
6 2615296
6 2615360
5 2615424
1 2615488
8 2615552
3 2615616
7 2615680
8 2615744
4 2615808
7 2615872
7 2615936
1 2616000
9 2616064
8 2616128
8 2616192
8 2616256
3 2616320
7 2616384
4 2616448
3 2616512
4 2616576
5 2616640
0 2616704
9 2616768
6 2616832
8 2616896
5 2616960
9 2617024
3 2617088
8 2617152
0 2617216
6 2617280
2 2617344
5 2617408
0 2617472
2 2617536
3 2617600
0 2617664
8 2617728
9 2617792
10 2617856
9 2617920
10 2617984
6 2618048
4 2618112
6 2618176
9 2618240
10 2618304
2 2618368
4 2618432
3 2618496
4 2618560
3 2618624
5 2618688
4 2618752
8 2618816
6 2618880
9 2618944
5 2619008
2 2619072
1 2619136
2 2619200
1 2619264
10 2619328
5 2619392
6 2619456
0 2619520
3 2619584
8 2619648
7 2619712
1 2619776
0 2619840
8 2619904
8 2619968
0 2620032
3 2620096
5 2620160
4 2620224
6 2620288
9 2620352
4 2620416
6 2620480
6 2620544
0 2620608
4 2620672
9 2620736
0 2620800
3 2620864
7 2620928
6 2620992
4 2621056
7 2621120
4 2621184
7 2621248
6 2621312
9 2621376
1 2621440
10 2621504
1 2621568
6 2621632
1 2621696
2 2621760
2 2621824
1 2621888
5 2621952
0 2622016
3 2622080
9 2622144
10 2622208
6 2622272
5 2622336
5 2622400
8 2622464
6 2622528
8 2622592
1 2622656
10 2622720
9 2622784
10 2622848
0 2622912
0 2622976
4 2623040
1 2623104
5 2623168
8 2623232
9 2623296
3 2623360
3 2623424
3 2623488
5 2623552
2 2623616
8 2623680
6 2623744
10 2623808
6 2623872
0 2623936
1 2624000
3 2624064
8 2624128
5 2624192
5 2624256
0 2624320
0 2624384
2 2624448
9 2624512
5 2624576
7 2624640
3 2624704
8 2624768
0 2624832
1 2624896
0 2624960
1 2625024
2 2625088
4 2625152
5 2625216
7 2625280
1 2625344
8 2625408
1 2625472
5 2625536
8 2625600
0 2625664
6 2625728
10 2625792
1 2625856
9 2625920
4 2625984
9 2626048
9 2626112
9 2626176
1 2626240
3 2626304
6 2626368
10 2626432
5 2626496
0 2626560
5 2626624
5 2626688
1 2626752
9 2626816
1 2626880
10 2626944
9 2627008
3 2627072
9 2627136
6 2627200
8 2627264
7 2627328
1 2627392
8 2627456
6 2627520
10 2627584
7 2627648
1 2627712
7 2627776
0 2627840
8 2627904
0 2627968
10 2628032
4 2628096
9 2628160
2 2628224
9 2628288
3 2628352
2 2628416
8 2628480
5 2628544
0 2628608
7 2628672
1 2628736
9 2628800
6 2628864
1 2628928
2 2628992
9 2629056
3 2629120
3 2629184
2 2629248
1 2629312
3 2629376
4 2629440
9 2629504
5 2629568
2 2629632
2 2629696
0 2629760
9 2629824
4 2629888
0 2629952
10 2630016
0 2630080
3 2630144
7 2630208
10 2630272
1 2630336
7 2630400
7 2630464
5 2630528
8 2630592
8 2630656
5 2630720
6 2630784
2 2630848
7 2630912
4 2630976
8 2631040
0 2631104
6 2631168
6 2631232
1 2631296
1 2631360
2 2631424
6 2631488
2 2631552
0 2631616
10 2631680
3 2631744
0 2631808
6 2631872
9 2631936
5 2632000
1 2632064
6 2632128
5 2632192
7 2632256
10 2632320
1 2632384
2 2632448
1 2632512
1 2632576
8 2632640
6 2632704
0 2632768
10 2632832
1 2632896
8 2632960
1 2633024
1 2633088
10 2633152
2 2633216
10 2633280
10 2633344
3 2633408
10 2633472
9 2633536
9 2633600
3 2633664
3 2633728
0 2633792
2 2633856
5 2633920
5 2633984
9 2634048
8 2634112
7 2634176
9 2634240
2 2634304
0 2634368
6 2634432
2 2634496
3 2634560
1 2634624
4 2634688
10 2634752
5 2634816
9 2634880
6 2634944
8 2635008
10 2635072
8 2635136
9 2635200
1 2635264
0 2635328
9 2635392
6 2635456
10 2635520
1 2635584
9 2635648
6 2635712
8 2635776
0 2635840
4 2635904
5 2635968
0 2636032
5 2636096
2 2636160
1 2636224
1 2636288
2 2636352
0 2636416
3 2636480
6 2636544
0 2636608
8 2636672
1 2636736
6 2636800
4 2636864
1 2636928
8 2636992
0 2637056
4 2637120
4 2637184
6 2637248
0 2637312
8 2637376
1 2637440
9 2637504
7 2637568
1 2637632
4 2637696
0 2637760
8 2637824
3 2637888
4 2637952
6 2638016
9 2638080
5 2638144
4 2638208
4 2638272
9 2638336
5 2638400
0 2638464
6 2638528
0 2638592
9 2638656
10 2638720
5 2638784
8 2638848
0 2638912
6 2638976
2 2639040
7 2639104
4 2639168
5 2639232
6 2639296
6 2639360
9 2639424
8 2639488
3 2639552
10 2639616
9 2639680
10 2639744
8 2639808
5 2639872
9 2639936
10 2640000
0 2640064
7 2640128
4 2640192
2 2640256
9 2640320
4 2640384
1 2640448
4 2640512
2 2640576
10 2640640
9 2640704
10 2640768
0 2640832
4 2640896
9 2640960
5 2641024
7 2641088
10 2641152
7 2641216
6 2641280
2 2641344
5 2641408
3 2641472
10 2641536
10 2641600
8 2641664
4 2641728
7 2641792
6 2641856
6 2641920
9 2641984
1 2642048
9 2642112
5 2642176
3 2642240
0 2642304
1 2642368
6 2642432
4 2642496
7 2642560
2 2642624
8 2642688
10 2642752
6 2642816
1 2642880
7 2642944
4 2643008
10 2643072
6 2643136
8 2643200
5 2643264
9 2643328
0 2643392
2 2643456
10 2643520
6 2643584
2 2643648
9 2643712
7 2643776
6 2643840
1 2643904
1 2643968
6 2644032
6 2644096
2 2644160
8 2644224
6 2644288
6 2644352
0 2644416
3 2644480
4 2644544
9 2644608
8 2644672
2 2644736
4 2644800
6 2644864
8 2644928
9 2644992
10 2645056
10 2645120
6 2645184
7 2645248
10 2645312
0 2645376
1 2645440
6 2645504
5 2645568
6 2645632
2 2645696
7 2645760
7 2645824
10 2645888
4 2645952
0 2646016
2 2646080
1 2646144
5 2646208
7 2646272
2 2646336
3 2646400
1 2646464
2 2646528
5 2646592
2 2646656
4 2646720
2 2646784
3 2646848
5 2646912
2 2646976
5 2647040
6 2647104
0 2647168
0 2647232
8 2647296
5 2647360
8 2647424
9 2647488
4 2647552
9 2647616
6 2647680
1 2647744
7 2647808
2 2647872
1 2647936
5 2648000
0 2648064
5 2648128
2 2648192
0 2648256
10 2648320
5 2648384
3 2648448
5 2648512
3 2648576
1 2648640
3 2648704
1 2648768
8 2648832
4 2648896
5 2648960
6 2649024
0 2649088
5 2649152
9 2649216
9 2649280
3 2649344
4 2649408
10 2649472
2 2649536
3 2649600
2 2649664
2 2649728
1 2649792
0 2649856
9 2649920
1 2649984
2 2650048
9 2650112
4 2650176
4 2650240
3 2650304
1 2650368
4 2650432
10 2650496
1 2650560
4 2650624
0 2650688
8 2650752
7 2650816
8 2650880
3 2650944
4 2651008
3 2651072
10 2651136
10 2651200
7 2651264
7 2651328
9 2651392
8 2651456
2 2651520
4 2651584
0 2651648
2 2651712
1 2651776
1 2651840
6 2651904
8 2651968
2 2652032
3 2652096
1 2652160
3 2652224
7 2652288
9 2652352
9 2652416
10 2652480
8 2652544
1 2652608
8 2652672
1 2652736
10 2652800
0 2652864
0 2652928
10 2652992
9 2653056
6 2653120
2 2653184
4 2653248
2 2653312
6 2653376
5 2653440
7 2653504
8 2653568
9 2653632
6 2653696
3 2653760
10 2653824
5 2653888
5 2653952
8 2654016
7 2654080
7 2654144
4 2654208
5 2654272
2 2654336
6 2654400
3 2654464
4 2654528
8 2654592
8 2654656
8 2654720
2 2654784
3 2654848
7 2654912
10 2654976
2 2655040
5 2655104
4 2655168
4 2655232
2 2655296
2 2655360
10 2655424
5 2655488
3 2655552
5 2655616
1 2655680
1 2655744
7 2655808
8 2655872
10 2655936
8 2656000
2 2656064
8 2656128
0 2656192
5 2656256
0 2656320
3 2656384
4 2656448
5 2656512
5 2656576
3 2656640
8 2656704
8 2656768
2 2656832
8 2656896
7 2656960
2 2657024
0 2657088
4 2657152
7 2657216
6 2657280
7 2657344
6 2657408
6 2657472
6 2657536
0 2657600
8 2657664
2 2657728
8 2657792
8 2657856
7 2657920
4 2657984
5 2658048
8 2658112
7 2658176
1 2658240
10 2658304
2 2658368
0 2658432
10 2658496
7 2658560
5 2658624
3 2658688
1 2658752
10 2658816
3 2658880
6 2658944
8 2659008
5 2659072
9 2659136
3 2659200
1 2659264
5 2659328
2 2659392
6 2659456
2 2659520
1 2659584
10 2659648
10 2659712
0 2659776
7 2659840
4 2659904
1 2659968
4 2660032
4 2660096
3 2660160
0 2660224
10 2660288
1 2660352
0 2660416
6 2660480
1 2660544
4 2660608
4 2660672
5 2660736
2 2660800
9 2660864
9 2660928
6 2660992
4 2661056
5 2661120
7 2661184
4 2661248
4 2661312
3 2661376
3 2661440
1 2661504
9 2661568
9 2661632
7 2661696
1 2661760
1 2661824
10 2661888
5 2661952
3 2662016
3 2662080
3 2662144
4 2662208
9 2662272
7 2662336
2 2662400
9 2662464
6 2662528
9 2662592
7 2662656
0 2662720
1 2662784
0 2662848
0 2662912
3 2662976
10 2663040
4 2663104
3 2663168
4 2663232
4 2663296
9 2663360
9 2663424
7 2663488
5 2663552
8 2663616
5 2663680
8 2663744
6 2663808
10 2663872
1 2663936
8 2664000
8 2664064
8 2664128
1 2664192
7 2664256
8 2664320
6 2664384
0 2664448
2 2664512
1 2664576
5 2664640
9 2664704
9 2664768
2 2664832
7 2664896
9 2664960
4 2665024
3 2665088
7 2665152
6 2665216
3 2665280
8 2665344
2 2665408
7 2665472
4 2665536
9 2665600
0 2665664
3 2665728
3 2665792
1 2665856
2 2665920
2 2665984
2 2666048
3 2666112
9 2666176
5 2666240
4 2666304
8 2666368
0 2666432
7 2666496
0 2666560
4 2666624
7 2666688
3 2666752
10 2666816
1 2666880
4 2666944
8 2667008
3 2667072
6 2667136
8 2667200
7 2667264
4 2667328
7 2667392
7 2667456
7 2667520
4 2667584
0 2667648
7 2667712
0 2667776
3 2667840
6 2667904
6 2667968
6 2668032
5 2668096
6 2668160
0 2668224
0 2668288
10 2668352
7 2668416
6 2668480
2 2668544
2 2668608
8 2668672
2 2668736
1 2668800
2 2668864
10 2668928
10 2668992
8 2669056
2 2669120
1 2669184
9 2669248
3 2669312
8 2669376
6 2669440
8 2669504
2 2669568
7 2669632
8 2669696
4 2669760
7 2669824
2 2669888
6 2669952
4 2670016
3 2670080
9 2670144
3 2670208
3 2670272
0 2670336
4 2670400
5 2670464
10 2670528
9 2670592
6 2670656
9 2670720
2 2670784
10 2670848
0 2670912
6 2670976
6 2671040
10 2671104
6 2671168
0 2671232
4 2671296
8 2671360
5 2671424
3 2671488
1 2671552
2 2671616
3 2671680
4 2671744
10 2671808
4 2671872
3 2671936
5 2672000
8 2672064
4 2672128
9 2672192
8 2672256
1 2672320
1 2672384
8 2672448
10 2672512
4 2672576
6 2672640
5 2672704
1 2672768
2 2672832
4 2672896
2 2672960
1 2673024
0 2673088
6 2673152
3 2673216
7 2673280
8 2673344
10 2673408
1 2673472
7 2673536
0 2673600
4 2673664
8 2673728
3 2673792
6 2673856
4 2673920
10 2673984
8 2674048
1 2674112
1 2674176
6 2674240
5 2674304
9 2674368
5 2674432
5 2674496
8 2674560
10 2674624
5 2674688
9 2674752
4 2674816
2 2674880
1 2674944
9 2675008
3 2675072
7 2675136
9 2675200
3 2675264
1 2675328
3 2675392
6 2675456
3 2675520
6 2675584
5 2675648
9 2675712
7 2675776
2 2675840
7 2675904
6 2675968
7 2676032
6 2676096
8 2676160
7 2676224
7 2676288
7 2676352
5 2676416
9 2676480
3 2676544
5 2676608
8 2676672
6 2676736
1 2676800
3 2676864
4 2676928
1 2676992
7 2677056
4 2677120
9 2677184
1 2677248
9 2677312
5 2677376
3 2677440
8 2677504
0 2677568
8 2677632
10 2677696
8 2677760
4 2677824
2 2677888
6 2677952
7 2678016
2 2678080
3 2678144
3 2678208
9 2678272
9 2678336
0 2678400
10 2678464
7 2678528
6 2678592
1 2678656
5 2678720
0 2678784
0 2678848
1 2678912
1 2678976
1 2679040
3 2679104
9 2679168
1 2679232
5 2679296
4 2679360
8 2679424
0 2679488
4 2679552
4 2679616
2 2679680
3 2679744
6 2679808
4 2679872
7 2679936
9 2680000
2 2680064
1 2680128
4 2680192
9 2680256
9 2680320
0 2680384
1 2680448
0 2680512
8 2680576
6 2680640
1 2680704
6 2680768
4 2680832
7 2680896
9 2680960
0 2681024
4 2681088
10 2681152
10 2681216
9 2681280
9 2681344
1 2681408
5 2681472
7 2681536
3 2681600
8 2681664
10 2681728
0 2681792
6 2681856
7 2681920
9 2681984
9 2682048
6 2682112
7 2682176
10 2682240
3 2682304
6 2682368
7 2682432
2 2682496
0 2682560
9 2682624
10 2682688
6 2682752
1 2682816
0 2682880
2 2682944
3 2683008
7 2683072
2 2683136
6 2683200
4 2683264
3 2683328
10 2683392
2 2683456
0 2683520
5 2683584
8 2683648
6 2683712
9 2683776
9 2683840
7 2683904
2 2683968
4 2684032
5 2684096
9 2684160
7 2684224
1 2684288
10 2684352
10 2684416
5 2684480
5 2684544
10 2684608
7 2684672
9 2684736
3 2684800
2 2684864
7 2684928
7 2684992
0 2685056
1 2685120
1 2685184
10 2685248
5 2685312
4 2685376
10 2685440
9 2685504
1 2685568
7 2685632
10 2685696
7 2685760
3 2685824
10 2685888
2 2685952
6 2686016
0 2686080
9 2686144
6 2686208
8 2686272
5 2686336
6 2686400
8 2686464
8 2686528
8 2686592
10 2686656
10 2686720
8 2686784
6 2686848
1 2686912
0 2686976
8 2687040
5 2687104
10 2687168
9 2687232
7 2687296
3 2687360
5 2687424
8 2687488
6 2687552
7 2687616
9 2687680
4 2687744
3 2687808
3 2687872
6 2687936
4 2688000
4 2688064
7 2688128
0 2688192
2 2688256
6 2688320
3 2688384
2 2688448
7 2688512
6 2688576
7 2688640
10 2688704
6 2688768
5 2688832
9 2688896
6 2688960
4 2689024
5 2689088
8 2689152
7 2689216
10 2689280
6 2689344
6 2689408
9 2689472
4 2689536
9 2689600
10 2689664
4 2689728
7 2689792
1 2689856
5 2689920
5 2689984
10 2690048
3 2690112
4 2690176
7 2690240
4 2690304
5 2690368
10 2690432
0 2690496
10 2690560
2 2690624
4 2690688
0 2690752
5 2690816
3 2690880
7 2690944
7 2691008
2 2691072
9 2691136
10 2691200
0 2691264
8 2691328
4 2691392
10 2691456
8 2691520
9 2691584
6 2691648
5 2691712
3 2691776
10 2691840
9 2691904
4 2691968
5 2692032
0 2692096
3 2692160
7 2692224
5 2692288
4 2692352
8 2692416
0 2692480
7 2692544
8 2692608
0 2692672
5 2692736
3 2692800
8 2692864
3 2692928
3 2692992
8 2693056
5 2693120
6 2693184
9 2693248
3 2693312
2 2693376
9 2693440
1 2693504
3 2693568
6 2693632
9 2693696
6 2693760
4 2693824
8 2693888
0 2693952
4 2694016
0 2694080
7 2694144
3 2694208
7 2694272
3 2694336
0 2694400
4 2694464
1 2694528
5 2694592
0 2694656
6 2694720
3 2694784
2 2694848
4 2694912
0 2694976
5 2695040
1 2695104
0 2695168
2 2695232
6 2695296
5 2695360
8 2695424
3 2695488
8 2695552
7 2695616
10 2695680
9 2695744
6 2695808
3 2695872
3 2695936
4 2696000
6 2696064
7 2696128
4 2696192
10 2696256
6 2696320
4 2696384
6 2696448
6 2696512
0 2696576
3 2696640
3 2696704
2 2696768
7 2696832
3 2696896
9 2696960
9 2697024
7 2697088
4 2697152
1 2697216
5 2697280
9 2697344
2 2697408
0 2697472
9 2697536
4 2697600
1 2697664
0 2697728
1 2697792
0 2697856
2 2697920
10 2697984
7 2698048
6 2698112
0 2698176
7 2698240
8 2698304
1 2698368
10 2698432
9 2698496
5 2698560
1 2698624
6 2698688
4 2698752
8 2698816
4 2698880
9 2698944
7 2699008
7 2699072
9 2699136
10 2699200
7 2699264
3 2699328
8 2699392
3 2699456
3 2699520
0 2699584
6 2699648
1 2699712
4 2699776
4 2699840
3 2699904
5 2699968
7 2700032
10 2700096
5 2700160
4 2700224
7 2700288
8 2700352
9 2700416
3 2700480
5 2700544
0 2700608
5 2700672
10 2700736
10 2700800
10 2700864
2 2700928
6 2700992
0 2701056
2 2701120
7 2701184
0 2701248
6 2701312
8 2701376
7 2701440
5 2701504
6 2701568
7 2701632
0 2701696
7 2701760
1 2701824
10 2701888
8 2701952
10 2702016
1 2702080
2 2702144
9 2702208
2 2702272
3 2702336
6 2702400
1 2702464
3 2702528
9 2702592
1 2702656
2 2702720
3 2702784
7 2702848
7 2702912
4 2702976
5 2703040
9 2703104
10 2703168
9 2703232
8 2703296
4 2703360
10 2703424
1 2703488
3 2703552
3 2703616
7 2703680
6 2703744
8 2703808
7 2703872
0 2703936
5 2704000
8 2704064
0 2704128
7 2704192
9 2704256
1 2704320
0 2704384
10 2704448
6 2704512
10 2704576
5 2704640
1 2704704
0 2704768
6 2704832
4 2704896
0 2704960
7 2705024
0 2705088
7 2705152
8 2705216
3 2705280
8 2705344
10 2705408
10 2705472
4 2705536
7 2705600
8 2705664
4 2705728
8 2705792
3 2705856
0 2705920
3 2705984
4 2706048
8 2706112
5 2706176
7 2706240
3 2706304
6 2706368
5 2706432
10 2706496
4 2706560
10 2706624
0 2706688
4 2706752
4 2706816
9 2706880
2 2706944
7 2707008
2 2707072
8 2707136
0 2707200
9 2707264
0 2707328
3 2707392
1 2707456
7 2707520
8 2707584
8 2707648
3 2707712
10 2707776
6 2707840
4 2707904
3 2707968
1 2708032
6 2708096
7 2708160
8 2708224
5 2708288
9 2708352
8 2708416
4 2708480
4 2708544
4 2708608
0 2708672
8 2708736
8 2708800
10 2708864
9 2708928
5 2708992
9 2709056
3 2709120
0 2709184
3 2709248
2 2709312
10 2709376
0 2709440
7 2709504
10 2709568
5 2709632
6 2709696
0 2709760
5 2709824
2 2709888
6 2709952
9 2710016
9 2710080
0 2710144
1 2710208
5 2710272
2 2710336
3 2710400
10 2710464
0 2710528
2 2710592
9 2710656
9 2710720
10 2710784
9 2710848
6 2710912
6 2710976
3 2711040
3 2711104
0 2711168
9 2711232
2 2711296
3 2711360
5 2711424
6 2711488
5 2711552
4 2711616
0 2711680
3 2711744
0 2711808
7 2711872
9 2711936
10 2712000
9 2712064
1 2712128
5 2712192
4 2712256
0 2712320
2 2712384
10 2712448
7 2712512
3 2712576
2 2712640
0 2712704
1 2712768
2 2712832
10 2712896
9 2712960
5 2713024
3 2713088
1 2713152
8 2713216
5 2713280
0 2713344
0 2713408
4 2713472
2 2713536
3 2713600
1 2713664
10 2713728
8 2713792
2 2713856
0 2713920
6 2713984
8 2714048
2 2714112
0 2714176
4 2714240
8 2714304
1 2714368
0 2714432
9 2714496
3 2714560
0 2714624
5 2714688
4 2714752
8 2714816
4 2714880
7 2714944
3 2715008
8 2715072
5 2715136
7 2715200
7 2715264
9 2715328
7 2715392
3 2715456
9 2715520
8 2715584
2 2715648
4 2715712
5 2715776
10 2715840
10 2715904
5 2715968
3 2716032
8 2716096
1 2716160
5 2716224
1 2716288
8 2716352
2 2716416
7 2716480
2 2716544
10 2716608
3 2716672
8 2716736
2 2716800
6 2716864
4 2716928
2 2716992
9 2717056
5 2717120
1 2717184
8 2717248
5 2717312
2 2717376
5 2717440
5 2717504
10 2717568
7 2717632
10 2717696
6 2717760
8 2717824
8 2717888
10 2717952
1 2718016
5 2718080
5 2718144
9 2718208
0 2718272
3 2718336
0 2718400
8 2718464
1 2718528
9 2718592
6 2718656
9 2718720
5 2718784
4 2718848
4 2718912
8 2718976
7 2719040
6 2719104
1 2719168
10 2719232
5 2719296
0 2719360
4 2719424
8 2719488
8 2719552
4 2719616
9 2719680
1 2719744
5 2719808
0 2719872
8 2719936
9 2720000
2 2720064
10 2720128
4 2720192
4 2720256
6 2720320
4 2720384
0 2720448
3 2720512
5 2720576
0 2720640
7 2720704
6 2720768
9 2720832
5 2720896
5 2720960
5 2721024
9 2721088
3 2721152
5 2721216
5 2721280
8 2721344
8 2721408
1 2721472
0 2721536
8 2721600
2 2721664
10 2721728
2 2721792
7 2721856
7 2721920
5 2721984
4 2722048
7 2722112
7 2722176
10 2722240
7 2722304
7 2722368
4 2722432
5 2722496
9 2722560
2 2722624
5 2722688
4 2722752
1 2722816
2 2722880
3 2722944
8 2723008
7 2723072
2 2723136
4 2723200
9 2723264
3 2723328
7 2723392
9 2723456
7 2723520
9 2723584
0 2723648
0 2723712
7 2723776
0 2723840
4 2723904
5 2723968
5 2724032
9 2724096
4 2724160
8 2724224
4 2724288
9 2724352
6 2724416
7 2724480
4 2724544
1 2724608
6 2724672
6 2724736
2 2724800
3 2724864
10 2724928
9 2724992
5 2725056
6 2725120
10 2725184
7 2725248
1 2725312
2 2725376
5 2725440
5 2725504
9 2725568
3 2725632
5 2725696
0 2725760
2 2725824
7 2725888
6 2725952
7 2726016
4 2726080
9 2726144
0 2726208
6 2726272
4 2726336
1 2726400
2 2726464
2 2726528
7 2726592
2 2726656
10 2726720
7 2726784
6 2726848
5 2726912
3 2726976
1 2727040
4 2727104
5 2727168
1 2727232
10 2727296
3 2727360
4 2727424
1 2727488
7 2727552
10 2727616
0 2727680
0 2727744
5 2727808
4 2727872
5 2727936
5 2728000
8 2728064
3 2728128
4 2728192
5 2728256
5 2728320
9 2728384
5 2728448
5 2728512
6 2728576
2 2728640
1 2728704
6 2728768
8 2728832
10 2728896
3 2728960
3 2729024
5 2729088
10 2729152
7 2729216
6 2729280
6 2729344
8 2729408
0 2729472
8 2729536
9 2729600
5 2729664
0 2729728
4 2729792
9 2729856
1 2729920
0 2729984
8 2730048
6 2730112
0 2730176
4 2730240
3 2730304
1 2730368
7 2730432
1 2730496
5 2730560
5 2730624
10 2730688
7 2730752
8 2730816
5 2730880
2 2730944
1 2731008
10 2731072
9 2731136
7 2731200
9 2731264
3 2731328
3 2731392
6 2731456
8 2731520
6 2731584
0 2731648
9 2731712
10 2731776
3 2731840
1 2731904
10 2731968
10 2732032
6 2732096
0 2732160
8 2732224
9 2732288
8 2732352
8 2732416
8 2732480
5 2732544
10 2732608
10 2732672
0 2732736
1 2732800
0 2732864
5 2732928
5 2732992
8 2733056
3 2733120
9 2733184
1 2733248
1 2733312
1 2733376
5 2733440
3 2733504
2 2733568
0 2733632
2 2733696
6 2733760
4 2733824
0 2733888
0 2733952
9 2734016
3 2734080
10 2734144
10 2734208
3 2734272
3 2734336
9 2734400
6 2734464
3 2734528
7 2734592
9 2734656
0 2734720
2 2734784
0 2734848
10 2734912
10 2734976
3 2735040
8 2735104
8 2735168
10 2735232
7 2735296
8 2735360
2 2735424
10 2735488
1 2735552
8 2735616
8 2735680
9 2735744
3 2735808
8 2735872
4 2735936
4 2736000
7 2736064
8 2736128
1 2736192
6 2736256
7 2736320
6 2736384
6 2736448
3 2736512
4 2736576
2 2736640
0 2736704
8 2736768
3 2736832
4 2736896
8 2736960
1 2737024
2 2737088
4 2737152
2 2737216
6 2737280
6 2737344
4 2737408
7 2737472
4 2737536
2 2737600
6 2737664
4 2737728
4 2737792
0 2737856
4 2737920
7 2737984
10 2738048
8 2738112
3 2738176
10 2738240
2 2738304
7 2738368
9 2738432
6 2738496
6 2738560
3 2738624
7 2738688
9 2738752
10 2738816
5 2738880
8 2738944
1 2739008
10 2739072
8 2739136
7 2739200
7 2739264
4 2739328
4 2739392
9 2739456
9 2739520
2 2739584
4 2739648
6 2739712
8 2739776
7 2739840
10 2739904
1 2739968
4 2740032
4 2740096
6 2740160
9 2740224
3 2740288
9 2740352
9 2740416
5 2740480
3 2740544
1 2740608
5 2740672
5 2740736
6 2740800
6 2740864
4 2740928
10 2740992
2 2741056
3 2741120
9 2741184
4 2741248
0 2741312
2 2741376
10 2741440
6 2741504
9 2741568
0 2741632
8 2741696
9 2741760
6 2741824
4 2741888
9 2741952
6 2742016
6 2742080
6 2742144
10 2742208
8 2742272
1 2742336
1 2742400
10 2742464
8 2742528
2 2742592
2 2742656
9 2742720
2 2742784
3 2742848
10 2742912
10 2742976
10 2743040
10 2743104
2 2743168
4 2743232
6 2743296
8 2743360
7 2743424
2 2743488
2 2743552
0 2743616
3 2743680
7 2743744
3 2743808
3 2743872
7 2743936
8 2744000
4 2744064
0 2744128
6 2744192
10 2744256
1 2744320
3 2744384
8 2744448
6 2744512
7 2744576
4 2744640
8 2744704
5 2744768
7 2744832
8 2744896
3 2744960
0 2745024
4 2745088
5 2745152
5 2745216
9 2745280
6 2745344
10 2745408
5 2745472
10 2745536
7 2745600
10 2745664
6 2745728
10 2745792
10 2745856
5 2745920
7 2745984
8 2746048
6 2746112
8 2746176
10 2746240
0 2746304
0 2746368
5 2746432
5 2746496
1 2746560
2 2746624
6 2746688
10 2746752
7 2746816
10 2746880
6 2746944
4 2747008
10 2747072
4 2747136
9 2747200
4 2747264
3 2747328
6 2747392
3 2747456
2 2747520
7 2747584
0 2747648
5 2747712
6 2747776
1 2747840
4 2747904
6 2747968
5 2748032
3 2748096
4 2748160
4 2748224
2 2748288
0 2748352
0 2748416
4 2748480
2 2748544
1 2748608
10 2748672
8 2748736
6 2748800
7 2748864
4 2748928
7 2748992
1 2749056
5 2749120
2 2749184
0 2749248
3 2749312
5 2749376
1 2749440
10 2749504
9 2749568
1 2749632
9 2749696
8 2749760
5 2749824
10 2749888
10 2749952
0 2750016
5 2750080
6 2750144
5 2750208
10 2750272
1 2750336
3 2750400
3 2750464
5 2750528
8 2750592
5 2750656
0 2750720
8 2750784
1 2750848
10 2750912
4 2750976
3 2751040
2 2751104
2 2751168
9 2751232
8 2751296
7 2751360
6 2751424
6 2751488
3 2751552
2 2751616
7 2751680
10 2751744
9 2751808
0 2751872
4 2751936
2 2752000
3 2752064
3 2752128
8 2752192
1 2752256
0 2752320
6 2752384
0 2752448
8 2752512
9 2752576
1 2752640
7 2752704
0 2752768
0 2752832
5 2752896
2 2752960
2 2753024
9 2753088
1 2753152
8 2753216
4 2753280
5 2753344
7 2753408
10 2753472
4 2753536
9 2753600
6 2753664
5 2753728
9 2753792
9 2753856
0 2753920
5 2753984
2 2754048
7 2754112
0 2754176
2 2754240
5 2754304
9 2754368
9 2754432
6 2754496
1 2754560
1 2754624
4 2754688
3 2754752
5 2754816
8 2754880
3 2754944
0 2755008
4 2755072
0 2755136
10 2755200
7 2755264
7 2755328
5 2755392
1 2755456
3 2755520
0 2755584
6 2755648
1 2755712
0 2755776
9 2755840
2 2755904
2 2755968
1 2756032
6 2756096
8 2756160
9 2756224
7 2756288
4 2756352
5 2756416
3 2756480
7 2756544
1 2756608
4 2756672
7 2756736
3 2756800
2 2756864
0 2756928
4 2756992
3 2757056
1 2757120
9 2757184
2 2757248
7 2757312
4 2757376
3 2757440
1 2757504
2 2757568
6 2757632
6 2757696
6 2757760
5 2757824
6 2757888
0 2757952
2 2758016
3 2758080
3 2758144
6 2758208
1 2758272
6 2758336
5 2758400
5 2758464
8 2758528
0 2758592
6 2758656
2 2758720
4 2758784
7 2758848
5 2758912
5 2758976
5 2759040
2 2759104
6 2759168
7 2759232
2 2759296
0 2759360
10 2759424
3 2759488
6 2759552
10 2759616
7 2759680
0 2759744
2 2759808
7 2759872
5 2759936
1 2760000
0 2760064
0 2760128
5 2760192
10 2760256
6 2760320
8 2760384
7 2760448
0 2760512
6 2760576
9 2760640
0 2760704
5 2760768
7 2760832
1 2760896
1 2760960
2 2761024
1 2761088
8 2761152
1 2761216
6 2761280
7 2761344
9 2761408
3 2761472
2 2761536
3 2761600
5 2761664
3 2761728
9 2761792
3 2761856
3 2761920
0 2761984
10 2762048
5 2762112
4 2762176
8 2762240
4 2762304
9 2762368
5 2762432
1 2762496
6 2762560
5 2762624
7 2762688
0 2762752
7 2762816
9 2762880
4 2762944
3 2763008
2 2763072
1 2763136
8 2763200
3 2763264
0 2763328
2 2763392
4 2763456
2 2763520
6 2763584
10 2763648
4 2763712
6 2763776
8 2763840
5 2763904
10 2763968
10 2764032
5 2764096
1 2764160
9 2764224
0 2764288
2 2764352
0 2764416
4 2764480
1 2764544
10 2764608
1 2764672
5 2764736
4 2764800
8 2764864
8 2764928
0 2764992
5 2765056
1 2765120
0 2765184
9 2765248
3 2765312
3 2765376
4 2765440
6 2765504
5 2765568
3 2765632
3 2765696
6 2765760
3 2765824
3 2765888
0 2765952
5 2766016
7 2766080
5 2766144
4 2766208
3 2766272
7 2766336
0 2766400
0 2766464
9 2766528
8 2766592
4 2766656
1 2766720
6 2766784
4 2766848
3 2766912
7 2766976
7 2767040
0 2767104
10 2767168
10 2767232
2 2767296
1 2767360
7 2767424
0 2767488
4 2767552
7 2767616
0 2767680
1 2767744
2 2767808
5 2767872
9 2767936
2 2768000
8 2768064
10 2768128
3 2768192
3 2768256
10 2768320
9 2768384
7 2768448
1 2768512
7 2768576
10 2768640
8 2768704
5 2768768
6 2768832
8 2768896
1 2768960
7 2769024
6 2769088
9 2769152
7 2769216
5 2769280
0 2769344
5 2769408
9 2769472
1 2769536
7 2769600
3 2769664
9 2769728
3 2769792
0 2769856
1 2769920
0 2769984
10 2770048
5 2770112
5 2770176
9 2770240
1 2770304
6 2770368
9 2770432
8 2770496
3 2770560
3 2770624
10 2770688
1 2770752
7 2770816
9 2770880
3 2770944
6 2771008
4 2771072
10 2771136
7 2771200
0 2771264
8 2771328
9 2771392
4 2771456
4 2771520
0 2771584
6 2771648
5 2771712
10 2771776
4 2771840
5 2771904
2 2771968
5 2772032
9 2772096
3 2772160
5 2772224
7 2772288
0 2772352
10 2772416
7 2772480
6 2772544
5 2772608
0 2772672
9 2772736
4 2772800
6 2772864
2 2772928
0 2772992
7 2773056
8 2773120
10 2773184
5 2773248
6 2773312
2 2773376
10 2773440
2 2773504
7 2773568
1 2773632
9 2773696
10 2773760
2 2773824
6 2773888
0 2773952
2 2774016
10 2774080
10 2774144
6 2774208
1 2774272
1 2774336
8 2774400
6 2774464
8 2774528
0 2774592
1 2774656
0 2774720
9 2774784
3 2774848
6 2774912
0 2774976
9 2775040
10 2775104
1 2775168
9 2775232
4 2775296
9 2775360
0 2775424
8 2775488
1 2775552
10 2775616
7 2775680
0 2775744
0 2775808
3 2775872
2 2775936
7 2776000
6 2776064
10 2776128
2 2776192
8 2776256
0 2776320
5 2776384
10 2776448
10 2776512
8 2776576
7 2776640
7 2776704
7 2776768
7 2776832
0 2776896
1 2776960
4 2777024
10 2777088
9 2777152
7 2777216
2 2777280
6 2777344
8 2777408
2 2777472
1 2777536
1 2777600
9 2777664
5 2777728
6 2777792
10 2777856
10 2777920
9 2777984
6 2778048
4 2778112
6 2778176
0 2778240
7 2778304
7 2778368
3 2778432
10 2778496
5 2778560
9 2778624
5 2778688
6 2778752
9 2778816
10 2778880
1 2778944
9 2779008
2 2779072
2 2779136
0 2779200
5 2779264
1 2779328
3 2779392
5 2779456
6 2779520
3 2779584
9 2779648
10 2779712
7 2779776
4 2779840
8 2779904
10 2779968
9 2780032
2 2780096
5 2780160
0 2780224
0 2780288
7 2780352
5 2780416
1 2780480
6 2780544
7 2780608
4 2780672
8 2780736
6 2780800
10 2780864
7 2780928
3 2780992
5 2781056
8 2781120
1 2781184
8 2781248
2 2781312
1 2781376
7 2781440
7 2781504
4 2781568
8 2781632
7 2781696
4 2781760
7 2781824
7 2781888
9 2781952
3 2782016
5 2782080
9 2782144
9 2782208
10 2782272
10 2782336
5 2782400
10 2782464
8 2782528
4 2782592
3 2782656
8 2782720
3 2782784
5 2782848
6 2782912
9 2782976
9 2783040
9 2783104
7 2783168
1 2783232
2 2783296
5 2783360
2 2783424
0 2783488
1 2783552
9 2783616
3 2783680
0 2783744
6 2783808
4 2783872
6 2783936
10 2784000
9 2784064
1 2784128
2 2784192
6 2784256
7 2784320
1 2784384
9 2784448
1 2784512
9 2784576
6 2784640
9 2784704
9 2784768
3 2784832
3 2784896
5 2784960
3 2785024
10 2785088
0 2785152
3 2785216
10 2785280
1 2785344
3 2785408
8 2785472
7 2785536
8 2785600
3 2785664
0 2785728
5 2785792
10 2785856
6 2785920
8 2785984
2 2786048
8 2786112
7 2786176
5 2786240
3 2786304
3 2786368
5 2786432
5 2786496
2 2786560
6 2786624
2 2786688
0 2786752
2 2786816
9 2786880
10 2786944
4 2787008
8 2787072
7 2787136
4 2787200
7 2787264
8 2787328
1 2787392
1 2787456
2 2787520
8 2787584
2 2787648
6 2787712
9 2787776
10 2787840
9 2787904
3 2787968
4 2788032
5 2788096
1 2788160
7 2788224
3 2788288
9 2788352
2 2788416
2 2788480
2 2788544
9 2788608
3 2788672
1 2788736
7 2788800
10 2788864
7 2788928
8 2788992
6 2789056
5 2789120
0 2789184
3 2789248
9 2789312
10 2789376
4 2789440
10 2789504
7 2789568
5 2789632
10 2789696
10 2789760
0 2789824
5 2789888
5 2789952
7 2790016
10 2790080
7 2790144
7 2790208
9 2790272
1 2790336
7 2790400
4 2790464
3 2790528
1 2790592
2 2790656
10 2790720
4 2790784
3 2790848
4 2790912
10 2790976
5 2791040
3 2791104
5 2791168
3 2791232
8 2791296
1 2791360
1 2791424
5 2791488
7 2791552
5 2791616
0 2791680
9 2791744
2 2791808
7 2791872
2 2791936
0 2792000
9 2792064
4 2792128
8 2792192
0 2792256
3 2792320
6 2792384
9 2792448
5 2792512
7 2792576
10 2792640
5 2792704
6 2792768
2 2792832
9 2792896
4 2792960
3 2793024
3 2793088
9 2793152
1 2793216
6 2793280
8 2793344
6 2793408
7 2793472
0 2793536
8 2793600
8 2793664
5 2793728
5 2793792
0 2793856
6 2793920
9 2793984
4 2794048
3 2794112
9 2794176
10 2794240
4 2794304
4 2794368
1 2794432
0 2794496
1 2794560
0 2794624
4 2794688
2 2794752
7 2794816
9 2794880
7 2794944
4 2795008
9 2795072
3 2795136
5 2795200
4 2795264
9 2795328
2 2795392
1 2795456
0 2795520
1 2795584
8 2795648
1 2795712
8 2795776
8 2795840
10 2795904
9 2795968
6 2796032
9 2796096
9 2796160
10 2796224
1 2796288
3 2796352
2 2796416
10 2796480
9 2796544
3 2796608
5 2796672
7 2796736
5 2796800
3 2796864
8 2796928
4 2796992
8 2797056
10 2797120
1 2797184
1 2797248
1 2797312
5 2797376
7 2797440
0 2797504
3 2797568
4 2797632
7 2797696
5 2797760
6 2797824
0 2797888
10 2797952
1 2798016
6 2798080
4 2798144
10 2798208
2 2798272
6 2798336
2 2798400
4 2798464
5 2798528
5 2798592
4 2798656
6 2798720
2 2798784
0 2798848
2 2798912
1 2798976
3 2799040
5 2799104
4 2799168
6 2799232
9 2799296
2 2799360
2 2799424
10 2799488
3 2799552
9 2799616
4 2799680
0 2799744
7 2799808
1 2799872
7 2799936
3 2800000
10 2800064
4 2800128
3 2800192
4 2800256
6 2800320
6 2800384
0 2800448
9 2800512
5 2800576
4 2800640
7 2800704
10 2800768
0 2800832
10 2800896
0 2800960
6 2801024
0 2801088
3 2801152
9 2801216
8 2801280
1 2801344
0 2801408
7 2801472
9 2801536
5 2801600
1 2801664
6 2801728
3 2801792
5 2801856
2 2801920
1 2801984
4 2802048
10 2802112
1 2802176
2 2802240
0 2802304
2 2802368
2 2802432
4 2802496
10 2802560
1 2802624
7 2802688
5 2802752
6 2802816
1 2802880
6 2802944
8 2803008
0 2803072
9 2803136
5 2803200
6 2803264
4 2803328
10 2803392
1 2803456
8 2803520
5 2803584
4 2803648
1 2803712
3 2803776
3 2803840
10 2803904
3 2803968
6 2804032
6 2804096
5 2804160
0 2804224
2 2804288
8 2804352
5 2804416
9 2804480
1 2804544
5 2804608
6 2804672
5 2804736
8 2804800
1 2804864
7 2804928
10 2804992
9 2805056
1 2805120
10 2805184
5 2805248
7 2805312
8 2805376
2 2805440
9 2805504
0 2805568
5 2805632
2 2805696
4 2805760
9 2805824
2 2805888
2 2805952
1 2806016
9 2806080
1 2806144
10 2806208
10 2806272
1 2806336
10 2806400
4 2806464
2 2806528
9 2806592
9 2806656
9 2806720
4 2806784
8 2806848
1 2806912
4 2806976
1 2807040
4 2807104
0 2807168
1 2807232
3 2807296
8 2807360
5 2807424
6 2807488
9 2807552
9 2807616
3 2807680
9 2807744
1 2807808
4 2807872
2 2807936
6 2808000
5 2808064
2 2808128
0 2808192
1 2808256
2 2808320
0 2808384
1 2808448
7 2808512
4 2808576
0 2808640
2 2808704
0 2808768
9 2808832
8 2808896
10 2808960
4 2809024
4 2809088
6 2809152
9 2809216
8 2809280
8 2809344
8 2809408
6 2809472
6 2809536
5 2809600
9 2809664
4 2809728
8 2809792
1 2809856
8 2809920
2 2809984
7 2810048
2 2810112
9 2810176
1 2810240
3 2810304
10 2810368
6 2810432
7 2810496
10 2810560
5 2810624
9 2810688
1 2810752
6 2810816
4 2810880
4 2810944
10 2811008
9 2811072
1 2811136
5 2811200
3 2811264
2 2811328
1 2811392
8 2811456
10 2811520
0 2811584
1 2811648
1 2811712
3 2811776
0 2811840
8 2811904
5 2811968
2 2812032
3 2812096
1 2812160
5 2812224
6 2812288
8 2812352
2 2812416
3 2812480
4 2812544
2 2812608
8 2812672
4 2812736
0 2812800
2 2812864
2 2812928
4 2812992
6 2813056
2 2813120
6 2813184
7 2813248
1 2813312
10 2813376
3 2813440
2 2813504
0 2813568
2 2813632
5 2813696
3 2813760
4 2813824
2 2813888
3 2813952
8 2814016
6 2814080
7 2814144
0 2814208
7 2814272
7 2814336
6 2814400
0 2814464
4 2814528
2 2814592
9 2814656
3 2814720
10 2814784
10 2814848
10 2814912
10 2814976
9 2815040
8 2815104
7 2815168
10 2815232
6 2815296
6 2815360
7 2815424
4 2815488
0 2815552
8 2815616
7 2815680
7 2815744
2 2815808
1 2815872
0 2815936
7 2816000
10 2816064
5 2816128
2 2816192
4 2816256
0 2816320
0 2816384
3 2816448
3 2816512
0 2816576
5 2816640
1 2816704
0 2816768
10 2816832
9 2816896
7 2816960
2 2817024
4 2817088
7 2817152
2 2817216
5 2817280
4 2817344
2 2817408
6 2817472
5 2817536
4 2817600
1 2817664
6 2817728
10 2817792
8 2817856
9 2817920
10 2817984
3 2818048
9 2818112
2 2818176
7 2818240
6 2818304
3 2818368
9 2818432
8 2818496
5 2818560
2 2818624
3 2818688
8 2818752
10 2818816
1 2818880
8 2818944
2 2819008
8 2819072
9 2819136
3 2819200
6 2819264
10 2819328
3 2819392
10 2819456
10 2819520
2 2819584
7 2819648
8 2819712
10 2819776
6 2819840
8 2819904
0 2819968
7 2820032
0 2820096
4 2820160
2 2820224
10 2820288
3 2820352
5 2820416
7 2820480
10 2820544
3 2820608
1 2820672
8 2820736
9 2820800
9 2820864
5 2820928
9 2820992
3 2821056
1 2821120
1 2821184
6 2821248
10 2821312
9 2821376
9 2821440
2 2821504
10 2821568
1 2821632
10 2821696
3 2821760
5 2821824
3 2821888
4 2821952
7 2822016
0 2822080
5 2822144
0 2822208
7 2822272
10 2822336
0 2822400
7 2822464
7 2822528
5 2822592
0 2822656
8 2822720
8 2822784
4 2822848
9 2822912
4 2822976
10 2823040
9 2823104
9 2823168
9 2823232
6 2823296
3 2823360
5 2823424
7 2823488
6 2823552
8 2823616
6 2823680
6 2823744
2 2823808
1 2823872
3 2823936
8 2824000
0 2824064
5 2824128
9 2824192
5 2824256
1 2824320
9 2824384
4 2824448
8 2824512
4 2824576
5 2824640
4 2824704
2 2824768
2 2824832
5 2824896
9 2824960
5 2825024
5 2825088
1 2825152
3 2825216
3 2825280
0 2825344
5 2825408
9 2825472
1 2825536
5 2825600
4 2825664
1 2825728
9 2825792
6 2825856
3 2825920
10 2825984
5 2826048
1 2826112
1 2826176
0 2826240
9 2826304
6 2826368
7 2826432
4 2826496
5 2826560
1 2826624
10 2826688
3 2826752
6 2826816
3 2826880
6 2826944
5 2827008
9 2827072
0 2827136
5 2827200
0 2827264
4 2827328
1 2827392
7 2827456
3 2827520
7 2827584
2 2827648
2 2827712
3 2827776
4 2827840
2 2827904
6 2827968
7 2828032
8 2828096
7 2828160
0 2828224
3 2828288
10 2828352
2 2828416
3 2828480
10 2828544
8 2828608
1 2828672
2 2828736
8 2828800
1 2828864
7 2828928
1 2828992
8 2829056
9 2829120
10 2829184
9 2829248
3 2829312
5 2829376
4 2829440
10 2829504
7 2829568
10 2829632
5 2829696
2 2829760
1 2829824
1 2829888
2 2829952
7 2830016
5 2830080
9 2830144
6 2830208
3 2830272
7 2830336
3 2830400
1 2830464
1 2830528
4 2830592
9 2830656
3 2830720
3 2830784
1 2830848
0 2830912
8 2830976
8 2831040
6 2831104
2 2831168
3 2831232
0 2831296
6 2831360
5 2831424
9 2831488
4 2831552
10 2831616
0 2831680
0 2831744
3 2831808
8 2831872
1 2831936
8 2832000
0 2832064
3 2832128
6 2832192
4 2832256
8 2832320
5 2832384
1 2832448
10 2832512
0 2832576
0 2832640
2 2832704
1 2832768
8 2832832
2 2832896
4 2832960
1 2833024
4 2833088
0 2833152
8 2833216
1 2833280
7 2833344
0 2833408
2 2833472
8 2833536
4 2833600
6 2833664
1 2833728
6 2833792
10 2833856
8 2833920
7 2833984
8 2834048
7 2834112
10 2834176
10 2834240
3 2834304
2 2834368
1 2834432
4 2834496
9 2834560
9 2834624
9 2834688
7 2834752
0 2834816
3 2834880
10 2834944
2 2835008
0 2835072
4 2835136
3 2835200
10 2835264
4 2835328
10 2835392
7 2835456
4 2835520
3 2835584
3 2835648
4 2835712
4 2835776
2 2835840
1 2835904
0 2835968
6 2836032
5 2836096
1 2836160
0 2836224
0 2836288
4 2836352
6 2836416
0 2836480
1 2836544
0 2836608
10 2836672
4 2836736
1 2836800
3 2836864
1 2836928
3 2836992
5 2837056
5 2837120
5 2837184
7 2837248
9 2837312
4 2837376
2 2837440
0 2837504
7 2837568
2 2837632
10 2837696
10 2837760
2 2837824
10 2837888
3 2837952
9 2838016
5 2838080
6 2838144
7 2838208
2 2838272
10 2838336
1 2838400
7 2838464
6 2838528
1 2838592
8 2838656
9 2838720
8 2838784
9 2838848
8 2838912
7 2838976
8 2839040
7 2839104
7 2839168
6 2839232
7 2839296
7 2839360
5 2839424
1 2839488
3 2839552
8 2839616
7 2839680
7 2839744
10 2839808
1 2839872
2 2839936
3 2840000
9 2840064
8 2840128
1 2840192
8 2840256
9 2840320
3 2840384
9 2840448
7 2840512
10 2840576
10 2840640
2 2840704
0 2840768
4 2840832
8 2840896
7 2840960
3 2841024
0 2841088
4 2841152
5 2841216
1 2841280
9 2841344
4 2841408
5 2841472
5 2841536
8 2841600
6 2841664
8 2841728
1 2841792
10 2841856
7 2841920
3 2841984
4 2842048
1 2842112
8 2842176
8 2842240
10 2842304
0 2842368
7 2842432
9 2842496
10 2842560
6 2842624
4 2842688
10 2842752
0 2842816
3 2842880
10 2842944
10 2843008
1 2843072
5 2843136
7 2843200
5 2843264
8 2843328
5 2843392
9 2843456
3 2843520
9 2843584
1 2843648
8 2843712
10 2843776
5 2843840
3 2843904
10 2843968
6 2844032
2 2844096
0 2844160
5 2844224
4 2844288
4 2844352
9 2844416
3 2844480
3 2844544
9 2844608
2 2844672
7 2844736
1 2844800
10 2844864
9 2844928
5 2844992
4 2845056
0 2845120
6 2845184
3 2845248
8 2845312
5 2845376
6 2845440
7 2845504
0 2845568
2 2845632
0 2845696
7 2845760
10 2845824
1 2845888
5 2845952
3 2846016
7 2846080
8 2846144
10 2846208
4 2846272
2 2846336
0 2846400
10 2846464
5 2846528
5 2846592
10 2846656
10 2846720
5 2846784
5 2846848
3 2846912
10 2846976
5 2847040
4 2847104
4 2847168
0 2847232
7 2847296
8 2847360
9 2847424
10 2847488
6 2847552
7 2847616
7 2847680
8 2847744
8 2847808
8 2847872
9 2847936
2 2848000
10 2848064
2 2848128
1 2848192
0 2848256
0 2848320
7 2848384
2 2848448
10 2848512
10 2848576
0 2848640
4 2848704
0 2848768
9 2848832
4 2848896
7 2848960
1 2849024
1 2849088
2 2849152
4 2849216
6 2849280
1 2849344
7 2849408
5 2849472
10 2849536
7 2849600
8 2849664
0 2849728
4 2849792
1 2849856
0 2849920
4 2849984
8 2850048
6 2850112
6 2850176
7 2850240
1 2850304
8 2850368
6 2850432
4 2850496
4 2850560
2 2850624
6 2850688
2 2850752
4 2850816
4 2850880
7 2850944
0 2851008
4 2851072
9 2851136
8 2851200
6 2851264
7 2851328
1 2851392
1 2851456
0 2851520
1 2851584
8 2851648
7 2851712
7 2851776
0 2851840
3 2851904
3 2851968
2 2852032
5 2852096
7 2852160
0 2852224
4 2852288
10 2852352
4 2852416
3 2852480
0 2852544
7 2852608
3 2852672
2 2852736
4 2852800
6 2852864
10 2852928
6 2852992
8 2853056
9 2853120
9 2853184
7 2853248
10 2853312
4 2853376
9 2853440
10 2853504
0 2853568
3 2853632
10 2853696
0 2853760
4 2853824
3 2853888
8 2853952
1 2854016
7 2854080
7 2854144
9 2854208
9 2854272
8 2854336
9 2854400
9 2854464
2 2854528
4 2854592
6 2854656
9 2854720
2 2854784
4 2854848
7 2854912
0 2854976
4 2855040
8 2855104
1 2855168
1 2855232
10 2855296
3 2855360
0 2855424
1 2855488
8 2855552
6 2855616
4 2855680
3 2855744
2 2855808
3 2855872
1 2855936
4 2856000
5 2856064
6 2856128
5 2856192
1 2856256
8 2856320
1 2856384
2 2856448
7 2856512
5 2856576
9 2856640
1 2856704
7 2856768
0 2856832
0 2856896
3 2856960
4 2857024
3 2857088
7 2857152
4 2857216
3 2857280
2 2857344
5 2857408
6 2857472
10 2857536
7 2857600
4 2857664
0 2857728
5 2857792
3 2857856
6 2857920
2 2857984
5 2858048
1 2858112
10 2858176
10 2858240
2 2858304
3 2858368
1 2858432
1 2858496
5 2858560
4 2858624
1 2858688
10 2858752
1 2858816
1 2858880
9 2858944
0 2859008
10 2859072
2 2859136
0 2859200
6 2859264
0 2859328
7 2859392
1 2859456
3 2859520
6 2859584
10 2859648
9 2859712
3 2859776
0 2859840
0 2859904
5 2859968
2 2860032
2 2860096
1 2860160
10 2860224
4 2860288
4 2860352
2 2860416
10 2860480
6 2860544
7 2860608
10 2860672
3 2860736
5 2860800
3 2860864
8 2860928
4 2860992
10 2861056
2 2861120
5 2861184
6 2861248
1 2861312
1 2861376
6 2861440
1 2861504
10 2861568
5 2861632
10 2861696
9 2861760
9 2861824
9 2861888
4 2861952
4 2862016
2 2862080
6 2862144
1 2862208
8 2862272
4 2862336
5 2862400
5 2862464
3 2862528
7 2862592
5 2862656
8 2862720
2 2862784
6 2862848
8 2862912
2 2862976
10 2863040
9 2863104
5 2863168
0 2863232
8 2863296
1 2863360
4 2863424
9 2863488
9 2863552
10 2863616
4 2863680
0 2863744
2 2863808
3 2863872
2 2863936
3 2864000
5 2864064
8 2864128
5 2864192
9 2864256
3 2864320
5 2864384
8 2864448
0 2864512
3 2864576
10 2864640
10 2864704
5 2864768
10 2864832
2 2864896
8 2864960
8 2865024
0 2865088
5 2865152
0 2865216
7 2865280
5 2865344
0 2865408
7 2865472
10 2865536
8 2865600
1 2865664
9 2865728
10 2865792
10 2865856
7 2865920
3 2865984
5 2866048
4 2866112
4 2866176
2 2866240
5 2866304
2 2866368
4 2866432
7 2866496
7 2866560
7 2866624
7 2866688
4 2866752
4 2866816
4 2866880
9 2866944
6 2867008
4 2867072
9 2867136
3 2867200
0 2867264
4 2867328
6 2867392
4 2867456
0 2867520
0 2867584
6 2867648
0 2867712
6 2867776
9 2867840
8 2867904
8 2867968
2 2868032
6 2868096
4 2868160
8 2868224
6 2868288
2 2868352
10 2868416
7 2868480
5 2868544
5 2868608
3 2868672
7 2868736
7 2868800
9 2868864
3 2868928
8 2868992
5 2869056
10 2869120
4 2869184
10 2869248
6 2869312
0 2869376
9 2869440
1 2869504
2 2869568
1 2869632
0 2869696
4 2869760
0 2869824
7 2869888
2 2869952
5 2870016
4 2870080
5 2870144
3 2870208
9 2870272
6 2870336
0 2870400
1 2870464
6 2870528
0 2870592
9 2870656
9 2870720
3 2870784
2 2870848
10 2870912
4 2870976
7 2871040
0 2871104
7 2871168
9 2871232
2 2871296
6 2871360
2 2871424
5 2871488
10 2871552
1 2871616
7 2871680
4 2871744
3 2871808
1 2871872
10 2871936
6 2872000
0 2872064
3 2872128
2 2872192
5 2872256
0 2872320
10 2872384
3 2872448
10 2872512
9 2872576
4 2872640
3 2872704
10 2872768
10 2872832
9 2872896
8 2872960
8 2873024
4 2873088
4 2873152
2 2873216
7 2873280
8 2873344
9 2873408
5 2873472
2 2873536
10 2873600
3 2873664
6 2873728
1 2873792
7 2873856
9 2873920
4 2873984
9 2874048
6 2874112
4 2874176
5 2874240
4 2874304
9 2874368
5 2874432
9 2874496
5 2874560
7 2874624
8 2874688
1 2874752
2 2874816
7 2874880
3 2874944
1 2875008
7 2875072
4 2875136
10 2875200
10 2875264
2 2875328
7 2875392
1 2875456
8 2875520
3 2875584
2 2875648
2 2875712
10 2875776
4 2875840
0 2875904
2 2875968
3 2876032
9 2876096
3 2876160
6 2876224
10 2876288
2 2876352
7 2876416
6 2876480
1 2876544
7 2876608
6 2876672
4 2876736
0 2876800
10 2876864
4 2876928
0 2876992
4 2877056
6 2877120
5 2877184
10 2877248
5 2877312
1 2877376
1 2877440
2 2877504
8 2877568
6 2877632
3 2877696
8 2877760
1 2877824
1 2877888
0 2877952
5 2878016
0 2878080
2 2878144
2 2878208
8 2878272
9 2878336
2 2878400
0 2878464
7 2878528
10 2878592
4 2878656
10 2878720
10 2878784
5 2878848
9 2878912
5 2878976
2 2879040
8 2879104
2 2879168
7 2879232
6 2879296
7 2879360
7 2879424
4 2879488
2 2879552
3 2879616
9 2879680
3 2879744
5 2879808
4 2879872
3 2879936
3 2880000
10 2880064
7 2880128
3 2880192
2 2880256
7 2880320
8 2880384
3 2880448
9 2880512
6 2880576
9 2880640
2 2880704
1 2880768
5 2880832
1 2880896
0 2880960
0 2881024
2 2881088
6 2881152
0 2881216
7 2881280
7 2881344
2 2881408
1 2881472
4 2881536
3 2881600
10 2881664
10 2881728
4 2881792
8 2881856
6 2881920
9 2881984
10 2882048
6 2882112
5 2882176
3 2882240
7 2882304
1 2882368
5 2882432
5 2882496
7 2882560
3 2882624
1 2882688
0 2882752
5 2882816
2 2882880
0 2882944
8 2883008
9 2883072
8 2883136
3 2883200
1 2883264
8 2883328
7 2883392
3 2883456
0 2883520
10 2883584
9 2883648
5 2883712
0 2883776
7 2883840
9 2883904
3 2883968
3 2884032
7 2884096
7 2884160
3 2884224
1 2884288
2 2884352
9 2884416
7 2884480
3 2884544
4 2884608
1 2884672
4 2884736
8 2884800
5 2884864
0 2884928
2 2884992
10 2885056
7 2885120
10 2885184
5 2885248
9 2885312
10 2885376
0 2885440
8 2885504
2 2885568
6 2885632
8 2885696
0 2885760
0 2885824
9 2885888
0 2885952
7 2886016
2 2886080
2 2886144
0 2886208
8 2886272
10 2886336
10 2886400
7 2886464
1 2886528
2 2886592
1 2886656
8 2886720
9 2886784
4 2886848
5 2886912
2 2886976
3 2887040
9 2887104
10 2887168
5 2887232
9 2887296
6 2887360
0 2887424
2 2887488
3 2887552
3 2887616
1 2887680
5 2887744
9 2887808
9 2887872
8 2887936
7 2888000
5 2888064
1 2888128
7 2888192
5 2888256
7 2888320
9 2888384
0 2888448
3 2888512
2 2888576
3 2888640
0 2888704
8 2888768
8 2888832
8 2888896
0 2888960
6 2889024
0 2889088
9 2889152
4 2889216
1 2889280
7 2889344
5 2889408
0 2889472
2 2889536
4 2889600
1 2889664
3 2889728
0 2889792
0 2889856
7 2889920
8 2889984
10 2890048
8 2890112
6 2890176
7 2890240
10 2890304
5 2890368
8 2890432
7 2890496
5 2890560
5 2890624
10 2890688
8 2890752
5 2890816
0 2890880
9 2890944
5 2891008
9 2891072
1 2891136
4 2891200
5 2891264
0 2891328
4 2891392
9 2891456
7 2891520
2 2891584
3 2891648
6 2891712
6 2891776
9 2891840
4 2891904
10 2891968
6 2892032
2 2892096
7 2892160
2 2892224
8 2892288
6 2892352
5 2892416
1 2892480
8 2892544
1 2892608
4 2892672
2 2892736
0 2892800
4 2892864
3 2892928
10 2892992
8 2893056
4 2893120
10 2893184
5 2893248
0 2893312
10 2893376
4 2893440
6 2893504
2 2893568
1 2893632
7 2893696
6 2893760
4 2893824
10 2893888
3 2893952
4 2894016
9 2894080
3 2894144
9 2894208
4 2894272
1 2894336
6 2894400
6 2894464
7 2894528
4 2894592
0 2894656
7 2894720
8 2894784
10 2894848
8 2894912
10 2894976
6 2895040
9 2895104
8 2895168
5 2895232
8 2895296
5 2895360
7 2895424
4 2895488
9 2895552
1 2895616
1 2895680
0 2895744
6 2895808
10 2895872
6 2895936
7 2896000
10 2896064
2 2896128
6 2896192
4 2896256
1 2896320
8 2896384
7 2896448
9 2896512
3 2896576
10 2896640
9 2896704
7 2896768
8 2896832
9 2896896
5 2896960
3 2897024
7 2897088
7 2897152
0 2897216
1 2897280
2 2897344
4 2897408
9 2897472
3 2897536
1 2897600
6 2897664
4 2897728
5 2897792
10 2897856
10 2897920
9 2897984
8 2898048
2 2898112
4 2898176
3 2898240
7 2898304
8 2898368
0 2898432
4 2898496
7 2898560
0 2898624
4 2898688
0 2898752
7 2898816
10 2898880
9 2898944
3 2899008
6 2899072
5 2899136
1 2899200
8 2899264
7 2899328
5 2899392
6 2899456
9 2899520
2 2899584
6 2899648
9 2899712
2 2899776
0 2899840
3 2899904
10 2899968
2 2900032
7 2900096
3 2900160
5 2900224
7 2900288
1 2900352
2 2900416
5 2900480
6 2900544
7 2900608
2 2900672
1 2900736
2 2900800
3 2900864
0 2900928
0 2900992
8 2901056
5 2901120
7 2901184
10 2901248
8 2901312
9 2901376
5 2901440
9 2901504
1 2901568
5 2901632
3 2901696
2 2901760
4 2901824
2 2901888
5 2901952
6 2902016
6 2902080
0 2902144
0 2902208
9 2902272
8 2902336
0 2902400
5 2902464
7 2902528
8 2902592
3 2902656
6 2902720
10 2902784
9 2902848
0 2902912
3 2902976
0 2903040
3 2903104
4 2903168
1 2903232
3 2903296
10 2903360
6 2903424
5 2903488
10 2903552
3 2903616
2 2903680
9 2903744
8 2903808
5 2903872
6 2903936
8 2904000
4 2904064
9 2904128
10 2904192
9 2904256
7 2904320
7 2904384
0 2904448
7 2904512
0 2904576
6 2904640
0 2904704
0 2904768
7 2904832
4 2904896
6 2904960
1 2905024
4 2905088
3 2905152
3 2905216
7 2905280
0 2905344
0 2905408
4 2905472
9 2905536
1 2905600
10 2905664
7 2905728
4 2905792
4 2905856
3 2905920
6 2905984
8 2906048
7 2906112
1 2906176
10 2906240
10 2906304
6 2906368
3 2906432
8 2906496
7 2906560
6 2906624
2 2906688
1 2906752
5 2906816
7 2906880
7 2906944
4 2907008
0 2907072
5 2907136
4 2907200
5 2907264
8 2907328
6 2907392
6 2907456
1 2907520
8 2907584
2 2907648
4 2907712
8 2907776
7 2907840
4 2907904
1 2907968
4 2908032
2 2908096
7 2908160
8 2908224
5 2908288
3 2908352
10 2908416
1 2908480
4 2908544
1 2908608
9 2908672
8 2908736
8 2908800
7 2908864
2 2908928
6 2908992
3 2909056
4 2909120
10 2909184
9 2909248
2 2909312
1 2909376
10 2909440
2 2909504
2 2909568
3 2909632
3 2909696
9 2909760
9 2909824
8 2909888
2 2909952
1 2910016
5 2910080
9 2910144
0 2910208
0 2910272
7 2910336
1 2910400
3 2910464
2 2910528
10 2910592
0 2910656
4 2910720
4 2910784
8 2910848
4 2910912
5 2910976
6 2911040
7 2911104
7 2911168
1 2911232
5 2911296
10 2911360
4 2911424
1 2911488
7 2911552
10 2911616
6 2911680
6 2911744
0 2911808
4 2911872
5 2911936
6 2912000
8 2912064
9 2912128
3 2912192
9 2912256
1 2912320
1 2912384
6 2912448
10 2912512
4 2912576
5 2912640
7 2912704
10 2912768
6 2912832
7 2912896
10 2912960
7 2913024
6 2913088
5 2913152
7 2913216
6 2913280
6 2913344
6 2913408
4 2913472
7 2913536
6 2913600
0 2913664
8 2913728
5 2913792
2 2913856
0 2913920
8 2913984
10 2914048
5 2914112
10 2914176
2 2914240
9 2914304
6 2914368
4 2914432
5 2914496
5 2914560
2 2914624
1 2914688
7 2914752
5 2914816
0 2914880
4 2914944
9 2915008
9 2915072
8 2915136
8 2915200
7 2915264
8 2915328
2 2915392
9 2915456
8 2915520
8 2915584
7 2915648
2 2915712
7 2915776
5 2915840
4 2915904
4 2915968
2 2916032
2 2916096
0 2916160
6 2916224
1 2916288
10 2916352
8 2916416
5 2916480
0 2916544
6 2916608
9 2916672
2 2916736
9 2916800
8 2916864
7 2916928
10 2916992
3 2917056
10 2917120
8 2917184
6 2917248
10 2917312
4 2917376
0 2917440
0 2917504
6 2917568
7 2917632
2 2917696
4 2917760
6 2917824
6 2917888
3 2917952
9 2918016
0 2918080
3 2918144
2 2918208
1 2918272
4 2918336
3 2918400
0 2918464
3 2918528
1 2918592
8 2918656
3 2918720
9 2918784
3 2918848
3 2918912
0 2918976
1 2919040
1 2919104
1 2919168
8 2919232
4 2919296
10 2919360
0 2919424
6 2919488
5 2919552
4 2919616
8 2919680
8 2919744
5 2919808
5 2919872
8 2919936
7 2920000
5 2920064
5 2920128
2 2920192
4 2920256
5 2920320
2 2920384
9 2920448
6 2920512
1 2920576
5 2920640
1 2920704
4 2920768
3 2920832
6 2920896
9 2920960
7 2921024
4 2921088
5 2921152
7 2921216
8 2921280
3 2921344
5 2921408
1 2921472
7 2921536
9 2921600
8 2921664
3 2921728
10 2921792
8 2921856
7 2921920
1 2921984
10 2922048
3 2922112
5 2922176
5 2922240
6 2922304
6 2922368
9 2922432
6 2922496
3 2922560
10 2922624
3 2922688
8 2922752
9 2922816
5 2922880
8 2922944
6 2923008
10 2923072
4 2923136
1 2923200
7 2923264
10 2923328
8 2923392
2 2923456
5 2923520
10 2923584
6 2923648
0 2923712
1 2923776
9 2923840
9 2923904
9 2923968
1 2924032
6 2924096
2 2924160
4 2924224
6 2924288
9 2924352
4 2924416
10 2924480
7 2924544
6 2924608
2 2924672
9 2924736
3 2924800
6 2924864
10 2924928
8 2924992
4 2925056
2 2925120
6 2925184
8 2925248
5 2925312
1 2925376
7 2925440
9 2925504
7 2925568
3 2925632
6 2925696
7 2925760
9 2925824
9 2925888
0 2925952
1 2926016
0 2926080
2 2926144
10 2926208
7 2926272
1 2926336
9 2926400
0 2926464
10 2926528
9 2926592
5 2926656
10 2926720
2 2926784
0 2926848
3 2926912
8 2926976
10 2927040
7 2927104
2 2927168
1 2927232
2 2927296
1 2927360
5 2927424
10 2927488
1 2927552
9 2927616
0 2927680
10 2927744
4 2927808
5 2927872
6 2927936
2 2928000
4 2928064
4 2928128
6 2928192
2 2928256
2 2928320
0 2928384
1 2928448
6 2928512
5 2928576
6 2928640
6 2928704
3 2928768
10 2928832
3 2928896
9 2928960
3 2929024
10 2929088
5 2929152
0 2929216
8 2929280
2 2929344
4 2929408
3 2929472
2 2929536
6 2929600
2 2929664
5 2929728
3 2929792
10 2929856
8 2929920
1 2929984
4 2930048
0 2930112
3 2930176
0 2930240
10 2930304
7 2930368
5 2930432
5 2930496
9 2930560
8 2930624
4 2930688
1 2930752
10 2930816
4 2930880
2 2930944
0 2931008
2 2931072
4 2931136
8 2931200
4 2931264
3 2931328
5 2931392
0 2931456
7 2931520
4 2931584
5 2931648
0 2931712
9 2931776
3 2931840
3 2931904
2 2931968
8 2932032
0 2932096
9 2932160
10 2932224
9 2932288
9 2932352
7 2932416
0 2932480
2 2932544
4 2932608
4 2932672
0 2932736
4 2932800
3 2932864
1 2932928
0 2932992
9 2933056
0 2933120
7 2933184
7 2933248
1 2933312
10 2933376
8 2933440
2 2933504
3 2933568
10 2933632
5 2933696
3 2933760
2 2933824
7 2933888
7 2933952
10 2934016
10 2934080
3 2934144
7 2934208
6 2934272
5 2934336
5 2934400
4 2934464
7 2934528
6 2934592
1 2934656
7 2934720
2 2934784
7 2934848
5 2934912
7 2934976
3 2935040
5 2935104
5 2935168
4 2935232
8 2935296
1 2935360
4 2935424
7 2935488
1 2935552
2 2935616
6 2935680
6 2935744
6 2935808
1 2935872
5 2935936
10 2936000
3 2936064
9 2936128
3 2936192
9 2936256
2 2936320
9 2936384
4 2936448
2 2936512
7 2936576
0 2936640
2 2936704
1 2936768
5 2936832
0 2936896
10 2936960
1 2937024
3 2937088
4 2937152
3 2937216
10 2937280
3 2937344
9 2937408
0 2937472
6 2937536
2 2937600
7 2937664
9 2937728
8 2937792
9 2937856
10 2937920
5 2937984
8 2938048
2 2938112
4 2938176
7 2938240
7 2938304
3 2938368
3 2938432
9 2938496
1 2938560
2 2938624
9 2938688
9 2938752
0 2938816
3 2938880
7 2938944
1 2939008
9 2939072
1 2939136
2 2939200
7 2939264
5 2939328
9 2939392
3 2939456
9 2939520
5 2939584
5 2939648
7 2939712
10 2939776
1 2939840
4 2939904
2 2939968
1 2940032
1 2940096
6 2940160
10 2940224
2 2940288
2 2940352
0 2940416
6 2940480
10 2940544
10 2940608
5 2940672
9 2940736
1 2940800
0 2940864
0 2940928
4 2940992
4 2941056
3 2941120
6 2941184
4 2941248
3 2941312
6 2941376
4 2941440
4 2941504
4 2941568
3 2941632
2 2941696
9 2941760
6 2941824
9 2941888
1 2941952
4 2942016
2 2942080
2 2942144
0 2942208
10 2942272
0 2942336
7 2942400
10 2942464
2 2942528
2 2942592
7 2942656
6 2942720
8 2942784
3 2942848
5 2942912
2 2942976
7 2943040
8 2943104
0 2943168
10 2943232
8 2943296
7 2943360
8 2943424
5 2943488
10 2943552
7 2943616
1 2943680
0 2943744
9 2943808
3 2943872
3 2943936
8 2944000
5 2944064
3 2944128
0 2944192
0 2944256
0 2944320
9 2944384
0 2944448
0 2944512
10 2944576
6 2944640
3 2944704
10 2944768
2 2944832
5 2944896
8 2944960
6 2945024
10 2945088
7 2945152
7 2945216
5 2945280
4 2945344
6 2945408
5 2945472
8 2945536
6 2945600
1 2945664
7 2945728
2 2945792
8 2945856
10 2945920
4 2945984
7 2946048
10 2946112
0 2946176
3 2946240
4 2946304
4 2946368
6 2946432
10 2946496
3 2946560
3 2946624
2 2946688
4 2946752
6 2946816
5 2946880
10 2946944
10 2947008
6 2947072
8 2947136
4 2947200
1 2947264
5 2947328
4 2947392
6 2947456
3 2947520
5 2947584
1 2947648
7 2947712
5 2947776
7 2947840
3 2947904
5 2947968
1 2948032
8 2948096
5 2948160
1 2948224
7 2948288
6 2948352
9 2948416
10 2948480
6 2948544
5 2948608
9 2948672
5 2948736
9 2948800
6 2948864
5 2948928
6 2948992
0 2949056
0 2949120
10 2949184
3 2949248
3 2949312
7 2949376
5 2949440
2 2949504
2 2949568
9 2949632
6 2949696
4 2949760
8 2949824
4 2949888
10 2949952
2 2950016
1 2950080
0 2950144
9 2950208
2 2950272
2 2950336
2 2950400
5 2950464
1 2950528
4 2950592
5 2950656
5 2950720
7 2950784
9 2950848
10 2950912
5 2950976
3 2951040
7 2951104
10 2951168
2 2951232
3 2951296
7 2951360
6 2951424
6 2951488
0 2951552
4 2951616
1 2951680
4 2951744
2 2951808
6 2951872
4 2951936
3 2952000
0 2952064
2 2952128
9 2952192
7 2952256
0 2952320
8 2952384
1 2952448
3 2952512
7 2952576
2 2952640
2 2952704
9 2952768
8 2952832
2 2952896
1 2952960
0 2953024
9 2953088
3 2953152
5 2953216
10 2953280
2 2953344
4 2953408
10 2953472
3 2953536
9 2953600
2 2953664
2 2953728
9 2953792
10 2953856
5 2953920
0 2953984
1 2954048
10 2954112
10 2954176
4 2954240
9 2954304
6 2954368
2 2954432
8 2954496
4 2954560
0 2954624
7 2954688
6 2954752
10 2954816
10 2954880
10 2954944
9 2955008
5 2955072
3 2955136
9 2955200
0 2955264
8 2955328
7 2955392
8 2955456
3 2955520
10 2955584
10 2955648
4 2955712
7 2955776
6 2955840
7 2955904
10 2955968
9 2956032
0 2956096
0 2956160
7 2956224
8 2956288
2 2956352
4 2956416
4 2956480
6 2956544
6 2956608
6 2956672
6 2956736
9 2956800
4 2956864
8 2956928
3 2956992
6 2957056
10 2957120
0 2957184
10 2957248
9 2957312
10 2957376
4 2957440
3 2957504
8 2957568
6 2957632
8 2957696
2 2957760
10 2957824
5 2957888
0 2957952
8 2958016
5 2958080
5 2958144
9 2958208
2 2958272
5 2958336
10 2958400
6 2958464
2 2958528
9 2958592
7 2958656
2 2958720
6 2958784
6 2958848
9 2958912
2 2958976
3 2959040
2 2959104
5 2959168
7 2959232
2 2959296
7 2959360
3 2959424
10 2959488
4 2959552
6 2959616
8 2959680
9 2959744
2 2959808
7 2959872
0 2959936
10 2960000
4 2960064
7 2960128
2 2960192
3 2960256
10 2960320
10 2960384
3 2960448
4 2960512
10 2960576
4 2960640
6 2960704
6 2960768
6 2960832
1 2960896
0 2960960
5 2961024
1 2961088
4 2961152
9 2961216
6 2961280
1 2961344
8 2961408
0 2961472
6 2961536
8 2961600
6 2961664
2 2961728
8 2961792
8 2961856
6 2961920
8 2961984
8 2962048
7 2962112
9 2962176
2 2962240
4 2962304
4 2962368
9 2962432
4 2962496
0 2962560
3 2962624
10 2962688
10 2962752
10 2962816
9 2962880
5 2962944
1 2963008
8 2963072
6 2963136
9 2963200
5 2963264
6 2963328
1 2963392
3 2963456
10 2963520
4 2963584
4 2963648
0 2963712
8 2963776
8 2963840
3 2963904
10 2963968
3 2964032
1 2964096
8 2964160
3 2964224
8 2964288
0 2964352
1 2964416
6 2964480
9 2964544
3 2964608
4 2964672
7 2964736
6 2964800
9 2964864
1 2964928
2 2964992
10 2965056
3 2965120
7 2965184
7 2965248
9 2965312
3 2965376
10 2965440
9 2965504
8 2965568
0 2965632
1 2965696
10 2965760
2 2965824
2 2965888
0 2965952
1 2966016
6 2966080
3 2966144
1 2966208
8 2966272
5 2966336
2 2966400
0 2966464
0 2966528
10 2966592
2 2966656
3 2966720
9 2966784
1 2966848
5 2966912
2 2966976
3 2967040
1 2967104
3 2967168
3 2967232
6 2967296
10 2967360
10 2967424
3 2967488
10 2967552
1 2967616
4 2967680
0 2967744
9 2967808
8 2967872
2 2967936
1 2968000
2 2968064
7 2968128
0 2968192
2 2968256
3 2968320
1 2968384
8 2968448
9 2968512
6 2968576
7 2968640
2 2968704
0 2968768
1 2968832
2 2968896
9 2968960
5 2969024
9 2969088
0 2969152
3 2969216
1 2969280
10 2969344
7 2969408
7 2969472
10 2969536
5 2969600
6 2969664
9 2969728
0 2969792
0 2969856
0 2969920
1 2969984
10 2970048
9 2970112
10 2970176
1 2970240
7 2970304
6 2970368
5 2970432
3 2970496
2 2970560
4 2970624
4 2970688
8 2970752
3 2970816
4 2970880
3 2970944
8 2971008
7 2971072
1 2971136
5 2971200
1 2971264
5 2971328
4 2971392
7 2971456
4 2971520
6 2971584
9 2971648
1 2971712
1 2971776
7 2971840
10 2971904
0 2971968
8 2972032
7 2972096
0 2972160
2 2972224
7 2972288
2 2972352
8 2972416
2 2972480
0 2972544
4 2972608
0 2972672
0 2972736
9 2972800
3 2972864
10 2972928
8 2972992
0 2973056
8 2973120
3 2973184
4 2973248
10 2973312
9 2973376
10 2973440
1 2973504
2 2973568
3 2973632
2 2973696
1 2973760
6 2973824
10 2973888
10 2973952
0 2974016
0 2974080
5 2974144
9 2974208
3 2974272
2 2974336
4 2974400
1 2974464
8 2974528
3 2974592
2 2974656
10 2974720
5 2974784
2 2974848
7 2974912
6 2974976
2 2975040
5 2975104
2 2975168
10 2975232
0 2975296
2 2975360
1 2975424
3 2975488
1 2975552
1 2975616
6 2975680
7 2975744
9 2975808
5 2975872
4 2975936
2 2976000
8 2976064
3 2976128
2 2976192
6 2976256
7 2976320
10 2976384
0 2976448
1 2976512
1 2976576
6 2976640
7 2976704
8 2976768
1 2976832
1 2976896
6 2976960
7 2977024
8 2977088
6 2977152
2 2977216
9 2977280
0 2977344
2 2977408
5 2977472
1 2977536
5 2977600
3 2977664
8 2977728
6 2977792
4 2977856
2 2977920
6 2977984
7 2978048
3 2978112
0 2978176
2 2978240
2 2978304
0 2978368
9 2978432
9 2978496
4 2978560
1 2978624
7 2978688
10 2978752
5 2978816
3 2978880
10 2978944
0 2979008
4 2979072
10 2979136
0 2979200
5 2979264
3 2979328
1 2979392
9 2979456
8 2979520
4 2979584
1 2979648
0 2979712
10 2979776
5 2979840
0 2979904
7 2979968
5 2980032
5 2980096
0 2980160
8 2980224
4 2980288
8 2980352
5 2980416
2 2980480
8 2980544
4 2980608
6 2980672
7 2980736
7 2980800
0 2980864
3 2980928
7 2980992
8 2981056
4 2981120
6 2981184
7 2981248
9 2981312
7 2981376
0 2981440
0 2981504
8 2981568
10 2981632
3 2981696
0 2981760
10 2981824
7 2981888
6 2981952
4 2982016
10 2982080
4 2982144
0 2982208
5 2982272
8 2982336
3 2982400
5 2982464
5 2982528
0 2982592
1 2982656
7 2982720
2 2982784
7 2982848
2 2982912
7 2982976
10 2983040
9 2983104
7 2983168
3 2983232
2 2983296
8 2983360
2 2983424
9 2983488
0 2983552
1 2983616
8 2983680
3 2983744
2 2983808
0 2983872
5 2983936
1 2984000
1 2984064
2 2984128
1 2984192
3 2984256
4 2984320
0 2984384
6 2984448
3 2984512
6 2984576
8 2984640
0 2984704
1 2984768
9 2984832
9 2984896
0 2984960
5 2985024
0 2985088
2 2985152
4 2985216
0 2985280
6 2985344
5 2985408
1 2985472
1 2985536
10 2985600
7 2985664
10 2985728
4 2985792
7 2985856
1 2985920
1 2985984
7 2986048
0 2986112
10 2986176
6 2986240
4 2986304
8 2986368
5 2986432
7 2986496
9 2986560
6 2986624
8 2986688
8 2986752
6 2986816
3 2986880
10 2986944
10 2987008
1 2987072
2 2987136
4 2987200
0 2987264
7 2987328
10 2987392
9 2987456
0 2987520
4 2987584
10 2987648
4 2987712
8 2987776
10 2987840
1 2987904
3 2987968
8 2988032
10 2988096
8 2988160
1 2988224
9 2988288
0 2988352
1 2988416
1 2988480
4 2988544
5 2988608
6 2988672
7 2988736
6 2988800
7 2988864
7 2988928
6 2988992
1 2989056
9 2989120
5 2989184
2 2989248
4 2989312
9 2989376
6 2989440
0 2989504
1 2989568
7 2989632
0 2989696
9 2989760
2 2989824
1 2989888
7 2989952
6 2990016
4 2990080
5 2990144
1 2990208
7 2990272
7 2990336
0 2990400
2 2990464
2 2990528
10 2990592
3 2990656
8 2990720
0 2990784
4 2990848
5 2990912
3 2990976
4 2991040
7 2991104
8 2991168
2 2991232
7 2991296
7 2991360
10 2991424
2 2991488
5 2991552
3 2991616
2 2991680
0 2991744
9 2991808
5 2991872
10 2991936
9 2992000
10 2992064
2 2992128
8 2992192
4 2992256
8 2992320
9 2992384
8 2992448
7 2992512
3 2992576
5 2992640
8 2992704
7 2992768
2 2992832
7 2992896
2 2992960
9 2993024
9 2993088
3 2993152
3 2993216
10 2993280
5 2993344
7 2993408
10 2993472
10 2993536
0 2993600
2 2993664
4 2993728
0 2993792
9 2993856
3 2993920
9 2993984
8 2994048
6 2994112
10 2994176
6 2994240
3 2994304
9 2994368
8 2994432
4 2994496
6 2994560
4 2994624
8 2994688
4 2994752
4 2994816
2 2994880
10 2994944
7 2995008
3 2995072
9 2995136
8 2995200
3 2995264
5 2995328
6 2995392
10 2995456
5 2995520
2 2995584
3 2995648
9 2995712
1 2995776
8 2995840
8 2995904
6 2995968
10 2996032
7 2996096
6 2996160
2 2996224
2 2996288
7 2996352
3 2996416
5 2996480
3 2996544
3 2996608
4 2996672
0 2996736
6 2996800
10 2996864
2 2996928
0 2996992
1 2997056
6 2997120
6 2997184
3 2997248
3 2997312
4 2997376
0 2997440
1 2997504
4 2997568
2 2997632
1 2997696
5 2997760
6 2997824
3 2997888
4 2997952
5 2998016
2 2998080
6 2998144
3 2998208
6 2998272
2 2998336
8 2998400
8 2998464
6 2998528
2 2998592
3 2998656
3 2998720
5 2998784
7 2998848
0 2998912
4 2998976
4 2999040
4 2999104
5 2999168
5 2999232
1 2999296
10 2999360
4 2999424
3 2999488
4 2999552
4 2999616
2 2999680
1 2999744
1 2999808
1 2999872
7 2999936
5 3000000
4 3000064
9 3000128
4 3000192
4 3000256
9 3000320
5 3000384
7 3000448
10 3000512
4 3000576
2 3000640
1 3000704
10 3000768
8 3000832
8 3000896
4 3000960
2 3001024
10 3001088
4 3001152
6 3001216
3 3001280
8 3001344
1 3001408
5 3001472
1 3001536
2 3001600
9 3001664
1 3001728
1 3001792
6 3001856
4 3001920
7 3001984
10 3002048
9 3002112
2 3002176
4 3002240
10 3002304
6 3002368
4 3002432
2 3002496
9 3002560
9 3002624
8 3002688
7 3002752
2 3002816
4 3002880
7 3002944
3 3003008
5 3003072
3 3003136
10 3003200
9 3003264
9 3003328
8 3003392
7 3003456
5 3003520
10 3003584
9 3003648
1 3003712
5 3003776
3 3003840
0 3003904
0 3003968
7 3004032
5 3004096
1 3004160
4 3004224
5 3004288
10 3004352
1 3004416
8 3004480
3 3004544
4 3004608
7 3004672
9 3004736
2 3004800
10 3004864
3 3004928
0 3004992
5 3005056
7 3005120
8 3005184
2 3005248
4 3005312
5 3005376
3 3005440
1 3005504
0 3005568
8 3005632
1 3005696
2 3005760
4 3005824
6 3005888
4 3005952
3 3006016
7 3006080
8 3006144
10 3006208
10 3006272
6 3006336
2 3006400
4 3006464
3 3006528
0 3006592
10 3006656
1 3006720
4 3006784
10 3006848
6 3006912
0 3006976
6 3007040
6 3007104
9 3007168
6 3007232
1 3007296
0 3007360
6 3007424
9 3007488
10 3007552
6 3007616
3 3007680
7 3007744
4 3007808
9 3007872
1 3007936
2 3008000
1 3008064
8 3008128
7 3008192
9 3008256
10 3008320
0 3008384
6 3008448
5 3008512
0 3008576
6 3008640
1 3008704
4 3008768
7 3008832
1 3008896
5 3008960
9 3009024
0 3009088
1 3009152
1 3009216
2 3009280
5 3009344
0 3009408
2 3009472
3 3009536
1 3009600
6 3009664
0 3009728
0 3009792
4 3009856
0 3009920
2 3009984
7 3010048
2 3010112
8 3010176
9 3010240
8 3010304
6 3010368
8 3010432
3 3010496
10 3010560
2 3010624
1 3010688
2 3010752
0 3010816
8 3010880
6 3010944
1 3011008
4 3011072
9 3011136
8 3011200
4 3011264
2 3011328
5 3011392
0 3011456
7 3011520
9 3011584
6 3011648
6 3011712
9 3011776
9 3011840
10 3011904
7 3011968
8 3012032
4 3012096
2 3012160
0 3012224
0 3012288
10 3012352
1 3012416
4 3012480
1 3012544
4 3012608
4 3012672
2 3012736
4 3012800
6 3012864
0 3012928
10 3012992
7 3013056
3 3013120
7 3013184
2 3013248
3 3013312
8 3013376
6 3013440
1 3013504
5 3013568
9 3013632
5 3013696
2 3013760
8 3013824
5 3013888
9 3013952
9 3014016
4 3014080
7 3014144
5 3014208
10 3014272
7 3014336
6 3014400
3 3014464
7 3014528
9 3014592
8 3014656
2 3014720
9 3014784
3 3014848
0 3014912
5 3014976
5 3015040
7 3015104
7 3015168
9 3015232
7 3015296
10 3015360
9 3015424
10 3015488
8 3015552
3 3015616
6 3015680
7 3015744
6 3015808
0 3015872
7 3015936
4 3016000
10 3016064
1 3016128
0 3016192
5 3016256
9 3016320
3 3016384
9 3016448
4 3016512
10 3016576
8 3016640
1 3016704
5 3016768
0 3016832
4 3016896
3 3016960
9 3017024
0 3017088
3 3017152
5 3017216
6 3017280
0 3017344
2 3017408
8 3017472
5 3017536
8 3017600
10 3017664
6 3017728
9 3017792
10 3017856
6 3017920
6 3017984
0 3018048
9 3018112
6 3018176
3 3018240
5 3018304
4 3018368
10 3018432
7 3018496
6 3018560
0 3018624
7 3018688
5 3018752
1 3018816
2 3018880
1 3018944
0 3019008
1 3019072
8 3019136
4 3019200
2 3019264
6 3019328
2 3019392
10 3019456
2 3019520
6 3019584
4 3019648
10 3019712
4 3019776
1 3019840
8 3019904
0 3019968
2 3020032
4 3020096
5 3020160
9 3020224
4 3020288
0 3020352
8 3020416
5 3020480
9 3020544
10 3020608
3 3020672
5 3020736
6 3020800
5 3020864
3 3020928
5 3020992
2 3021056
4 3021120
10 3021184
3 3021248
7 3021312
7 3021376
9 3021440
5 3021504
0 3021568
7 3021632
6 3021696
10 3021760
5 3021824
5 3021888
7 3021952
3 3022016
7 3022080
4 3022144
8 3022208
5 3022272
2 3022336
5 3022400
1 3022464
2 3022528
2 3022592
5 3022656
8 3022720
4 3022784
6 3022848
7 3022912
9 3022976
10 3023040
0 3023104
1 3023168
10 3023232
7 3023296
5 3023360
2 3023424
2 3023488
7 3023552
9 3023616
10 3023680
2 3023744
9 3023808
4 3023872
9 3023936
10 3024000
6 3024064
5 3024128
2 3024192
3 3024256
9 3024320
6 3024384
7 3024448
4 3024512
10 3024576
9 3024640
9 3024704
9 3024768
0 3024832
2 3024896
0 3024960
3 3025024
10 3025088
8 3025152
5 3025216
4 3025280
0 3025344
7 3025408
0 3025472
0 3025536
8 3025600
4 3025664
1 3025728
5 3025792
9 3025856
1 3025920
2 3025984
4 3026048
2 3026112
6 3026176
9 3026240
5 3026304
7 3026368
5 3026432
3 3026496
8 3026560
5 3026624
1 3026688
3 3026752
10 3026816
9 3026880
7 3026944
6 3027008
3 3027072
5 3027136
2 3027200
9 3027264
4 3027328
6 3027392
1 3027456
4 3027520
2 3027584
6 3027648
2 3027712
0 3027776
4 3027840
0 3027904
8 3027968
5 3028032
2 3028096
0 3028160
6 3028224
3 3028288
3 3028352
4 3028416
6 3028480
1 3028544
1 3028608
8 3028672
9 3028736
7 3028800
8 3028864
7 3028928
3 3028992
7 3029056
2 3029120
8 3029184
2 3029248
10 3029312
6 3029376
5 3029440
9 3029504
3 3029568
10 3029632
3 3029696
8 3029760
0 3029824
4 3029888
1 3029952
9 3030016
1 3030080
7 3030144
1 3030208
6 3030272
0 3030336
3 3030400
3 3030464
10 3030528
3 3030592
0 3030656
8 3030720
5 3030784
4 3030848
4 3030912
1 3030976
8 3031040
10 3031104
4 3031168
3 3031232
6 3031296
10 3031360
6 3031424
0 3031488
10 3031552
2 3031616
10 3031680
0 3031744
10 3031808
9 3031872
3 3031936
1 3032000
3 3032064
7 3032128
8 3032192
8 3032256
0 3032320
2 3032384
10 3032448
1 3032512
0 3032576
9 3032640
3 3032704
6 3032768
7 3032832
6 3032896
7 3032960
7 3033024
7 3033088
7 3033152
3 3033216
6 3033280
5 3033344
7 3033408
6 3033472
4 3033536
5 3033600
5 3033664
4 3033728
5 3033792
9 3033856
0 3033920
3 3033984
4 3034048
8 3034112
1 3034176
9 3034240
5 3034304
4 3034368
3 3034432
5 3034496
1 3034560
1 3034624
0 3034688
2 3034752
6 3034816
9 3034880
3 3034944
9 3035008
5 3035072
5 3035136
3 3035200
3 3035264
0 3035328
8 3035392
9 3035456
2 3035520
3 3035584
3 3035648
3 3035712
10 3035776
1 3035840
3 3035904
5 3035968
10 3036032
1 3036096
4 3036160
10 3036224
8 3036288
5 3036352
5 3036416
0 3036480
7 3036544
0 3036608
2 3036672
6 3036736
4 3036800
0 3036864
6 3036928
2 3036992
6 3037056
0 3037120
6 3037184
7 3037248
4 3037312
1 3037376
5 3037440
10 3037504
1 3037568
4 3037632
4 3037696
8 3037760
7 3037824
6 3037888
2 3037952
1 3038016
6 3038080
4 3038144
8 3038208
3 3038272
4 3038336
10 3038400
2 3038464
7 3038528
9 3038592
7 3038656
3 3038720
0 3038784
2 3038848
9 3038912
4 3038976
0 3039040
6 3039104
9 3039168
5 3039232
7 3039296
2 3039360
5 3039424
2 3039488
10 3039552
0 3039616
2 3039680
3 3039744
5 3039808
8 3039872
9 3039936
3 3040000
7 3040064
7 3040128
1 3040192
2 3040256
5 3040320
8 3040384
2 3040448
8 3040512
4 3040576
8 3040640
8 3040704
9 3040768
1 3040832
9 3040896
10 3040960
9 3041024
4 3041088
9 3041152
5 3041216
1 3041280
6 3041344
10 3041408
5 3041472
9 3041536
9 3041600
1 3041664
9 3041728
4 3041792
5 3041856
6 3041920
10 3041984
4 3042048
4 3042112
6 3042176
4 3042240
5 3042304
2 3042368
3 3042432
9 3042496
0 3042560
0 3042624
4 3042688
1 3042752
5 3042816
2 3042880
4 3042944
2 3043008
8 3043072
6 3043136
7 3043200
8 3043264
5 3043328
5 3043392
4 3043456
7 3043520
0 3043584
1 3043648
8 3043712
9 3043776
7 3043840
7 3043904
9 3043968
10 3044032
5 3044096
0 3044160
1 3044224
10 3044288
4 3044352
6 3044416
7 3044480
0 3044544
9 3044608
10 3044672
3 3044736
6 3044800
7 3044864
2 3044928
10 3044992
5 3045056
0 3045120
2 3045184
8 3045248
0 3045312
0 3045376
4 3045440
10 3045504
1 3045568
7 3045632
7 3045696
0 3045760
10 3045824
7 3045888
3 3045952
4 3046016
6 3046080
0 3046144
10 3046208
3 3046272
1 3046336
6 3046400
1 3046464
3 3046528
10 3046592
4 3046656
0 3046720
7 3046784
9 3046848
9 3046912
2 3046976
10 3047040
1 3047104
6 3047168
4 3047232
5 3047296
7 3047360
5 3047424
2 3047488
7 3047552
5 3047616
4 3047680
10 3047744
2 3047808
8 3047872
10 3047936
3 3048000
2 3048064
8 3048128
6 3048192
7 3048256
10 3048320
8 3048384
5 3048448
1 3048512
5 3048576
10 3048640
0 3048704
6 3048768
6 3048832
8 3048896
8 3048960
1 3049024
5 3049088
5 3049152
7 3049216
1 3049280
5 3049344
5 3049408
6 3049472
10 3049536
6 3049600
1 3049664
6 3049728
6 3049792
8 3049856
9 3049920
4 3049984
0 3050048
9 3050112
3 3050176
6 3050240
3 3050304
6 3050368
4 3050432
6 3050496
10 3050560
0 3050624
5 3050688
9 3050752
5 3050816
5 3050880
1 3050944
6 3051008
1 3051072
1 3051136
3 3051200
3 3051264
9 3051328
5 3051392
6 3051456
3 3051520
2 3051584
2 3051648
4 3051712
5 3051776
1 3051840
8 3051904
2 3051968
5 3052032
6 3052096
9 3052160
6 3052224
1 3052288
9 3052352
2 3052416
1 3052480
2 3052544
10 3052608
6 3052672
9 3052736
7 3052800
4 3052864
8 3052928
6 3052992
9 3053056
7 3053120
8 3053184
4 3053248
8 3053312
7 3053376
9 3053440
8 3053504
10 3053568
9 3053632
6 3053696
3 3053760
1 3053824
9 3053888
6 3053952
3 3054016
0 3054080
5 3054144
2 3054208
7 3054272
10 3054336
0 3054400
4 3054464
3 3054528
6 3054592
9 3054656
2 3054720
2 3054784
5 3054848
9 3054912
1 3054976
6 3055040
4 3055104
2 3055168
3 3055232
0 3055296
1 3055360
2 3055424
7 3055488
4 3055552
6 3055616
9 3055680
0 3055744
1 3055808
7 3055872
6 3055936
3 3056000
1 3056064
9 3056128
1 3056192
9 3056256
8 3056320
6 3056384
3 3056448
7 3056512
10 3056576
10 3056640
0 3056704
8 3056768
5 3056832
10 3056896
5 3056960
3 3057024
6 3057088
0 3057152
6 3057216
2 3057280
2 3057344
3 3057408
0 3057472
6 3057536
3 3057600
5 3057664
6 3057728
7 3057792
3 3057856
10 3057920
5 3057984
7 3058048
7 3058112
5 3058176
6 3058240
9 3058304
4 3058368
2 3058432
9 3058496
8 3058560
4 3058624
1 3058688
0 3058752
4 3058816
0 3058880
0 3058944
3 3059008
2 3059072
7 3059136
3 3059200
0 3059264
3 3059328
2 3059392
4 3059456
8 3059520
2 3059584
7 3059648
4 3059712
6 3059776
3 3059840
5 3059904
2 3059968
10 3060032
3 3060096
5 3060160
6 3060224
1 3060288
1 3060352
8 3060416
8 3060480
2 3060544
0 3060608
3 3060672
8 3060736
0 3060800
10 3060864
6 3060928
10 3060992
9 3061056
5 3061120
8 3061184
10 3061248
6 3061312
2 3061376
10 3061440
1 3061504
8 3061568
5 3061632
3 3061696
10 3061760
10 3061824
1 3061888
1 3061952
1 3062016
10 3062080
2 3062144
8 3062208
1 3062272
7 3062336
7 3062400
9 3062464
0 3062528
3 3062592
10 3062656
6 3062720
6 3062784
6 3062848
6 3062912
3 3062976
6 3063040
10 3063104
9 3063168
4 3063232
7 3063296
2 3063360
8 3063424
1 3063488
10 3063552
3 3063616
2 3063680
6 3063744
5 3063808
9 3063872
8 3063936
4 3064000
5 3064064
0 3064128
3 3064192
3 3064256
10 3064320
7 3064384
9 3064448
0 3064512
2 3064576
10 3064640
10 3064704
9 3064768
4 3064832
0 3064896
3 3064960
7 3065024
5 3065088
3 3065152
5 3065216
10 3065280
3 3065344
10 3065408
1 3065472
10 3065536
3 3065600
2 3065664
4 3065728
5 3065792
2 3065856
7 3065920
5 3065984
6 3066048
7 3066112
1 3066176
9 3066240
10 3066304
5 3066368
0 3066432
3 3066496
0 3066560
5 3066624
6 3066688
8 3066752
7 3066816
8 3066880
0 3066944
7 3067008
1 3067072
2 3067136
6 3067200
5 3067264
2 3067328
4 3067392
9 3067456
4 3067520
8 3067584
9 3067648
1 3067712
8 3067776
5 3067840
2 3067904
9 3067968
8 3068032
3 3068096
8 3068160
8 3068224
2 3068288
0 3068352
1 3068416
5 3068480
1 3068544
4 3068608
9 3068672
7 3068736
7 3068800
7 3068864
6 3068928
4 3068992
9 3069056
1 3069120
3 3069184
6 3069248
1 3069312
6 3069376
5 3069440
7 3069504
6 3069568
5 3069632
2 3069696
8 3069760
2 3069824
2 3069888
6 3069952
1 3070016
9 3070080
10 3070144
5 3070208
10 3070272
4 3070336
9 3070400
10 3070464
0 3070528
2 3070592
9 3070656
4 3070720
8 3070784
4 3070848
9 3070912
4 3070976
3 3071040
10 3071104
4 3071168
5 3071232
7 3071296
7 3071360
6 3071424
6 3071488
1 3071552
3 3071616
8 3071680
8 3071744
6 3071808
5 3071872
10 3071936
5 3072000
0 3072064
0 3072128
9 3072192
1 3072256
5 3072320
9 3072384
5 3072448
6 3072512
7 3072576
8 3072640
3 3072704
2 3072768
3 3072832
9 3072896
10 3072960
5 3073024
9 3073088
3 3073152
6 3073216
0 3073280
1 3073344
9 3073408
4 3073472
1 3073536
2 3073600
10 3073664
7 3073728
0 3073792
6 3073856
6 3073920
1 3073984
8 3074048
5 3074112
10 3074176
3 3074240
6 3074304
0 3074368
8 3074432
7 3074496
8 3074560
0 3074624
7 3074688
2 3074752
0 3074816
10 3074880
2 3074944
0 3075008
3 3075072
10 3075136
3 3075200
8 3075264
8 3075328
1 3075392
1 3075456
2 3075520
0 3075584
9 3075648
9 3075712
6 3075776
6 3075840
7 3075904
6 3075968
3 3076032
7 3076096
2 3076160
0 3076224
3 3076288
10 3076352
7 3076416
3 3076480
4 3076544
4 3076608
8 3076672
3 3076736
6 3076800
5 3076864
6 3076928
7 3076992
0 3077056
7 3077120
10 3077184
1 3077248
9 3077312
10 3077376
0 3077440
5 3077504
6 3077568
10 3077632
5 3077696
7 3077760
4 3077824
3 3077888
9 3077952
6 3078016
7 3078080
7 3078144
0 3078208
5 3078272
4 3078336
6 3078400
7 3078464
3 3078528
9 3078592
3 3078656
1 3078720
6 3078784
4 3078848
9 3078912
0 3078976
9 3079040
5 3079104
4 3079168
6 3079232
8 3079296
10 3079360
8 3079424
7 3079488
3 3079552
10 3079616
0 3079680
5 3079744
8 3079808
8 3079872
6 3079936
8 3080000
1 3080064
0 3080128
2 3080192
5 3080256
3 3080320
1 3080384
2 3080448
9 3080512
2 3080576
6 3080640
6 3080704
2 3080768
5 3080832
4 3080896
7 3080960
8 3081024
0 3081088
10 3081152
0 3081216
9 3081280
5 3081344
8 3081408
0 3081472
4 3081536
0 3081600
1 3081664
4 3081728
6 3081792
1 3081856
5 3081920
9 3081984
7 3082048
0 3082112
0 3082176
0 3082240
1 3082304
9 3082368
10 3082432
0 3082496
0 3082560
7 3082624
3 3082688
8 3082752
8 3082816
5 3082880
4 3082944
6 3083008
7 3083072
3 3083136
10 3083200
4 3083264
7 3083328
4 3083392
3 3083456
6 3083520
9 3083584
3 3083648
9 3083712
10 3083776
0 3083840
8 3083904
9 3083968
4 3084032
1 3084096
3 3084160
1 3084224
9 3084288
8 3084352
5 3084416
9 3084480
6 3084544
7 3084608
1 3084672
8 3084736
3 3084800
2 3084864
1 3084928
3 3084992
0 3085056
5 3085120
4 3085184
2 3085248
10 3085312
8 3085376
10 3085440
4 3085504
10 3085568
2 3085632
5 3085696
10 3085760
1 3085824
1 3085888
1 3085952
9 3086016
10 3086080
0 3086144
3 3086208
5 3086272
9 3086336
4 3086400
0 3086464
9 3086528
4 3086592
2 3086656
10 3086720
9 3086784
4 3086848
1 3086912
2 3086976
5 3087040
9 3087104
7 3087168
9 3087232
9 3087296
9 3087360
0 3087424
10 3087488
3 3087552
2 3087616
3 3087680
8 3087744
8 3087808
7 3087872
10 3087936
6 3088000
7 3088064
6 3088128
6 3088192
0 3088256
10 3088320
6 3088384
2 3088448
8 3088512
9 3088576
5 3088640
1 3088704
3 3088768
4 3088832
0 3088896
10 3088960
3 3089024
9 3089088
9 3089152
7 3089216
8 3089280
3 3089344
8 3089408
7 3089472
4 3089536
4 3089600
10 3089664
10 3089728
3 3089792
0 3089856
8 3089920
1 3089984
8 3090048
3 3090112
6 3090176
3 3090240
2 3090304
9 3090368
10 3090432
3 3090496
10 3090560
9 3090624
10 3090688
7 3090752
0 3090816
2 3090880
6 3090944
6 3091008
3 3091072
8 3091136
2 3091200
0 3091264
7 3091328
1 3091392
5 3091456
4 3091520
8 3091584
1 3091648
8 3091712
5 3091776
1 3091840
3 3091904
3 3091968
1 3092032
1 3092096
7 3092160
8 3092224
6 3092288
0 3092352
5 3092416
7 3092480
7 3092544
6 3092608
7 3092672
7 3092736
1 3092800
9 3092864
2 3092928
10 3092992
8 3093056
8 3093120
9 3093184
2 3093248
0 3093312
3 3093376
0 3093440
2 3093504
8 3093568
7 3093632
5 3093696
7 3093760
4 3093824
0 3093888
5 3093952
8 3094016
9 3094080
2 3094144
3 3094208
10 3094272
0 3094336
3 3094400
6 3094464
0 3094528
6 3094592
7 3094656
7 3094720
8 3094784
7 3094848
1 3094912
9 3094976
10 3095040
2 3095104
4 3095168
9 3095232
7 3095296
10 3095360
2 3095424
6 3095488
5 3095552
5 3095616
7 3095680
1 3095744
3 3095808
6 3095872
4 3095936
9 3096000
6 3096064
7 3096128
4 3096192
5 3096256
1 3096320
4 3096384
5 3096448
3 3096512
7 3096576
5 3096640
2 3096704
5 3096768
7 3096832
4 3096896
4 3096960
10 3097024
8 3097088
8 3097152
2 3097216
5 3097280
2 3097344
6 3097408
10 3097472
9 3097536
9 3097600
0 3097664
1 3097728
8 3097792
5 3097856
1 3097920
1 3097984
1 3098048
5 3098112
6 3098176
7 3098240
3 3098304
3 3098368
8 3098432
5 3098496
1 3098560
5 3098624
7 3098688
6 3098752
4 3098816
6 3098880
7 3098944
0 3099008
10 3099072
5 3099136
0 3099200
10 3099264
6 3099328
8 3099392
0 3099456
9 3099520
8 3099584
3 3099648
8 3099712
3 3099776
1 3099840
9 3099904
3 3099968
4 3100032
6 3100096
5 3100160
0 3100224
2 3100288
7 3100352
5 3100416
8 3100480
6 3100544
0 3100608
3 3100672
10 3100736
4 3100800
5 3100864
6 3100928
3 3100992
3 3101056
3 3101120
8 3101184
9 3101248
2 3101312
3 3101376
4 3101440
9 3101504
5 3101568
2 3101632
4 3101696
5 3101760
7 3101824
0 3101888
5 3101952
1 3102016
5 3102080
5 3102144
7 3102208
8 3102272
10 3102336
2 3102400
6 3102464
3 3102528
8 3102592
8 3102656
0 3102720
10 3102784
3 3102848
2 3102912
4 3102976
10 3103040
2 3103104
7 3103168
1 3103232
6 3103296
1 3103360
10 3103424
8 3103488
10 3103552
6 3103616
2 3103680
8 3103744
10 3103808
6 3103872
9 3103936
7 3104000
4 3104064
7 3104128
6 3104192
2 3104256
3 3104320
10 3104384
7 3104448
0 3104512
3 3104576
10 3104640
8 3104704
5 3104768
10 3104832
4 3104896
7 3104960
8 3105024
7 3105088
2 3105152
6 3105216
8 3105280
1 3105344
9 3105408
3 3105472
1 3105536
9 3105600
2 3105664
2 3105728
9 3105792
4 3105856
1 3105920
2 3105984
3 3106048
2 3106112
8 3106176
0 3106240
6 3106304
2 3106368
5 3106432
3 3106496
10 3106560
9 3106624
4 3106688
1 3106752
8 3106816
5 3106880
4 3106944
5 3107008
5 3107072
4 3107136
1 3107200
8 3107264
9 3107328
2 3107392
5 3107456
8 3107520
8 3107584
3 3107648
1 3107712
4 3107776
0 3107840
0 3107904
3 3107968
5 3108032
6 3108096
3 3108160
0 3108224
3 3108288
2 3108352
8 3108416
2 3108480
6 3108544
7 3108608
3 3108672
5 3108736
10 3108800
4 3108864
9 3108928
0 3108992
4 3109056
7 3109120
9 3109184
8 3109248
6 3109312
5 3109376
7 3109440
1 3109504
6 3109568
8 3109632
9 3109696
6 3109760
10 3109824
2 3109888
1 3109952
3 3110016
2 3110080
5 3110144
0 3110208
8 3110272
6 3110336
2 3110400
8 3110464
6 3110528
8 3110592
5 3110656
6 3110720
4 3110784
10 3110848
3 3110912
4 3110976
7 3111040
6 3111104
0 3111168
10 3111232
10 3111296
8 3111360
8 3111424
2 3111488
3 3111552
0 3111616
9 3111680
2 3111744
5 3111808
8 3111872
7 3111936
2 3112000
8 3112064
9 3112128
10 3112192
10 3112256
4 3112320
6 3112384
7 3112448
10 3112512
3 3112576
6 3112640
3 3112704
1 3112768
6 3112832
3 3112896
3 3112960
0 3113024
8 3113088
4 3113152
6 3113216
0 3113280
1 3113344
7 3113408
2 3113472
6 3113536
2 3113600
8 3113664
0 3113728
3 3113792
3 3113856
6 3113920
4 3113984
9 3114048
0 3114112
8 3114176
4 3114240
10 3114304
7 3114368
4 3114432
9 3114496
1 3114560
10 3114624
1 3114688
6 3114752
3 3114816
4 3114880
10 3114944
3 3115008
10 3115072
0 3115136
3 3115200
1 3115264
0 3115328
1 3115392
6 3115456
6 3115520
3 3115584
6 3115648
6 3115712
2 3115776
2 3115840
8 3115904
4 3115968
5 3116032
5 3116096
4 3116160
1 3116224
4 3116288
0 3116352
8 3116416
10 3116480
5 3116544
7 3116608
9 3116672
6 3116736
2 3116800
2 3116864
9 3116928
5 3116992
1 3117056
1 3117120
10 3117184
0 3117248
8 3117312
4 3117376
8 3117440
6 3117504
1 3117568
0 3117632
6 3117696
6 3117760
0 3117824
10 3117888
0 3117952
2 3118016
6 3118080
0 3118144
4 3118208
6 3118272
9 3118336
0 3118400
10 3118464
1 3118528
7 3118592
4 3118656
9 3118720
10 3118784
5 3118848
3 3118912
8 3118976
10 3119040
9 3119104
1 3119168
6 3119232
2 3119296
4 3119360
4 3119424
1 3119488
0 3119552
6 3119616
6 3119680
10 3119744
7 3119808
8 3119872
8 3119936
4 3120000
5 3120064
7 3120128
3 3120192
2 3120256
1 3120320
6 3120384
5 3120448
0 3120512
2 3120576
10 3120640
4 3120704
2 3120768
3 3120832
8 3120896
9 3120960
3 3121024
5 3121088
4 3121152
4 3121216
0 3121280
7 3121344
1 3121408
1 3121472
10 3121536
0 3121600
10 3121664
7 3121728
2 3121792
9 3121856
8 3121920
5 3121984
0 3122048
2 3122112
3 3122176
10 3122240
10 3122304
0 3122368
5 3122432
10 3122496
0 3122560
6 3122624
6 3122688
7 3122752
1 3122816
4 3122880
8 3122944
5 3123008
3 3123072
3 3123136
10 3123200
3 3123264
1 3123328
7 3123392
1 3123456
4 3123520
7 3123584
9 3123648
5 3123712
5 3123776
4 3123840
1 3123904
2 3123968
9 3124032
8 3124096
2 3124160
4 3124224
9 3124288
2 3124352
2 3124416
0 3124480
2 3124544
8 3124608
10 3124672
8 3124736
1 3124800
5 3124864
10 3124928
2 3124992
0 3125056
8 3125120
9 3125184
10 3125248
5 3125312
2 3125376
1 3125440
7 3125504
6 3125568
8 3125632
0 3125696
1 3125760
2 3125824
6 3125888
9 3125952
6 3126016
2 3126080
5 3126144
0 3126208
5 3126272
0 3126336
7 3126400
3 3126464
2 3126528
4 3126592
9 3126656
1 3126720
3 3126784
9 3126848
4 3126912
3 3126976
0 3127040
3 3127104
2 3127168
5 3127232
0 3127296
2 3127360
7 3127424
4 3127488
9 3127552
6 3127616
2 3127680
3 3127744
8 3127808
3 3127872
8 3127936
4 3128000
4 3128064
0 3128128
10 3128192
3 3128256
7 3128320
10 3128384
6 3128448
5 3128512
4 3128576
3 3128640
9 3128704
9 3128768
9 3128832
4 3128896
2 3128960
8 3129024
5 3129088
8 3129152
0 3129216
3 3129280
3 3129344
0 3129408
8 3129472
6 3129536
10 3129600
4 3129664
1 3129728
4 3129792
8 3129856
6 3129920
10 3129984
3 3130048
2 3130112
9 3130176
10 3130240
0 3130304
8 3130368
5 3130432
0 3130496
5 3130560
0 3130624
4 3130688
10 3130752
8 3130816
7 3130880
10 3130944
1 3131008
5 3131072
9 3131136
0 3131200
5 3131264
1 3131328
8 3131392
2 3131456
3 3131520
7 3131584
7 3131648
2 3131712
1 3131776
0 3131840
9 3131904
0 3131968
7 3132032
4 3132096
4 3132160
4 3132224
7 3132288
9 3132352
3 3132416
9 3132480
1 3132544
1 3132608
7 3132672
1 3132736
7 3132800
4 3132864
0 3132928
0 3132992
3 3133056
4 3133120
5 3133184
6 3133248
8 3133312
10 3133376
8 3133440
4 3133504
8 3133568
6 3133632
5 3133696
10 3133760
7 3133824
3 3133888
7 3133952
4 3134016
4 3134080
9 3134144
6 3134208
6 3134272
6 3134336
0 3134400
7 3134464
2 3134528
3 3134592
6 3134656
6 3134720
0 3134784
4 3134848
7 3134912
4 3134976
1 3135040
2 3135104
0 3135168
8 3135232
1 3135296
8 3135360
0 3135424
3 3135488
6 3135552
8 3135616
9 3135680
3 3135744
8 3135808
10 3135872
2 3135936
5 3136000
2 3136064
8 3136128
10 3136192
9 3136256
10 3136320
4 3136384
0 3136448
4 3136512
3 3136576
9 3136640
3 3136704
5 3136768
1 3136832
6 3136896
0 3136960
2 3137024
6 3137088
9 3137152
5 3137216
7 3137280
7 3137344
5 3137408
2 3137472
6 3137536
6 3137600
8 3137664
4 3137728
8 3137792
0 3137856
3 3137920
10 3137984
1 3138048
6 3138112
3 3138176
6 3138240
7 3138304
8 3138368
1 3138432
7 3138496
5 3138560
2 3138624
4 3138688
10 3138752
8 3138816
1 3138880
3 3138944
5 3139008
3 3139072
7 3139136
6 3139200
4 3139264
2 3139328
9 3139392
8 3139456
3 3139520
9 3139584
3 3139648
0 3139712
3 3139776
9 3139840
5 3139904
3 3139968
9 3140032
5 3140096
2 3140160
6 3140224
0 3140288
8 3140352
10 3140416
8 3140480
5 3140544
3 3140608
2 3140672
9 3140736
8 3140800
7 3140864
3 3140928
4 3140992
0 3141056
1 3141120
1 3141184
4 3141248
9 3141312
9 3141376
7 3141440
4 3141504
7 3141568
5 3141632
4 3141696
7 3141760
3 3141824
10 3141888
10 3141952
7 3142016
7 3142080
0 3142144
4 3142208
9 3142272
9 3142336
0 3142400
9 3142464
6 3142528
7 3142592
8 3142656
1 3142720
9 3142784
4 3142848
5 3142912
6 3142976
5 3143040
9 3143104
7 3143168
7 3143232
3 3143296
9 3143360
6 3143424
1 3143488
0 3143552
10 3143616
3 3143680
10 3143744
4 3143808
0 3143872
5 3143936
7 3144000
3 3144064
6 3144128
8 3144192
9 3144256
1 3144320
0 3144384
8 3144448
0 3144512
4 3144576
1 3144640
10 3144704
7 3144768
5 3144832
6 3144896
9 3144960
10 3145024
4 3145088
3 3145152
0 3145216
7 3145280
2 3145344
1 3145408
10 3145472
8 3145536
10 3145600
8 3145664
7 3145728
10 3145792
7 3145856
1 3145920
10 3145984
6 3146048
9 3146112
9 3146176
1 3146240
6 3146304
5 3146368
8 3146432
7 3146496
2 3146560
3 3146624
6 3146688
3 3146752
4 3146816
1 3146880
1 3146944
0 3147008
4 3147072
8 3147136
5 3147200
7 3147264
8 3147328
6 3147392
7 3147456
1 3147520
2 3147584
6 3147648
5 3147712
7 3147776
2 3147840
8 3147904
1 3147968
8 3148032
2 3148096
9 3148160
1 3148224
2 3148288
7 3148352
8 3148416
9 3148480
10 3148544
8 3148608
8 3148672
5 3148736
10 3148800
2 3148864
4 3148928
9 3148992
10 3149056
9 3149120
1 3149184
9 3149248
6 3149312
0 3149376
10 3149440
8 3149504
4 3149568
1 3149632
5 3149696
10 3149760
8 3149824
5 3149888
5 3149952
3 3150016
7 3150080
3 3150144
0 3150208
4 3150272
3 3150336
7 3150400
6 3150464
3 3150528
1 3150592
8 3150656
5 3150720
5 3150784
9 3150848
6 3150912
7 3150976
0 3151040
7 3151104
1 3151168
6 3151232
9 3151296
4 3151360
4 3151424
8 3151488
1 3151552
4 3151616
4 3151680
0 3151744
0 3151808
0 3151872
4 3151936
0 3152000
7 3152064
5 3152128
6 3152192
0 3152256
2 3152320
3 3152384
1 3152448
0 3152512
6 3152576
4 3152640
0 3152704
7 3152768
9 3152832
7 3152896
2 3152960
9 3153024
6 3153088
8 3153152
2 3153216
2 3153280
8 3153344
8 3153408
10 3153472
5 3153536
4 3153600
2 3153664
7 3153728
3 3153792
4 3153856
4 3153920
9 3153984
7 3154048
9 3154112
9 3154176
2 3154240
5 3154304
1 3154368
10 3154432
9 3154496
7 3154560
3 3154624
6 3154688
6 3154752
10 3154816
5 3154880
4 3154944
7 3155008
5 3155072
8 3155136
7 3155200
8 3155264
10 3155328
3 3155392
10 3155456
7 3155520
1 3155584
0 3155648
5 3155712
3 3155776
9 3155840
2 3155904
5 3155968
10 3156032
9 3156096
0 3156160
6 3156224
7 3156288
7 3156352
1 3156416
8 3156480
5 3156544
3 3156608
6 3156672
0 3156736
10 3156800
1 3156864
7 3156928
4 3156992
3 3157056
0 3157120
4 3157184
0 3157248
2 3157312
5 3157376
6 3157440
0 3157504
0 3157568
4 3157632
1 3157696
3 3157760
1 3157824
6 3157888
10 3157952
6 3158016
7 3158080
7 3158144
5 3158208
2 3158272
7 3158336
0 3158400
7 3158464
1 3158528
2 3158592
7 3158656
9 3158720
7 3158784
1 3158848
7 3158912
6 3158976
3 3159040
5 3159104
0 3159168
6 3159232
4 3159296
2 3159360
7 3159424
2 3159488
9 3159552
9 3159616
0 3159680
4 3159744
3 3159808
8 3159872
8 3159936
10 3160000
1 3160064
7 3160128
6 3160192
7 3160256
6 3160320
2 3160384
2 3160448
7 3160512
0 3160576
2 3160640
5 3160704
4 3160768
3 3160832
1 3160896
6 3160960
10 3161024
3 3161088
9 3161152
1 3161216
5 3161280
8 3161344
4 3161408
6 3161472
4 3161536
7 3161600
2 3161664
5 3161728
6 3161792
0 3161856
4 3161920
6 3161984
7 3162048
8 3162112
2 3162176
10 3162240
0 3162304
10 3162368
3 3162432
6 3162496
9 3162560
0 3162624
6 3162688
1 3162752
5 3162816
5 3162880
0 3162944
10 3163008
2 3163072
6 3163136
1 3163200
3 3163264
4 3163328
0 3163392
9 3163456
7 3163520
3 3163584
1 3163648
2 3163712
2 3163776
10 3163840
0 3163904
6 3163968
6 3164032
7 3164096
6 3164160
6 3164224
5 3164288
4 3164352
10 3164416
0 3164480
5 3164544
3 3164608
10 3164672
2 3164736
4 3164800
2 3164864
10 3164928
10 3164992
1 3165056
6 3165120
9 3165184
4 3165248
3 3165312
5 3165376
3 3165440
2 3165504
8 3165568
6 3165632
1 3165696
7 3165760
8 3165824
10 3165888
0 3165952
5 3166016
8 3166080
1 3166144
3 3166208
8 3166272
0 3166336
5 3166400
7 3166464
3 3166528
2 3166592
1 3166656
3 3166720
6 3166784
7 3166848
8 3166912
10 3166976
8 3167040
6 3167104
4 3167168
5 3167232
5 3167296
5 3167360
2 3167424
6 3167488
1 3167552
5 3167616
1 3167680
0 3167744
7 3167808
0 3167872
5 3167936
10 3168000
5 3168064
7 3168128
0 3168192
5 3168256
2 3168320
9 3168384
5 3168448
0 3168512
8 3168576
6 3168640
8 3168704
7 3168768
4 3168832
4 3168896
1 3168960
2 3169024
3 3169088
5 3169152
10 3169216
9 3169280
9 3169344
8 3169408
9 3169472
6 3169536
10 3169600
2 3169664
5 3169728
8 3169792
6 3169856
9 3169920
2 3169984
6 3170048
3 3170112
5 3170176
6 3170240
0 3170304
0 3170368
6 3170432
10 3170496
2 3170560
5 3170624
10 3170688
5 3170752
1 3170816
5 3170880
1 3170944
7 3171008
9 3171072
7 3171136
5 3171200
1 3171264
9 3171328
3 3171392
7 3171456
8 3171520
4 3171584
9 3171648
5 3171712
3 3171776
1 3171840
2 3171904
7 3171968
3 3172032
4 3172096
4 3172160
5 3172224
8 3172288
10 3172352
0 3172416
10 3172480
1 3172544
9 3172608
7 3172672
6 3172736
2 3172800
1 3172864
3 3172928
4 3172992
6 3173056
1 3173120
6 3173184
4 3173248
10 3173312
6 3173376
1 3173440
5 3173504
2 3173568
6 3173632
5 3173696
3 3173760
2 3173824
2 3173888
2 3173952
10 3174016
4 3174080
7 3174144
0 3174208
10 3174272
8 3174336
1 3174400
0 3174464
1 3174528
4 3174592
8 3174656
1 3174720
2 3174784
9 3174848
7 3174912
1 3174976
9 3175040
8 3175104
8 3175168
4 3175232
0 3175296
8 3175360
9 3175424
10 3175488
4 3175552
3 3175616
7 3175680
4 3175744
8 3175808
10 3175872
10 3175936
1 3176000
2 3176064
6 3176128
8 3176192
1 3176256
7 3176320
9 3176384
3 3176448
0 3176512
0 3176576
8 3176640
0 3176704
5 3176768
8 3176832
8 3176896
9 3176960
9 3177024
0 3177088
5 3177152
10 3177216
8 3177280
0 3177344
8 3177408
1 3177472
4 3177536
0 3177600
3 3177664
3 3177728
4 3177792
0 3177856
5 3177920
0 3177984
8 3178048
1 3178112
0 3178176
5 3178240
6 3178304
3 3178368
5 3178432
10 3178496
8 3178560
10 3178624
6 3178688
9 3178752
9 3178816
0 3178880
10 3178944
2 3179008
1 3179072
3 3179136
1 3179200
1 3179264
6 3179328
6 3179392
9 3179456
4 3179520
6 3179584
0 3179648
2 3179712
10 3179776
1 3179840
2 3179904
4 3179968
6 3180032
7 3180096
6 3180160
4 3180224
2 3180288
8 3180352
1 3180416
2 3180480
10 3180544
5 3180608
9 3180672
8 3180736
3 3180800
6 3180864
2 3180928
0 3180992
7 3181056
4 3181120
9 3181184
8 3181248
8 3181312
4 3181376
9 3181440
5 3181504
9 3181568
1 3181632
2 3181696
6 3181760
0 3181824
9 3181888
2 3181952
0 3182016
3 3182080
3 3182144
1 3182208
4 3182272
6 3182336
5 3182400
6 3182464
10 3182528
5 3182592
7 3182656
1 3182720
6 3182784
6 3182848
5 3182912
7 3182976
8 3183040
10 3183104
1 3183168
3 3183232
0 3183296
4 3183360
9 3183424
9 3183488
5 3183552
0 3183616
4 3183680
3 3183744
8 3183808
9 3183872
10 3183936
6 3184000
4 3184064
10 3184128
1 3184192
6 3184256
4 3184320
5 3184384
0 3184448
8 3184512
6 3184576
2 3184640
9 3184704
5 3184768
3 3184832
2 3184896
2 3184960
3 3185024
0 3185088
7 3185152
2 3185216
4 3185280
8 3185344
7 3185408
6 3185472
4 3185536
1 3185600
2 3185664
6 3185728
1 3185792
3 3185856
10 3185920
9 3185984
5 3186048
5 3186112
7 3186176
4 3186240
5 3186304
8 3186368
6 3186432
1 3186496
8 3186560
0 3186624
5 3186688
8 3186752
3 3186816
9 3186880
3 3186944
4 3187008
0 3187072
8 3187136
3 3187200
5 3187264
4 3187328
10 3187392
4 3187456
2 3187520
10 3187584
10 3187648
7 3187712
8 3187776
8 3187840
5 3187904
9 3187968
8 3188032
8 3188096
1 3188160
9 3188224
2 3188288
0 3188352
6 3188416
9 3188480
6 3188544
5 3188608
6 3188672
9 3188736
3 3188800
2 3188864
5 3188928
10 3188992
9 3189056
6 3189120
2 3189184
7 3189248
6 3189312
2 3189376
2 3189440
3 3189504
6 3189568
8 3189632
3 3189696
1 3189760
2 3189824
7 3189888
5 3189952
3 3190016
4 3190080
1 3190144
8 3190208
3 3190272
9 3190336
9 3190400
5 3190464
5 3190528
10 3190592
7 3190656
8 3190720
0 3190784
2 3190848
2 3190912
8 3190976
0 3191040
1 3191104
7 3191168
7 3191232
1 3191296
10 3191360
0 3191424
6 3191488
2 3191552
9 3191616
4 3191680
5 3191744
0 3191808
2 3191872
6 3191936
10 3192000
9 3192064
4 3192128
4 3192192
7 3192256
3 3192320
5 3192384
10 3192448
3 3192512
4 3192576
1 3192640
10 3192704
4 3192768
3 3192832
9 3192896
1 3192960
0 3193024
3 3193088
2 3193152
3 3193216
1 3193280
8 3193344
6 3193408
10 3193472
6 3193536
7 3193600
9 3193664
10 3193728
0 3193792
6 3193856
6 3193920
10 3193984
7 3194048
4 3194112
7 3194176
7 3194240
10 3194304
10 3194368
2 3194432
0 3194496
1 3194560
1 3194624
10 3194688
0 3194752
4 3194816
0 3194880
8 3194944
3 3195008
8 3195072
4 3195136
3 3195200
7 3195264
8 3195328
2 3195392
6 3195456
0 3195520
1 3195584
10 3195648
8 3195712
7 3195776
7 3195840
7 3195904
9 3195968
5 3196032
10 3196096
3 3196160
3 3196224
4 3196288
2 3196352
2 3196416
5 3196480
3 3196544
9 3196608
3 3196672
9 3196736
2 3196800
2 3196864
4 3196928
2 3196992
5 3197056
7 3197120
7 3197184
7 3197248
2 3197312
7 3197376
7 3197440
4 3197504
5 3197568
7 3197632
10 3197696
5 3197760
0 3197824
2 3197888
1 3197952
10 3198016
8 3198080
8 3198144
5 3198208
2 3198272
1 3198336
1 3198400
4 3198464
8 3198528
4 3198592
6 3198656
0 3198720
3 3198784
6 3198848
3 3198912
8 3198976
3 3199040
9 3199104
6 3199168
8 3199232
7 3199296
8 3199360
8 3199424
4 3199488
2 3199552
0 3199616
10 3199680
4 3199744
7 3199808
5 3199872
10 3199936
9 3200000
8 3200064
3 3200128
5 3200192
10 3200256
8 3200320
9 3200384
4 3200448
7 3200512
7 3200576
0 3200640
6 3200704
9 3200768
3 3200832
10 3200896
9 3200960
2 3201024
8 3201088
5 3201152
3 3201216
2 3201280
10 3201344
10 3201408
0 3201472
2 3201536
5 3201600
4 3201664
6 3201728
1 3201792
6 3201856
10 3201920
10 3201984
7 3202048
9 3202112
4 3202176
6 3202240
7 3202304
10 3202368
7 3202432
8 3202496
10 3202560
1 3202624
8 3202688
9 3202752
8 3202816
6 3202880
3 3202944
6 3203008
1 3203072
3 3203136
9 3203200
5 3203264
9 3203328
4 3203392
10 3203456
5 3203520
9 3203584
2 3203648
1 3203712
1 3203776
8 3203840
5 3203904
7 3203968
2 3204032
3 3204096
10 3204160
5 3204224
10 3204288
0 3204352
1 3204416
9 3204480
4 3204544
7 3204608
3 3204672
7 3204736
7 3204800
9 3204864
6 3204928
2 3204992
6 3205056
10 3205120
3 3205184
8 3205248
9 3205312
6 3205376
5 3205440
4 3205504
9 3205568
9 3205632
7 3205696
10 3205760
7 3205824
9 3205888
1 3205952
7 3206016
8 3206080
10 3206144
10 3206208
2 3206272
2 3206336
0 3206400
0 3206464
8 3206528
10 3206592
1 3206656
0 3206720
0 3206784
1 3206848
4 3206912
2 3206976
8 3207040
6 3207104
10 3207168
6 3207232
9 3207296
0 3207360
6 3207424
2 3207488
5 3207552
1 3207616
5 3207680
7 3207744
5 3207808
9 3207872
5 3207936
1 3208000
4 3208064
9 3208128
0 3208192
9 3208256
6 3208320
7 3208384
1 3208448
10 3208512
10 3208576
0 3208640
10 3208704
8 3208768
0 3208832
0 3208896
4 3208960
10 3209024
5 3209088
8 3209152
7 3209216
2 3209280
4 3209344
2 3209408
10 3209472
2 3209536
7 3209600
10 3209664
10 3209728
4 3209792
9 3209856
6 3209920
6 3209984
5 3210048
10 3210112
2 3210176
9 3210240
4 3210304
8 3210368
3 3210432
0 3210496
5 3210560
1 3210624
7 3210688
1 3210752
9 3210816
7 3210880
2 3210944
5 3211008
1 3211072
2 3211136
10 3211200
3 3211264
4 3211328
3 3211392
3 3211456
5 3211520
3 3211584
6 3211648
7 3211712
5 3211776
10 3211840
7 3211904
10 3211968
7 3212032
7 3212096
7 3212160
3 3212224
4 3212288
2 3212352
6 3212416
5 3212480
8 3212544
7 3212608
5 3212672
0 3212736
3 3212800
10 3212864
1 3212928
0 3212992
4 3213056
10 3213120
9 3213184
7 3213248
9 3213312
1 3213376
4 3213440
0 3213504
7 3213568
7 3213632
1 3213696
10 3213760
10 3213824
10 3213888
2 3213952
8 3214016
0 3214080
6 3214144
1 3214208
10 3214272
9 3214336
9 3214400
0 3214464
7 3214528
4 3214592
6 3214656
6 3214720
6 3214784
9 3214848
7 3214912
10 3214976
4 3215040
7 3215104
2 3215168
1 3215232
7 3215296
1 3215360
2 3215424
4 3215488
3 3215552
5 3215616
6 3215680
6 3215744
8 3215808
10 3215872
3 3215936
0 3216000
3 3216064
2 3216128
5 3216192
3 3216256
6 3216320
9 3216384
5 3216448
2 3216512
5 3216576
5 3216640
8 3216704
7 3216768
6 3216832
7 3216896
3 3216960
5 3217024
0 3217088
7 3217152
8 3217216
1 3217280
0 3217344
10 3217408
7 3217472
2 3217536
8 3217600
3 3217664
10 3217728
9 3217792
4 3217856
7 3217920
6 3217984
4 3218048
6 3218112
10 3218176
1 3218240
2 3218304
10 3218368
6 3218432
1 3218496
4 3218560
9 3218624
10 3218688
9 3218752
3 3218816
10 3218880
6 3218944
10 3219008
3 3219072
1 3219136
9 3219200
6 3219264
2 3219328
7 3219392
5 3219456
6 3219520
4 3219584
4 3219648
3 3219712
9 3219776
0 3219840
9 3219904
5 3219968
1 3220032
10 3220096
9 3220160
5 3220224
6 3220288
6 3220352
3 3220416
0 3220480
0 3220544
10 3220608
6 3220672
3 3220736
6 3220800
2 3220864
1 3220928
0 3220992
5 3221056
10 3221120
1 3221184
6 3221248
4 3221312
0 3221376
7 3221440
8 3221504
7 3221568
10 3221632
0 3221696
4 3221760
8 3221824
1 3221888
1 3221952
3 3222016
10 3222080
5 3222144
3 3222208
7 3222272
10 3222336
10 3222400
10 3222464
3 3222528
9 3222592
6 3222656
5 3222720
2 3222784
7 3222848
10 3222912
2 3222976
9 3223040
5 3223104
9 3223168
8 3223232
6 3223296
7 3223360
7 3223424
7 3223488
0 3223552
5 3223616
5 3223680
4 3223744
8 3223808
9 3223872
9 3223936
0 3224000
7 3224064
1 3224128
2 3224192
9 3224256
9 3224320
6 3224384
9 3224448
9 3224512
1 3224576
5 3224640
4 3224704
8 3224768
2 3224832
7 3224896
0 3224960
0 3225024
10 3225088
2 3225152
9 3225216
3 3225280
3 3225344
1 3225408
3 3225472
2 3225536
6 3225600
8 3225664
9 3225728
3 3225792
7 3225856
4 3225920
6 3225984
0 3226048
2 3226112
1 3226176
3 3226240
6 3226304
8 3226368
8 3226432
4 3226496
1 3226560
5 3226624
7 3226688
7 3226752
1 3226816
2 3226880
9 3226944
1 3227008
8 3227072
4 3227136
2 3227200
10 3227264
10 3227328
5 3227392
1 3227456
9 3227520
5 3227584
6 3227648
1 3227712
7 3227776
6 3227840
10 3227904
5 3227968
5 3228032
8 3228096
9 3228160
2 3228224
2 3228288
3 3228352
5 3228416
5 3228480
2 3228544
8 3228608
5 3228672
8 3228736
7 3228800
10 3228864
0 3228928
6 3228992
3 3229056
0 3229120
10 3229184
2 3229248
2 3229312
8 3229376
2 3229440
9 3229504
3 3229568
3 3229632
5 3229696
2 3229760
8 3229824
7 3229888
8 3229952
9 3230016
7 3230080
1 3230144
5 3230208
3 3230272
5 3230336
9 3230400
10 3230464
6 3230528
4 3230592
7 3230656
2 3230720
6 3230784
8 3230848
10 3230912
4 3230976
7 3231040
4 3231104
6 3231168
4 3231232
10 3231296
5 3231360
5 3231424
0 3231488
7 3231552
10 3231616
2 3231680
8 3231744
3 3231808
1 3231872
0 3231936
1 3232000
8 3232064
5 3232128
10 3232192
0 3232256
8 3232320
8 3232384
0 3232448
8 3232512
7 3232576
5 3232640
6 3232704
4 3232768
5 3232832
0 3232896
10 3232960
5 3233024
8 3233088
1 3233152
10 3233216
0 3233280
5 3233344
8 3233408
0 3233472
1 3233536
0 3233600
8 3233664
10 3233728
8 3233792
10 3233856
6 3233920
7 3233984
9 3234048
7 3234112
4 3234176
4 3234240
7 3234304
6 3234368
1 3234432
9 3234496
3 3234560
7 3234624
8 3234688
8 3234752
6 3234816
6 3234880
3 3234944
6 3235008
10 3235072
4 3235136
6 3235200
5 3235264
3 3235328
3 3235392
3 3235456
4 3235520
7 3235584
7 3235648
4 3235712
9 3235776
6 3235840
3 3235904
3 3235968
7 3236032
9 3236096
2 3236160
2 3236224
6 3236288
2 3236352
8 3236416
1 3236480
9 3236544
1 3236608
5 3236672
0 3236736
2 3236800
3 3236864
7 3236928
4 3236992
3 3237056
8 3237120
10 3237184
7 3237248
3 3237312
4 3237376
5 3237440
0 3237504
5 3237568
2 3237632
1 3237696
9 3237760
4 3237824
0 3237888
5 3237952
10 3238016
0 3238080
4 3238144
7 3238208
2 3238272
6 3238336
0 3238400
9 3238464
7 3238528
10 3238592
9 3238656
6 3238720
2 3238784
9 3238848
1 3238912
4 3238976
5 3239040
9 3239104
7 3239168
7 3239232
3 3239296
6 3239360
6 3239424
0 3239488
9 3239552
8 3239616
5 3239680
9 3239744
1 3239808
9 3239872
8 3239936
1 3240000
7 3240064
4 3240128
7 3240192
3 3240256
6 3240320
6 3240384
5 3240448
3 3240512
9 3240576
7 3240640
10 3240704
8 3240768
8 3240832
5 3240896
8 3240960
7 3241024
4 3241088
8 3241152
9 3241216
10 3241280
10 3241344
5 3241408
10 3241472
5 3241536
7 3241600
1 3241664
3 3241728
1 3241792
10 3241856
9 3241920
8 3241984
4 3242048
4 3242112
4 3242176
9 3242240
6 3242304
1 3242368
6 3242432
3 3242496
9 3242560
5 3242624
2 3242688
5 3242752
7 3242816
4 3242880
7 3242944
7 3243008
7 3243072
4 3243136
3 3243200
7 3243264
10 3243328
2 3243392
1 3243456
2 3243520
3 3243584
8 3243648
4 3243712
8 3243776
7 3243840
7 3243904
5 3243968
6 3244032
1 3244096
9 3244160
1 3244224
8 3244288
9 3244352
8 3244416
7 3244480
5 3244544
5 3244608
7 3244672
9 3244736
10 3244800
8 3244864
3 3244928
2 3244992
2 3245056
9 3245120
0 3245184
10 3245248
0 3245312
0 3245376
5 3245440
9 3245504
0 3245568
5 3245632
4 3245696
5 3245760
1 3245824
7 3245888
3 3245952
6 3246016
5 3246080
8 3246144
5 3246208
4 3246272
0 3246336
5 3246400
9 3246464
1 3246528
9 3246592
3 3246656
4 3246720
4 3246784
2 3246848
4 3246912
6 3246976
2 3247040
10 3247104
7 3247168
1 3247232
2 3247296
3 3247360
9 3247424
3 3247488
3 3247552
0 3247616
6 3247680
5 3247744
3 3247808
3 3247872
5 3247936
3 3248000
5 3248064
9 3248128
7 3248192
5 3248256
9 3248320
10 3248384
8 3248448
0 3248512
9 3248576
6 3248640
2 3248704
8 3248768
2 3248832
1 3248896
9 3248960
6 3249024
0 3249088
8 3249152
7 3249216
8 3249280
7 3249344
10 3249408
5 3249472
10 3249536
7 3249600
8 3249664
10 3249728
8 3249792
2 3249856
7 3249920
3 3249984
7 3250048
6 3250112
3 3250176
0 3250240
9 3250304
7 3250368
7 3250432
3 3250496
9 3250560
10 3250624
8 3250688
3 3250752
6 3250816
6 3250880
6 3250944
0 3251008
9 3251072
7 3251136
10 3251200
9 3251264
7 3251328
8 3251392
5 3251456
5 3251520
0 3251584
0 3251648
10 3251712
10 3251776
4 3251840
4 3251904
5 3251968
10 3252032
0 3252096
7 3252160
2 3252224
9 3252288
6 3252352
2 3252416
9 3252480
0 3252544
10 3252608
1 3252672
0 3252736
7 3252800
9 3252864
3 3252928
2 3252992
2 3253056
6 3253120
5 3253184
2 3253248
7 3253312
8 3253376
2 3253440
5 3253504
4 3253568
6 3253632
3 3253696
0 3253760
5 3253824
9 3253888
4 3253952
10 3254016
1 3254080
5 3254144
6 3254208
7 3254272
1 3254336
1 3254400
7 3254464
7 3254528
5 3254592
3 3254656
9 3254720
8 3254784
7 3254848
2 3254912
4 3254976
10 3255040
5 3255104
8 3255168
1 3255232
9 3255296
8 3255360
7 3255424
10 3255488
0 3255552
8 3255616
10 3255680
8 3255744
4 3255808
0 3255872
7 3255936
5 3256000
5 3256064
3 3256128
8 3256192
0 3256256
5 3256320
3 3256384
6 3256448
5 3256512
9 3256576
10 3256640
7 3256704
2 3256768
6 3256832
8 3256896
3 3256960
9 3257024
5 3257088
0 3257152
7 3257216
0 3257280
5 3257344
1 3257408
3 3257472
0 3257536
6 3257600
9 3257664
6 3257728
7 3257792
2 3257856
1 3257920
2 3257984
8 3258048
1 3258112
5 3258176
6 3258240
8 3258304
3 3258368
8 3258432
7 3258496
0 3258560
2 3258624
7 3258688
8 3258752
5 3258816
3 3258880
7 3258944
9 3259008
8 3259072
2 3259136
1 3259200
4 3259264
9 3259328
2 3259392
4 3259456
1 3259520
3 3259584
7 3259648
1 3259712
7 3259776
3 3259840
0 3259904
6 3259968
3 3260032
9 3260096
0 3260160
8 3260224
5 3260288
8 3260352
3 3260416
0 3260480
6 3260544
8 3260608
4 3260672
10 3260736
8 3260800
3 3260864
6 3260928
8 3260992
1 3261056
6 3261120
7 3261184
2 3261248
3 3261312
8 3261376
6 3261440
6 3261504
5 3261568
10 3261632
6 3261696
0 3261760
6 3261824
7 3261888
7 3261952
5 3262016
5 3262080
9 3262144
5 3262208
7 3262272
3 3262336
5 3262400
4 3262464
1 3262528
0 3262592
5 3262656
10 3262720
10 3262784
7 3262848
7 3262912
10 3262976
2 3263040
5 3263104
0 3263168
4 3263232
0 3263296
2 3263360
5 3263424
8 3263488
10 3263552
9 3263616
8 3263680
8 3263744
1 3263808
0 3263872
10 3263936
8 3264000
5 3264064
5 3264128
8 3264192
7 3264256
2 3264320
3 3264384
5 3264448
7 3264512
8 3264576
4 3264640
5 3264704
7 3264768
10 3264832
2 3264896
0 3264960
8 3265024
0 3265088
2 3265152
4 3265216
1 3265280
0 3265344
4 3265408
1 3265472
5 3265536
0 3265600
7 3265664
4 3265728
9 3265792
3 3265856
1 3265920
6 3265984
6 3266048
0 3266112
8 3266176
10 3266240
1 3266304
6 3266368
10 3266432
1 3266496
1 3266560
5 3266624
10 3266688
5 3266752
10 3266816
6 3266880
6 3266944
1 3267008
3 3267072
10 3267136
4 3267200
0 3267264
4 3267328
7 3267392
10 3267456
10 3267520
5 3267584
0 3267648
0 3267712
0 3267776
4 3267840
5 3267904
8 3267968
4 3268032
0 3268096
10 3268160
8 3268224
9 3268288
2 3268352
2 3268416
10 3268480
7 3268544
0 3268608
6 3268672
9 3268736
9 3268800
10 3268864
0 3268928
10 3268992
6 3269056
4 3269120
9 3269184
4 3269248
9 3269312
3 3269376
5 3269440
6 3269504
10 3269568
5 3269632
10 3269696
8 3269760
0 3269824
10 3269888
3 3269952
10 3270016
6 3270080
3 3270144
8 3270208
3 3270272
6 3270336
4 3270400
7 3270464
2 3270528
2 3270592
4 3270656
5 3270720
5 3270784
8 3270848
1 3270912
7 3270976
0 3271040
8 3271104
3 3271168
3 3271232
5 3271296
1 3271360
4 3271424
10 3271488
10 3271552
2 3271616
4 3271680
4 3271744
10 3271808
10 3271872
9 3271936
10 3272000
6 3272064
6 3272128
3 3272192
10 3272256
9 3272320
0 3272384
0 3272448
0 3272512
4 3272576
5 3272640
3 3272704
9 3272768
8 3272832
0 3272896
4 3272960
8 3273024
8 3273088
6 3273152
7 3273216
10 3273280
2 3273344
5 3273408
1 3273472
4 3273536
0 3273600
10 3273664
9 3273728
6 3273792
1 3273856
7 3273920
0 3273984
9 3274048
9 3274112
8 3274176
7 3274240
3 3274304
1 3274368
7 3274432
0 3274496
9 3274560
8 3274624
1 3274688
6 3274752
6 3274816
8 3274880
8 3274944
1 3275008
3 3275072
0 3275136
3 3275200
10 3275264
8 3275328
4 3275392
6 3275456
9 3275520
1 3275584
10 3275648
2 3275712
8 3275776
1 3275840
5 3275904
0 3275968
1 3276032
6 3276096
4 3276160
5 3276224
4 3276288
6 3276352
6 3276416
2 3276480
5 3276544
7 3276608
3 3276672
1 3276736
2 3276800
5 3276864
3 3276928
6 3276992
1 3277056
2 3277120
7 3277184
6 3277248
9 3277312
8 3277376
7 3277440
6 3277504
2 3277568
2 3277632
9 3277696
5 3277760
7 3277824
10 3277888
9 3277952
4 3278016
7 3278080
4 3278144
5 3278208
0 3278272
8 3278336
0 3278400
10 3278464
9 3278528
10 3278592
8 3278656
9 3278720
7 3278784
1 3278848
7 3278912
3 3278976
10 3279040
3 3279104
1 3279168
5 3279232
7 3279296
1 3279360
6 3279424
0 3279488
4 3279552
2 3279616
6 3279680
1 3279744
4 3279808
4 3279872
7 3279936
1 3280000
6 3280064
5 3280128
0 3280192
4 3280256
4 3280320
1 3280384
5 3280448
2 3280512
6 3280576
4 3280640
4 3280704
5 3280768
10 3280832
10 3280896
8 3280960
10 3281024
2 3281088
9 3281152
6 3281216
9 3281280
4 3281344
5 3281408
4 3281472
1 3281536
10 3281600
10 3281664
9 3281728
1 3281792
3 3281856
7 3281920
8 3281984
0 3282048
4 3282112
9 3282176
8 3282240
7 3282304
6 3282368
2 3282432
0 3282496
9 3282560
3 3282624
8 3282688
3 3282752
7 3282816
3 3282880
9 3282944
6 3283008
5 3283072
2 3283136
4 3283200
2 3283264
7 3283328
10 3283392
6 3283456
0 3283520
7 3283584
4 3283648
10 3283712
10 3283776
1 3283840
4 3283904
6 3283968
4 3284032
4 3284096
0 3284160
2 3284224
6 3284288
1 3284352
3 3284416
5 3284480
3 3284544
4 3284608
2 3284672
5 3284736
5 3284800
5 3284864
6 3284928
1 3284992
8 3285056
3 3285120
2 3285184
6 3285248
2 3285312
1 3285376
3 3285440
8 3285504
4 3285568
1 3285632
5 3285696
5 3285760
1 3285824
0 3285888
9 3285952
10 3286016
5 3286080
4 3286144
2 3286208
10 3286272
5 3286336
2 3286400
7 3286464
5 3286528
0 3286592
5 3286656
6 3286720
8 3286784
8 3286848
10 3286912
0 3286976
8 3287040
4 3287104
10 3287168
8 3287232
2 3287296
0 3287360
7 3287424
2 3287488
7 3287552
1 3287616
2 3287680
6 3287744
3 3287808
3 3287872
4 3287936
0 3288000
10 3288064
2 3288128
10 3288192
9 3288256
3 3288320
7 3288384
8 3288448
1 3288512
3 3288576
2 3288640
6 3288704
7 3288768
2 3288832
7 3288896
3 3288960
3 3289024
2 3289088
6 3289152
2 3289216
7 3289280
7 3289344
6 3289408
7 3289472
4 3289536
6 3289600
9 3289664
5 3289728
8 3289792
8 3289856
1 3289920
9 3289984
10 3290048
4 3290112
6 3290176
8 3290240
7 3290304
10 3290368
7 3290432
4 3290496
9 3290560
10 3290624
2 3290688
9 3290752
4 3290816
4 3290880
9 3290944
9 3291008
3 3291072
1 3291136
3 3291200
6 3291264
7 3291328
5 3291392
10 3291456
7 3291520
2 3291584
6 3291648
6 3291712
8 3291776
4 3291840
9 3291904
0 3291968
10 3292032
5 3292096
3 3292160
6 3292224
10 3292288
6 3292352
7 3292416
10 3292480
8 3292544
3 3292608
2 3292672
0 3292736
3 3292800
1 3292864
6 3292928
1 3292992
3 3293056
1 3293120
7 3293184
7 3293248
9 3293312
0 3293376
5 3293440
3 3293504
4 3293568
0 3293632
3 3293696
8 3293760
10 3293824
8 3293888
3 3293952
3 3294016
3 3294080
1 3294144
10 3294208
5 3294272
10 3294336
1 3294400
8 3294464
0 3294528
1 3294592
6 3294656
6 3294720
4 3294784
8 3294848
0 3294912
2 3294976
3 3295040
6 3295104
2 3295168
8 3295232
0 3295296
1 3295360
9 3295424
3 3295488
8 3295552
8 3295616
9 3295680
10 3295744
5 3295808
3 3295872
1 3295936
1 3296000
5 3296064
4 3296128
10 3296192
3 3296256
9 3296320
7 3296384
8 3296448
1 3296512
5 3296576
7 3296640
3 3296704
4 3296768
1 3296832
5 3296896
9 3296960
1 3297024
0 3297088
10 3297152
6 3297216
6 3297280
0 3297344
8 3297408
6 3297472
2 3297536
3 3297600
6 3297664
5 3297728
0 3297792
4 3297856
6 3297920
0 3297984
2 3298048
6 3298112
10 3298176
2 3298240
2 3298304
4 3298368
7 3298432
8 3298496
10 3298560
9 3298624
2 3298688
2 3298752
5 3298816
1 3298880
10 3298944
8 3299008
2 3299072
6 3299136
10 3299200
1 3299264
3 3299328
5 3299392
0 3299456
6 3299520
2 3299584
1 3299648
0 3299712
8 3299776
4 3299840
0 3299904
1 3299968
5 3300032
7 3300096
9 3300160
9 3300224
7 3300288
10 3300352
0 3300416
6 3300480
2 3300544
9 3300608
8 3300672
1 3300736
0 3300800
9 3300864
9 3300928
7 3300992
10 3301056
5 3301120
2 3301184
6 3301248
8 3301312
6 3301376
6 3301440
5 3301504
0 3301568
8 3301632
3 3301696
6 3301760
8 3301824
1 3301888
6 3301952
8 3302016
10 3302080
2 3302144
1 3302208
4 3302272
0 3302336
7 3302400
3 3302464
7 3302528
3 3302592
0 3302656
8 3302720
10 3302784
7 3302848
1 3302912
4 3302976
3 3303040
9 3303104
0 3303168
3 3303232
9 3303296
0 3303360
9 3303424
2 3303488
0 3303552
0 3303616
5 3303680
10 3303744
6 3303808
2 3303872
6 3303936
0 3304000
7 3304064
0 3304128
10 3304192
2 3304256
10 3304320
4 3304384
7 3304448
4 3304512
8 3304576
5 3304640
10 3304704
7 3304768
9 3304832
8 3304896
8 3304960
8 3305024
9 3305088
2 3305152
1 3305216
3 3305280
2 3305344
7 3305408
3 3305472
8 3305536
1 3305600
5 3305664
2 3305728
2 3305792
9 3305856
3 3305920
2 3305984
2 3306048
9 3306112
7 3306176
10 3306240
10 3306304
2 3306368
5 3306432
4 3306496
0 3306560
1 3306624
4 3306688
9 3306752
10 3306816
10 3306880
3 3306944
8 3307008
10 3307072
4 3307136
7 3307200
5 3307264
4 3307328
3 3307392
10 3307456
1 3307520
8 3307584
8 3307648
6 3307712
4 3307776
5 3307840
9 3307904
4 3307968
7 3308032
8 3308096
0 3308160
0 3308224
7 3308288
10 3308352
9 3308416
2 3308480
4 3308544
6 3308608
3 3308672
6 3308736
6 3308800
9 3308864
8 3308928
3 3308992
7 3309056
5 3309120
5 3309184
10 3309248
10 3309312
5 3309376
10 3309440
0 3309504
4 3309568
5 3309632
8 3309696
3 3309760
8 3309824
7 3309888
5 3309952
0 3310016
0 3310080
7 3310144
7 3310208
0 3310272
9 3310336
9 3310400
0 3310464
3 3310528
1 3310592
7 3310656
2 3310720
1 3310784
10 3310848
1 3310912
3 3310976
5 3311040
9 3311104
8 3311168
0 3311232
4 3311296
3 3311360
3 3311424
3 3311488
1 3311552
5 3311616
10 3311680
6 3311744
9 3311808
6 3311872
4 3311936
0 3312000
1 3312064
0 3312128
1 3312192
4 3312256
6 3312320
0 3312384
1 3312448
9 3312512
10 3312576
3 3312640
3 3312704
5 3312768
2 3312832
0 3312896
6 3312960
2 3313024
2 3313088
6 3313152
0 3313216
10 3313280
9 3313344
3 3313408
1 3313472
6 3313536
4 3313600
2 3313664
6 3313728
6 3313792
3 3313856
3 3313920
1 3313984
6 3314048
1 3314112
4 3314176
0 3314240
8 3314304
2 3314368
3 3314432
1 3314496
0 3314560
1 3314624
7 3314688
1 3314752
7 3314816
1 3314880
9 3314944
9 3315008
4 3315072
5 3315136
7 3315200
4 3315264
0 3315328
5 3315392
1 3315456
9 3315520
10 3315584
10 3315648
9 3315712
5 3315776
0 3315840
8 3315904
1 3315968
9 3316032
0 3316096
0 3316160
5 3316224
6 3316288
7 3316352
3 3316416
10 3316480
5 3316544
2 3316608
6 3316672
3 3316736
5 3316800
9 3316864
5 3316928
1 3316992
7 3317056
6 3317120
3 3317184
5 3317248
2 3317312
4 3317376
1 3317440
3 3317504
10 3317568
0 3317632
2 3317696
2 3317760
8 3317824
6 3317888
7 3317952
1 3318016
0 3318080
6 3318144
6 3318208
5 3318272
6 3318336
0 3318400
2 3318464
4 3318528
9 3318592
2 3318656
3 3318720
5 3318784
7 3318848
7 3318912
7 3318976
4 3319040
1 3319104
10 3319168
4 3319232
9 3319296
0 3319360
5 3319424
7 3319488
1 3319552
7 3319616
5 3319680
3 3319744
2 3319808
2 3319872
7 3319936
10 3320000
9 3320064
9 3320128
7 3320192
10 3320256
5 3320320
2 3320384
6 3320448
1 3320512
5 3320576
8 3320640
7 3320704
8 3320768
9 3320832
8 3320896
9 3320960
1 3321024
6 3321088
8 3321152
3 3321216
1 3321280
7 3321344
1 3321408
5 3321472
1 3321536
1 3321600
1 3321664
4 3321728
2 3321792
4 3321856
1 3321920
2 3321984
4 3322048
8 3322112
4 3322176
5 3322240
4 3322304
6 3322368
7 3322432
3 3322496
1 3322560
10 3322624
3 3322688
7 3322752
1 3322816
7 3322880
4 3322944
1 3323008
9 3323072
0 3323136
10 3323200
6 3323264
6 3323328
9 3323392
5 3323456
4 3323520
5 3323584
10 3323648
0 3323712
8 3323776
5 3323840
7 3323904
0 3323968
3 3324032
4 3324096
0 3324160
1 3324224
10 3324288
1 3324352
7 3324416
6 3324480
1 3324544
7 3324608
0 3324672
6 3324736
1 3324800
3 3324864
10 3324928
0 3324992
1 3325056
1 3325120
10 3325184
2 3325248
7 3325312
3 3325376
8 3325440
3 3325504
1 3325568
10 3325632
8 3325696
10 3325760
10 3325824
1 3325888
7 3325952
2 3326016
0 3326080
3 3326144
5 3326208
7 3326272
9 3326336
6 3326400
5 3326464
6 3326528
4 3326592
0 3326656
0 3326720
1 3326784
9 3326848
1 3326912
10 3326976
10 3327040
5 3327104
4 3327168
2 3327232
6 3327296
0 3327360
7 3327424
8 3327488
2 3327552
4 3327616
1 3327680
1 3327744
6 3327808
4 3327872
3 3327936
4 3328000
2 3328064
4 3328128
10 3328192
1 3328256
1 3328320
4 3328384
7 3328448
5 3328512
4 3328576
10 3328640
6 3328704
6 3328768
2 3328832
4 3328896
8 3328960
2 3329024
2 3329088
3 3329152
0 3329216
10 3329280
6 3329344
4 3329408
2 3329472
1 3329536
1 3329600
6 3329664
8 3329728
4 3329792
6 3329856
0 3329920
3 3329984
8 3330048
9 3330112
5 3330176
1 3330240
10 3330304
5 3330368
9 3330432
2 3330496
3 3330560
4 3330624
6 3330688
6 3330752
5 3330816
2 3330880
1 3330944
7 3331008
4 3331072
6 3331136
4 3331200
5 3331264
3 3331328
3 3331392
1 3331456
6 3331520
4 3331584
9 3331648
5 3331712
0 3331776
6 3331840
0 3331904
5 3331968
10 3332032
4 3332096
1 3332160
1 3332224
3 3332288
7 3332352
10 3332416
1 3332480
3 3332544
10 3332608
10 3332672
4 3332736
10 3332800
6 3332864
3 3332928
10 3332992
1 3333056
10 3333120
0 3333184
7 3333248
8 3333312
9 3333376
10 3333440
0 3333504
10 3333568
7 3333632
8 3333696
6 3333760
9 3333824
10 3333888
5 3333952
7 3334016
6 3334080
0 3334144
1 3334208
8 3334272
8 3334336
3 3334400
0 3334464
4 3334528
1 3334592
10 3334656
5 3334720
10 3334784
4 3334848
10 3334912
4 3334976
7 3335040
4 3335104
7 3335168
3 3335232
3 3335296
4 3335360
3 3335424
5 3335488
10 3335552
10 3335616
9 3335680
7 3335744
3 3335808
6 3335872
9 3335936
7 3336000
0 3336064
1 3336128
10 3336192
6 3336256
8 3336320
5 3336384
2 3336448
5 3336512
3 3336576
1 3336640
10 3336704
7 3336768
5 3336832
0 3336896
4 3336960
0 3337024
9 3337088
3 3337152
7 3337216
0 3337280
1 3337344
1 3337408
8 3337472
5 3337536
9 3337600
6 3337664
8 3337728
9 3337792
7 3337856
4 3337920
10 3337984
0 3338048
9 3338112
5 3338176
2 3338240
9 3338304
0 3338368
5 3338432
10 3338496
5 3338560
0 3338624
9 3338688
5 3338752
7 3338816
9 3338880
2 3338944
8 3339008
1 3339072
8 3339136
4 3339200
7 3339264
2 3339328
6 3339392
6 3339456
8 3339520
0 3339584
6 3339648
3 3339712
9 3339776
9 3339840
10 3339904
2 3339968
4 3340032
1 3340096
6 3340160
10 3340224
1 3340288
1 3340352
9 3340416
5 3340480
4 3340544
0 3340608
10 3340672
6 3340736
2 3340800
7 3340864
8 3340928
10 3340992
9 3341056
0 3341120
8 3341184
8 3341248
10 3341312
0 3341376
6 3341440
8 3341504
3 3341568
1 3341632
1 3341696
2 3341760
10 3341824
1 3341888
7 3341952
9 3342016
5 3342080
9 3342144
2 3342208
8 3342272
2 3342336
2 3342400
3 3342464
3 3342528
1 3342592
2 3342656
5 3342720
6 3342784
7 3342848
7 3342912
2 3342976
5 3343040
0 3343104
3 3343168
8 3343232
5 3343296
6 3343360
1 3343424
6 3343488
2 3343552
7 3343616
1 3343680
4 3343744
1 3343808
3 3343872
4 3343936
2 3344000
7 3344064
10 3344128
7 3344192
3 3344256
2 3344320
3 3344384
5 3344448
10 3344512
7 3344576
3 3344640
7 3344704
4 3344768
2 3344832
1 3344896
10 3344960
4 3345024
2 3345088
0 3345152
9 3345216
4 3345280
2 3345344
0 3345408
7 3345472
9 3345536
3 3345600
7 3345664
4 3345728
1 3345792
5 3345856
10 3345920
8 3345984
7 3346048
1 3346112
9 3346176
9 3346240
4 3346304
2 3346368
5 3346432
0 3346496
10 3346560
5 3346624
9 3346688
2 3346752
10 3346816
5 3346880
3 3346944
10 3347008
0 3347072
9 3347136
5 3347200
5 3347264
10 3347328
8 3347392
7 3347456
7 3347520
9 3347584
9 3347648
3 3347712
6 3347776
4 3347840
10 3347904
2 3347968
7 3348032
3 3348096
7 3348160
9 3348224
5 3348288
7 3348352
2 3348416
3 3348480
8 3348544
10 3348608
1 3348672
6 3348736
10 3348800
1 3348864
2 3348928
9 3348992
2 3349056
1 3349120
3 3349184
5 3349248
1 3349312
1 3349376
10 3349440
10 3349504
1 3349568
3 3349632
10 3349696
3 3349760
0 3349824
1 3349888
0 3349952
7 3350016
5 3350080
3 3350144
5 3350208
10 3350272
0 3350336
2 3350400
4 3350464
6 3350528
9 3350592
4 3350656
8 3350720
4 3350784
1 3350848
2 3350912
3 3350976
2 3351040
2 3351104
2 3351168
3 3351232
2 3351296
0 3351360
8 3351424
7 3351488
3 3351552
8 3351616
5 3351680
7 3351744
0 3351808
9 3351872
4 3351936
3 3352000
9 3352064
1 3352128
3 3352192
7 3352256
0 3352320
8 3352384
5 3352448
8 3352512
7 3352576
8 3352640
3 3352704
7 3352768
9 3352832
2 3352896
1 3352960
3 3353024
1 3353088
6 3353152
8 3353216
2 3353280
2 3353344
6 3353408
10 3353472
0 3353536
8 3353600
0 3353664
9 3353728
9 3353792
3 3353856
7 3353920
1 3353984
5 3354048
1 3354112
9 3354176
3 3354240
1 3354304
7 3354368
8 3354432
4 3354496
4 3354560
9 3354624
8 3354688
8 3354752
3 3354816
8 3354880
0 3354944
3 3355008
7 3355072
10 3355136
4 3355200
10 3355264
7 3355328
3 3355392
8 3355456
1 3355520
1 3355584
3 3355648
3 3355712
7 3355776
0 3355840
10 3355904
4 3355968
9 3356032
4 3356096
6 3356160
2 3356224
4 3356288
5 3356352
5 3356416
4 3356480
0 3356544
7 3356608
7 3356672
0 3356736
0 3356800
5 3356864
3 3356928
5 3356992
5 3357056
10 3357120
8 3357184
8 3357248
2 3357312
3 3357376
4 3357440
8 3357504
1 3357568
10 3357632
1 3357696
8 3357760
0 3357824
10 3357888
8 3357952
2 3358016
9 3358080
10 3358144
3 3358208
8 3358272
5 3358336
0 3358400
2 3358464
8 3358528
4 3358592
7 3358656
7 3358720
9 3358784
8 3358848
2 3358912
5 3358976
8 3359040
7 3359104
5 3359168
3 3359232
7 3359296
1 3359360
5 3359424
6 3359488
4 3359552
1 3359616
5 3359680
3 3359744
3 3359808
0 3359872
7 3359936
0 3360000
6 3360064
6 3360128
6 3360192
10 3360256
7 3360320
0 3360384
10 3360448
10 3360512
6 3360576
3 3360640
3 3360704
1 3360768
1 3360832
9 3360896
1 3360960
6 3361024
1 3361088
1 3361152
9 3361216
5 3361280
5 3361344
3 3361408
0 3361472
9 3361536
3 3361600
7 3361664
3 3361728
1 3361792
3 3361856
4 3361920
10 3361984
0 3362048
3 3362112
7 3362176
7 3362240
9 3362304
1 3362368
7 3362432
0 3362496
3 3362560
7 3362624
9 3362688
10 3362752
10 3362816
3 3362880
0 3362944
6 3363008
1 3363072
8 3363136
9 3363200
2 3363264
0 3363328
0 3363392
4 3363456
5 3363520
8 3363584
2 3363648
0 3363712
7 3363776
2 3363840
1 3363904
6 3363968
2 3364032
4 3364096
7 3364160
4 3364224
2 3364288
4 3364352
6 3364416
8 3364480
4 3364544
7 3364608
3 3364672
2 3364736
5 3364800
5 3364864
0 3364928
6 3364992
5 3365056
2 3365120
9 3365184
10 3365248
9 3365312
0 3365376
5 3365440
3 3365504
6 3365568
7 3365632
9 3365696
10 3365760
1 3365824
2 3365888
0 3365952
7 3366016
2 3366080
0 3366144
9 3366208
5 3366272
7 3366336
8 3366400
10 3366464
9 3366528
0 3366592
3 3366656
5 3366720
5 3366784
0 3366848
8 3366912
1 3366976
9 3367040
9 3367104
6 3367168
8 3367232
4 3367296
4 3367360
5 3367424
6 3367488
5 3367552
7 3367616
8 3367680
1 3367744
7 3367808
4 3367872
4 3367936
2 3368000
0 3368064
5 3368128
4 3368192
0 3368256
10 3368320
5 3368384
1 3368448
5 3368512
10 3368576
5 3368640
6 3368704
7 3368768
4 3368832
0 3368896
9 3368960
2 3369024
0 3369088
1 3369152
6 3369216
10 3369280
7 3369344
5 3369408
9 3369472
9 3369536
10 3369600
3 3369664
0 3369728
0 3369792
1 3369856
3 3369920
4 3369984
10 3370048
1 3370112
4 3370176
0 3370240
5 3370304
10 3370368
8 3370432
0 3370496
6 3370560
10 3370624
7 3370688
0 3370752
9 3370816
1 3370880
4 3370944
4 3371008
6 3371072
5 3371136
4 3371200
8 3371264
4 3371328
0 3371392
0 3371456
0 3371520
0 3371584
4 3371648
0 3371712
0 3371776
4 3371840
6 3371904
4 3371968
5 3372032
4 3372096
9 3372160
7 3372224
6 3372288
8 3372352
3 3372416
4 3372480
8 3372544
7 3372608
5 3372672
2 3372736
5 3372800
6 3372864
0 3372928
4 3372992
8 3373056
9 3373120
9 3373184
2 3373248
4 3373312
6 3373376
6 3373440
2 3373504
5 3373568
7 3373632
6 3373696
0 3373760
1 3373824
3 3373888
8 3373952
0 3374016
7 3374080
9 3374144
5 3374208
1 3374272
1 3374336
8 3374400
1 3374464
2 3374528
10 3374592
1 3374656
6 3374720
5 3374784
2 3374848
10 3374912
10 3374976
5 3375040
0 3375104
8 3375168
10 3375232
1 3375296
5 3375360
9 3375424
5 3375488
9 3375552
0 3375616
4 3375680
3 3375744
1 3375808
5 3375872
0 3375936
7 3376000
1 3376064
7 3376128
4 3376192
1 3376256
10 3376320
6 3376384
10 3376448
4 3376512
7 3376576
7 3376640
10 3376704
6 3376768
3 3376832
1 3376896
10 3376960
0 3377024
3 3377088
2 3377152
3 3377216
1 3377280
9 3377344
7 3377408
6 3377472
7 3377536
0 3377600
2 3377664
5 3377728
4 3377792
6 3377856
1 3377920
6 3377984
8 3378048
4 3378112
4 3378176
4 3378240
6 3378304
9 3378368
6 3378432
4 3378496
5 3378560
10 3378624
8 3378688
9 3378752
2 3378816
4 3378880
10 3378944
4 3379008
1 3379072
10 3379136
8 3379200
3 3379264
2 3379328
8 3379392
1 3379456
1 3379520
3 3379584
7 3379648
10 3379712
2 3379776
4 3379840
10 3379904
10 3379968
4 3380032
7 3380096
9 3380160
2 3380224
9 3380288
7 3380352
5 3380416
9 3380480
1 3380544
4 3380608
4 3380672
8 3380736
9 3380800
4 3380864
0 3380928
0 3380992
9 3381056
10 3381120
4 3381184
6 3381248
5 3381312
8 3381376
4 3381440
6 3381504
3 3381568
9 3381632
2 3381696
10 3381760
4 3381824
8 3381888
8 3381952
7 3382016
8 3382080
0 3382144
10 3382208
7 3382272
3 3382336
7 3382400
6 3382464
10 3382528
10 3382592
10 3382656
7 3382720
6 3382784
4 3382848
9 3382912
7 3382976
3 3383040
7 3383104
8 3383168
0 3383232
5 3383296
3 3383360
4 3383424
2 3383488
5 3383552
1 3383616
9 3383680
1 3383744
8 3383808
7 3383872
1 3383936
6 3384000
2 3384064
8 3384128
9 3384192
7 3384256
4 3384320
7 3384384
6 3384448
7 3384512
6 3384576
6 3384640
6 3384704
0 3384768
9 3384832
1 3384896
9 3384960
1 3385024
9 3385088
3 3385152
5 3385216
2 3385280
6 3385344
4 3385408
2 3385472
5 3385536
9 3385600
10 3385664
10 3385728
9 3385792
3 3385856
1 3385920
7 3385984
6 3386048
9 3386112
7 3386176
0 3386240
8 3386304
5 3386368
6 3386432
7 3386496
5 3386560
9 3386624
1 3386688
0 3386752
10 3386816
5 3386880
10 3386944
6 3387008
3 3387072
9 3387136
10 3387200
10 3387264
6 3387328
7 3387392
0 3387456
10 3387520
4 3387584
4 3387648
7 3387712
7 3387776
7 3387840
1 3387904
4 3387968
0 3388032
5 3388096
7 3388160
7 3388224
0 3388288
2 3388352
5 3388416
0 3388480
1 3388544
5 3388608
5 3388672
4 3388736
4 3388800
9 3388864
4 3388928
0 3388992
10 3389056
9 3389120
9 3389184
8 3389248
5 3389312
7 3389376
5 3389440
2 3389504
5 3389568
6 3389632
10 3389696
3 3389760
7 3389824
4 3389888
4 3389952
8 3390016
4 3390080
5 3390144
5 3390208
5 3390272
10 3390336
10 3390400
7 3390464
6 3390528
10 3390592
6 3390656
3 3390720
3 3390784
5 3390848
4 3390912
2 3390976
0 3391040
5 3391104
0 3391168
9 3391232
5 3391296
3 3391360
0 3391424
10 3391488
7 3391552
2 3391616
7 3391680
7 3391744
2 3391808
8 3391872
10 3391936
2 3392000
7 3392064
6 3392128
9 3392192
5 3392256
10 3392320
8 3392384
8 3392448
7 3392512
0 3392576
8 3392640
9 3392704
4 3392768
2 3392832
10 3392896
6 3392960
6 3393024
0 3393088
3 3393152
6 3393216
6 3393280
9 3393344
8 3393408
0 3393472
10 3393536
2 3393600
7 3393664
6 3393728
10 3393792
4 3393856
4 3393920
8 3393984
2 3394048
10 3394112
9 3394176
4 3394240
3 3394304
5 3394368
0 3394432
0 3394496
7 3394560
9 3394624
6 3394688
1 3394752
6 3394816
5 3394880
3 3394944
7 3395008
7 3395072
7 3395136
10 3395200
8 3395264
4 3395328
2 3395392
4 3395456
7 3395520
1 3395584
6 3395648
4 3395712
9 3395776
1 3395840
9 3395904
1 3395968
6 3396032
3 3396096
10 3396160
6 3396224
9 3396288
5 3396352
0 3396416
10 3396480
7 3396544
2 3396608
5 3396672
9 3396736
2 3396800
5 3396864
0 3396928
1 3396992
6 3397056
9 3397120
1 3397184
5 3397248
6 3397312
9 3397376
7 3397440
8 3397504
0 3397568
7 3397632
9 3397696
8 3397760
2 3397824
3 3397888
0 3397952
7 3398016
10 3398080
0 3398144
0 3398208
8 3398272
1 3398336
3 3398400
3 3398464
4 3398528
9 3398592
0 3398656
2 3398720
3 3398784
7 3398848
4 3398912
3 3398976
2 3399040
6 3399104
9 3399168
2 3399232
4 3399296
9 3399360
4 3399424
1 3399488
8 3399552
0 3399616
1 3399680
6 3399744
10 3399808
9 3399872
10 3399936
5 3400000
9 3400064
9 3400128
1 3400192
1 3400256
10 3400320
2 3400384
9 3400448
4 3400512
6 3400576
4 3400640
0 3400704
3 3400768
1 3400832
1 3400896
8 3400960
2 3401024
8 3401088
7 3401152
9 3401216
1 3401280
4 3401344
6 3401408
5 3401472
9 3401536
5 3401600
1 3401664
1 3401728
10 3401792
2 3401856
0 3401920
3 3401984
3 3402048
9 3402112
0 3402176
5 3402240
9 3402304
6 3402368
6 3402432
10 3402496
6 3402560
10 3402624
9 3402688
4 3402752
2 3402816
3 3402880
9 3402944
4 3403008
3 3403072
8 3403136
10 3403200
3 3403264
7 3403328
5 3403392
10 3403456
4 3403520
2 3403584
8 3403648
8 3403712
4 3403776
6 3403840
3 3403904
7 3403968
7 3404032
3 3404096
4 3404160
10 3404224
8 3404288
10 3404352
5 3404416
0 3404480
3 3404544
0 3404608
2 3404672
7 3404736
7 3404800
2 3404864
10 3404928
1 3404992
7 3405056
9 3405120
3 3405184
1 3405248
6 3405312
2 3405376
5 3405440
0 3405504
5 3405568
5 3405632
3 3405696
2 3405760
6 3405824
7 3405888
9 3405952
9 3406016
2 3406080
4 3406144
10 3406208
10 3406272
4 3406336
10 3406400
8 3406464
3 3406528
7 3406592
2 3406656
6 3406720
8 3406784
7 3406848
7 3406912
9 3406976
3 3407040
8 3407104
10 3407168
8 3407232
9 3407296
4 3407360
9 3407424
1 3407488
2 3407552
8 3407616
6 3407680
7 3407744
2 3407808
8 3407872
7 3407936
7 3408000
4 3408064
7 3408128
8 3408192
6 3408256
9 3408320
1 3408384
0 3408448
4 3408512
0 3408576
7 3408640
6 3408704
2 3408768
9 3408832
6 3408896
9 3408960
6 3409024
5 3409088
2 3409152
4 3409216
1 3409280
5 3409344
7 3409408
3 3409472
1 3409536
10 3409600
8 3409664
0 3409728
2 3409792
0 3409856
4 3409920
0 3409984
4 3410048
1 3410112
0 3410176
7 3410240
1 3410304
9 3410368
1 3410432
2 3410496
9 3410560
4 3410624
3 3410688
3 3410752
7 3410816
0 3410880
2 3410944
6 3411008
5 3411072
7 3411136
8 3411200
1 3411264
4 3411328
9 3411392
6 3411456
3 3411520
5 3411584
5 3411648
0 3411712
1 3411776
9 3411840
3 3411904
5 3411968
3 3412032
1 3412096
10 3412160
1 3412224
0 3412288
1 3412352
5 3412416
8 3412480
4 3412544
5 3412608
6 3412672
7 3412736
3 3412800
1 3412864
3 3412928
7 3412992
0 3413056
0 3413120
1 3413184
10 3413248
7 3413312
4 3413376
9 3413440
3 3413504
1 3413568
7 3413632
5 3413696
6 3413760
0 3413824
7 3413888
3 3413952
0 3414016
2 3414080
1 3414144
7 3414208
3 3414272
7 3414336
3 3414400
3 3414464
9 3414528
7 3414592
10 3414656
10 3414720
0 3414784
1 3414848
0 3414912
1 3414976
10 3415040
4 3415104
9 3415168
2 3415232
6 3415296
2 3415360
1 3415424
8 3415488
9 3415552
2 3415616
2 3415680
10 3415744
4 3415808
0 3415872
0 3415936
6 3416000
1 3416064
3 3416128
8 3416192
6 3416256
5 3416320
4 3416384
9 3416448
6 3416512
6 3416576
0 3416640
2 3416704
10 3416768
5 3416832
1 3416896
4 3416960
3 3417024
5 3417088
8 3417152
0 3417216
4 3417280
7 3417344
1 3417408
1 3417472
8 3417536
0 3417600
0 3417664
4 3417728
5 3417792
0 3417856
1 3417920
5 3417984
3 3418048
1 3418112
1 3418176
9 3418240
5 3418304
9 3418368
10 3418432
6 3418496
0 3418560
2 3418624
7 3418688
6 3418752
9 3418816
3 3418880
4 3418944
7 3419008
7 3419072
9 3419136
6 3419200
6 3419264
0 3419328
5 3419392
4 3419456
8 3419520
5 3419584
6 3419648
2 3419712
5 3419776
7 3419840
5 3419904
0 3419968
4 3420032
2 3420096
2 3420160
4 3420224
6 3420288
4 3420352
0 3420416
6 3420480
9 3420544
4 3420608
10 3420672
8 3420736
6 3420800
1 3420864
7 3420928
5 3420992
4 3421056
1 3421120
8 3421184
2 3421248
7 3421312
7 3421376
1 3421440
1 3421504
4 3421568
8 3421632
8 3421696
1 3421760
6 3421824
0 3421888
5 3421952
8 3422016
0 3422080
1 3422144
9 3422208
7 3422272
10 3422336
5 3422400
5 3422464
7 3422528
0 3422592
8 3422656
2 3422720
6 3422784
7 3422848
8 3422912
6 3422976
5 3423040
0 3423104
4 3423168
4 3423232
4 3423296
1 3423360
4 3423424
4 3423488
2 3423552
9 3423616
4 3423680
2 3423744
6 3423808
7 3423872
10 3423936
0 3424000
8 3424064
8 3424128
0 3424192
5 3424256
0 3424320
1 3424384
5 3424448
1 3424512
3 3424576
7 3424640
10 3424704
8 3424768
10 3424832
6 3424896
2 3424960
6 3425024
8 3425088
4 3425152
9 3425216
7 3425280
0 3425344
4 3425408
2 3425472
4 3425536
1 3425600
6 3425664
9 3425728
10 3425792
8 3425856
1 3425920
4 3425984
2 3426048
0 3426112
7 3426176
6 3426240
10 3426304
8 3426368
1 3426432
7 3426496
10 3426560
0 3426624
0 3426688
6 3426752
8 3426816
1 3426880
4 3426944
3 3427008
6 3427072
5 3427136
9 3427200
7 3427264
2 3427328
10 3427392
3 3427456
9 3427520
10 3427584
7 3427648
6 3427712
6 3427776
1 3427840
10 3427904
0 3427968
5 3428032
4 3428096
1 3428160
7 3428224
1 3428288
5 3428352
0 3428416
0 3428480
7 3428544
6 3428608
0 3428672
1 3428736
7 3428800
5 3428864
1 3428928
8 3428992
0 3429056
0 3429120
7 3429184
7 3429248
8 3429312
4 3429376
2 3429440
8 3429504
4 3429568
5 3429632
5 3429696
7 3429760
6 3429824
1 3429888
8 3429952
10 3430016
6 3430080
7 3430144
7 3430208
0 3430272
6 3430336
6 3430400
7 3430464
2 3430528
1 3430592
9 3430656
2 3430720
2 3430784
8 3430848
3 3430912
4 3430976
9 3431040
1 3431104
4 3431168
3 3431232
0 3431296
10 3431360
9 3431424
2 3431488
1 3431552
5 3431616
2 3431680
7 3431744
2 3431808
5 3431872
9 3431936
7 3432000
8 3432064
3 3432128
3 3432192
6 3432256
7 3432320
4 3432384
0 3432448
8 3432512
10 3432576
9 3432640
1 3432704
2 3432768
10 3432832
0 3432896
5 3432960
9 3433024
9 3433088
4 3433152
4 3433216
7 3433280
10 3433344
6 3433408
9 3433472
8 3433536
8 3433600
0 3433664
1 3433728
2 3433792
10 3433856
2 3433920
5 3433984
6 3434048
2 3434112
0 3434176
8 3434240
3 3434304
6 3434368
1 3434432
0 3434496
8 3434560
8 3434624
0 3434688
2 3434752
5 3434816
7 3434880
10 3434944
0 3435008
1 3435072
6 3435136
10 3435200
2 3435264
0 3435328
10 3435392
6 3435456
3 3435520
7 3435584
0 3435648
3 3435712
5 3435776
5 3435840
9 3435904
5 3435968
9 3436032
1 3436096
5 3436160
1 3436224
6 3436288
7 3436352
6 3436416
1 3436480
6 3436544
6 3436608
2 3436672
9 3436736
6 3436800
5 3436864
8 3436928
6 3436992
3 3437056
6 3437120
0 3437184
2 3437248
5 3437312
3 3437376
6 3437440
8 3437504
7 3437568
3 3437632
2 3437696
0 3437760
9 3437824
2 3437888
2 3437952
5 3438016
4 3438080
5 3438144
0 3438208
8 3438272
0 3438336
6 3438400
9 3438464
4 3438528
0 3438592
9 3438656
7 3438720
8 3438784
7 3438848
3 3438912
10 3438976
8 3439040
7 3439104
1 3439168
8 3439232
3 3439296
10 3439360
4 3439424
1 3439488
0 3439552
0 3439616
10 3439680
0 3439744
6 3439808
6 3439872
5 3439936
8 3440000
4 3440064
8 3440128
4 3440192
3 3440256
9 3440320
3 3440384
0 3440448
0 3440512
4 3440576
6 3440640
0 3440704
3 3440768
5 3440832
10 3440896
6 3440960
0 3441024
8 3441088
9 3441152
10 3441216
7 3441280
0 3441344
6 3441408
4 3441472
9 3441536
10 3441600
3 3441664
7 3441728
5 3441792
9 3441856
0 3441920
4 3441984
4 3442048
7 3442112
9 3442176
0 3442240
10 3442304
5 3442368
8 3442432
3 3442496
0 3442560
4 3442624
7 3442688
0 3442752
2 3442816
7 3442880
10 3442944
8 3443008
9 3443072
0 3443136
2 3443200
7 3443264
6 3443328
4 3443392
5 3443456
1 3443520
3 3443584
0 3443648
10 3443712
0 3443776
5 3443840
10 3443904
0 3443968
1 3444032
9 3444096
8 3444160
5 3444224
7 3444288
5 3444352
4 3444416
7 3444480
3 3444544
8 3444608
8 3444672
0 3444736
8 3444800
4 3444864
2 3444928
7 3444992
4 3445056
0 3445120
6 3445184
2 3445248
8 3445312
2 3445376
8 3445440
5 3445504
0 3445568
7 3445632
2 3445696
5 3445760
5 3445824
3 3445888
2 3445952
0 3446016
5 3446080
2 3446144
8 3446208
5 3446272
1 3446336
5 3446400
5 3446464
0 3446528
1 3446592
3 3446656
5 3446720
2 3446784
4 3446848
7 3446912
1 3446976
1 3447040
7 3447104
8 3447168
8 3447232
7 3447296
10 3447360
5 3447424
0 3447488
5 3447552
1 3447616
3 3447680
9 3447744
1 3447808
8 3447872
10 3447936
4 3448000
1 3448064
8 3448128
0 3448192
5 3448256
1 3448320
4 3448384
1 3448448
2 3448512
0 3448576
0 3448640
7 3448704
4 3448768
10 3448832
0 3448896
4 3448960
5 3449024
1 3449088
5 3449152
6 3449216
9 3449280
9 3449344
3 3449408
3 3449472
2 3449536
7 3449600
6 3449664
9 3449728
2 3449792
6 3449856
8 3449920
9 3449984
9 3450048
4 3450112
7 3450176
3 3450240
8 3450304
7 3450368
9 3450432
3 3450496
0 3450560
9 3450624
2 3450688
10 3450752
5 3450816
2 3450880
3 3450944
9 3451008
0 3451072
6 3451136
0 3451200
5 3451264
6 3451328
3 3451392
6 3451456
0 3451520
7 3451584
1 3451648
2 3451712
4 3451776
1 3451840
3 3451904
7 3451968
3 3452032
9 3452096
4 3452160
9 3452224
1 3452288
2 3452352
10 3452416
5 3452480
8 3452544
1 3452608
9 3452672
3 3452736
6 3452800
6 3452864
9 3452928
4 3452992
3 3453056
6 3453120
4 3453184
3 3453248
6 3453312
5 3453376
10 3453440
3 3453504
1 3453568
10 3453632
4 3453696
5 3453760
9 3453824
4 3453888
5 3453952
6 3454016
8 3454080
1 3454144
5 3454208
0 3454272
8 3454336
9 3454400
5 3454464
1 3454528
4 3454592
6 3454656
3 3454720
10 3454784
1 3454848
8 3454912
7 3454976
9 3455040
8 3455104
9 3455168
7 3455232
6 3455296
3 3455360
3 3455424
10 3455488
0 3455552
2 3455616
3 3455680
0 3455744
4 3455808
2 3455872
3 3455936
3 3456000
3 3456064
8 3456128
8 3456192
10 3456256
3 3456320
1 3456384
10 3456448
9 3456512
6 3456576
0 3456640
2 3456704
5 3456768
0 3456832
9 3456896
10 3456960
2 3457024
7 3457088
0 3457152
4 3457216
0 3457280
0 3457344
4 3457408
3 3457472
8 3457536
6 3457600
6 3457664
6 3457728
8 3457792
4 3457856
7 3457920
0 3457984
7 3458048
10 3458112
2 3458176
6 3458240
0 3458304
2 3458368
7 3458432
5 3458496
7 3458560
8 3458624
9 3458688
6 3458752
6 3458816
3 3458880
6 3458944
8 3459008
0 3459072
5 3459136
3 3459200
7 3459264
3 3459328
8 3459392
0 3459456
8 3459520
8 3459584
2 3459648
3 3459712
3 3459776
0 3459840
9 3459904
7 3459968
0 3460032
1 3460096
9 3460160
9 3460224
8 3460288
2 3460352
4 3460416
7 3460480
7 3460544
0 3460608
10 3460672
10 3460736
7 3460800
5 3460864
1 3460928
8 3460992
6 3461056
2 3461120
1 3461184
0 3461248
9 3461312
8 3461376
10 3461440
10 3461504
10 3461568
6 3461632
3 3461696
6 3461760
7 3461824
8 3461888
10 3461952
2 3462016
8 3462080
10 3462144
10 3462208
1 3462272
6 3462336
8 3462400
9 3462464
6 3462528
0 3462592
0 3462656
6 3462720
6 3462784
8 3462848
10 3462912
8 3462976
1 3463040
2 3463104
7 3463168
9 3463232
0 3463296
4 3463360
2 3463424
5 3463488
2 3463552
8 3463616
10 3463680
4 3463744
6 3463808
5 3463872
8 3463936
0 3464000
6 3464064
8 3464128
1 3464192
10 3464256
7 3464320
9 3464384
2 3464448
2 3464512
10 3464576
4 3464640
1 3464704
10 3464768
9 3464832
9 3464896
7 3464960
9 3465024
7 3465088
0 3465152
3 3465216
1 3465280
0 3465344
8 3465408
0 3465472
8 3465536
3 3465600
4 3465664
8 3465728
0 3465792
9 3465856
8 3465920
5 3465984
4 3466048
4 3466112
8 3466176
7 3466240
8 3466304
9 3466368
0 3466432
4 3466496
8 3466560
3 3466624
3 3466688
4 3466752
6 3466816
5 3466880
8 3466944
6 3467008
7 3467072
10 3467136
2 3467200
6 3467264
0 3467328
2 3467392
1 3467456
3 3467520
1 3467584
10 3467648
8 3467712
0 3467776
6 3467840
6 3467904
6 3467968
4 3468032
0 3468096
5 3468160
10 3468224
9 3468288
9 3468352
7 3468416
10 3468480
10 3468544
4 3468608
3 3468672
10 3468736
0 3468800
8 3468864
7 3468928
8 3468992
0 3469056
3 3469120
7 3469184
8 3469248
2 3469312
10 3469376
5 3469440
3 3469504
7 3469568
1 3469632
2 3469696
6 3469760
8 3469824
8 3469888
7 3469952
0 3470016
4 3470080
1 3470144
5 3470208
5 3470272
7 3470336
8 3470400
10 3470464
1 3470528
3 3470592
10 3470656
7 3470720
3 3470784
1 3470848
4 3470912
2 3470976
1 3471040
7 3471104
10 3471168
5 3471232
6 3471296
2 3471360
4 3471424
7 3471488
9 3471552
9 3471616
4 3471680
4 3471744
3 3471808
3 3471872
1 3471936
7 3472000
8 3472064
2 3472128
7 3472192
3 3472256
0 3472320
5 3472384
10 3472448
9 3472512
7 3472576
6 3472640
6 3472704
2 3472768
0 3472832
8 3472896
4 3472960
0 3473024
7 3473088
8 3473152
4 3473216
6 3473280
4 3473344
0 3473408
1 3473472
5 3473536
7 3473600
7 3473664
4 3473728
6 3473792
6 3473856
2 3473920
1 3473984
9 3474048
9 3474112
7 3474176
8 3474240
10 3474304
5 3474368
6 3474432
5 3474496
10 3474560
2 3474624
5 3474688
5 3474752
10 3474816
4 3474880
2 3474944
4 3475008
5 3475072
8 3475136
6 3475200
6 3475264
7 3475328
2 3475392
9 3475456
2 3475520
9 3475584
9 3475648
0 3475712
7 3475776
2 3475840
2 3475904
6 3475968
7 3476032
9 3476096
4 3476160
0 3476224
6 3476288
10 3476352
0 3476416
1 3476480
5 3476544
4 3476608
1 3476672
3 3476736
8 3476800
2 3476864
7 3476928
3 3476992
8 3477056
6 3477120
10 3477184
8 3477248
8 3477312
3 3477376
3 3477440
9 3477504
2 3477568
3 3477632
8 3477696
10 3477760
9 3477824
8 3477888
6 3477952
2 3478016
2 3478080
5 3478144
10 3478208
4 3478272
6 3478336
10 3478400
8 3478464
6 3478528
2 3478592
9 3478656
6 3478720
6 3478784
1 3478848
0 3478912
3 3478976
5 3479040
6 3479104
5 3479168
7 3479232
4 3479296
10 3479360
8 3479424
0 3479488
8 3479552
4 3479616
3 3479680
7 3479744
10 3479808
1 3479872
4 3479936
9 3480000
2 3480064
6 3480128
2 3480192
7 3480256
3 3480320
10 3480384
5 3480448
0 3480512
10 3480576
6 3480640
0 3480704
0 3480768
1 3480832
2 3480896
6 3480960
6 3481024
4 3481088
6 3481152
10 3481216
0 3481280
9 3481344
6 3481408
1 3481472
4 3481536
9 3481600
0 3481664
9 3481728
1 3481792
0 3481856
0 3481920
9 3481984
1 3482048
6 3482112
6 3482176
5 3482240
10 3482304
9 3482368
5 3482432
4 3482496
5 3482560
4 3482624
3 3482688
0 3482752
0 3482816
1 3482880
7 3482944
8 3483008
4 3483072
6 3483136
2 3483200
10 3483264
7 3483328
4 3483392
10 3483456
2 3483520
0 3483584
10 3483648
5 3483712
2 3483776
2 3483840
5 3483904
10 3483968
10 3484032
8 3484096
9 3484160
8 3484224
7 3484288
10 3484352
3 3484416
0 3484480
7 3484544
3 3484608
2 3484672
1 3484736
6 3484800
6 3484864
5 3484928
6 3484992
9 3485056
1 3485120
0 3485184
7 3485248
0 3485312
10 3485376
8 3485440
10 3485504
10 3485568
6 3485632
1 3485696
1 3485760
7 3485824
1 3485888
3 3485952
10 3486016
4 3486080
0 3486144
10 3486208
2 3486272
5 3486336
0 3486400
0 3486464
6 3486528
4 3486592
2 3486656
2 3486720
7 3486784
6 3486848
4 3486912
3 3486976
4 3487040
9 3487104
10 3487168
4 3487232
10 3487296
6 3487360
5 3487424
2 3487488
6 3487552
10 3487616
10 3487680
5 3487744
0 3487808
5 3487872
3 3487936
4 3488000
7 3488064
7 3488128
10 3488192
4 3488256
1 3488320
1 3488384
6 3488448
0 3488512
2 3488576
8 3488640
5 3488704
9 3488768
5 3488832
3 3488896
8 3488960
8 3489024
7 3489088
5 3489152
5 3489216
9 3489280
10 3489344
8 3489408
7 3489472
5 3489536
9 3489600
2 3489664
0 3489728
4 3489792
1 3489856
10 3489920
5 3489984
5 3490048
2 3490112
8 3490176
2 3490240
3 3490304
0 3490368
1 3490432
6 3490496
4 3490560
3 3490624
0 3490688
10 3490752
3 3490816
10 3490880
2 3490944
9 3491008
7 3491072
7 3491136
4 3491200
4 3491264
10 3491328
4 3491392
3 3491456
3 3491520
2 3491584
9 3491648
4 3491712
5 3491776
10 3491840
7 3491904
8 3491968
6 3492032
7 3492096
10 3492160
4 3492224
0 3492288
4 3492352
7 3492416
7 3492480
2 3492544
4 3492608
10 3492672
10 3492736
6 3492800
4 3492864
9 3492928
7 3492992
2 3493056
8 3493120
3 3493184
10 3493248
4 3493312
1 3493376
9 3493440
0 3493504
6 3493568
7 3493632
10 3493696
10 3493760
1 3493824
0 3493888
0 3493952
9 3494016
9 3494080
7 3494144
8 3494208
4 3494272
4 3494336
2 3494400
9 3494464
8 3494528
2 3494592
9 3494656
9 3494720
3 3494784
1 3494848
6 3494912
10 3494976
4 3495040
2 3495104
1 3495168
2 3495232
8 3495296
2 3495360
6 3495424
5 3495488
8 3495552
5 3495616
9 3495680
7 3495744
0 3495808
2 3495872
4 3495936
8 3496000
9 3496064
1 3496128
0 3496192
5 3496256
10 3496320
5 3496384
7 3496448
9 3496512
9 3496576
9 3496640
1 3496704
5 3496768
8 3496832
4 3496896
3 3496960
4 3497024
10 3497088
5 3497152
6 3497216
5 3497280
1 3497344
10 3497408
2 3497472
3 3497536
4 3497600
3 3497664
4 3497728
4 3497792
0 3497856
7 3497920
0 3497984
8 3498048
0 3498112
6 3498176
10 3498240
3 3498304
1 3498368
3 3498432
9 3498496
5 3498560
9 3498624
10 3498688
4 3498752
3 3498816
5 3498880
7 3498944
8 3499008
10 3499072
4 3499136
5 3499200
9 3499264
0 3499328
7 3499392
3 3499456
1 3499520
2 3499584
8 3499648
2 3499712
1 3499776
10 3499840
1 3499904
1 3499968
2 3500032
6 3500096
4 3500160
10 3500224
2 3500288
1 3500352
10 3500416
8 3500480
1 3500544
5 3500608
4 3500672
4 3500736
7 3500800
8 3500864
8 3500928
9 3500992
3 3501056
7 3501120
10 3501184
7 3501248
0 3501312
7 3501376
0 3501440
5 3501504
0 3501568
7 3501632
0 3501696
9 3501760
5 3501824
10 3501888
0 3501952
10 3502016
6 3502080
2 3502144
6 3502208
10 3502272
3 3502336
2 3502400
7 3502464
6 3502528
2 3502592
4 3502656
10 3502720
3 3502784
2 3502848
6 3502912
5 3502976
7 3503040
2 3503104
0 3503168
7 3503232
9 3503296
8 3503360
0 3503424
4 3503488
7 3503552
0 3503616
7 3503680
8 3503744
9 3503808
10 3503872
3 3503936
7 3504000
9 3504064
8 3504128
7 3504192
7 3504256
10 3504320
5 3504384
2 3504448
10 3504512
3 3504576
9 3504640
9 3504704
9 3504768
6 3504832
3 3504896
6 3504960
9 3505024
1 3505088
8 3505152
4 3505216
5 3505280
4 3505344
4 3505408
1 3505472
10 3505536
9 3505600
8 3505664
10 3505728
3 3505792
8 3505856
5 3505920
7 3505984
9 3506048
2 3506112
8 3506176
2 3506240
6 3506304
2 3506368
9 3506432
0 3506496
1 3506560
6 3506624
5 3506688
1 3506752
5 3506816
9 3506880
9 3506944
5 3507008
2 3507072
7 3507136
4 3507200
7 3507264
8 3507328
7 3507392
1 3507456
5 3507520
10 3507584
5 3507648
3 3507712
3 3507776
3 3507840
1 3507904
10 3507968
7 3508032
9 3508096
3 3508160
1 3508224
10 3508288
3 3508352
10 3508416
4 3508480
7 3508544
5 3508608
6 3508672
1 3508736
9 3508800
6 3508864
1 3508928
7 3508992
6 3509056
5 3509120
10 3509184
0 3509248
2 3509312
1 3509376
0 3509440
0 3509504
0 3509568
2 3509632
7 3509696
8 3509760
6 3509824
4 3509888
10 3509952
9 3510016
9 3510080
5 3510144
8 3510208
10 3510272
7 3510336
0 3510400
0 3510464
5 3510528
1 3510592
10 3510656
2 3510720
5 3510784
3 3510848
8 3510912
10 3510976
0 3511040
10 3511104
6 3511168
3 3511232
1 3511296
9 3511360
0 3511424
5 3511488
3 3511552
7 3511616
6 3511680
9 3511744
3 3511808
2 3511872
8 3511936
7 3512000
10 3512064
9 3512128
10 3512192
2 3512256
7 3512320
4 3512384
10 3512448
6 3512512
2 3512576
2 3512640
6 3512704
8 3512768
10 3512832
9 3512896
7 3512960
5 3513024
3 3513088
1 3513152
1 3513216
5 3513280
2 3513344
10 3513408
4 3513472
3 3513536
8 3513600
7 3513664
2 3513728
10 3513792
0 3513856
7 3513920
5 3513984
7 3514048
9 3514112
3 3514176
1 3514240
4 3514304
10 3514368
4 3514432
4 3514496
10 3514560
9 3514624
4 3514688
1 3514752
9 3514816
9 3514880
6 3514944
10 3515008
4 3515072
5 3515136
10 3515200
9 3515264
10 3515328
6 3515392
2 3515456
10 3515520
4 3515584
10 3515648
3 3515712
8 3515776
4 3515840
0 3515904
9 3515968
2 3516032
7 3516096
7 3516160
10 3516224
1 3516288
5 3516352
7 3516416
3 3516480
10 3516544
10 3516608
6 3516672
8 3516736
5 3516800
0 3516864
10 3516928
7 3516992
0 3517056
5 3517120
10 3517184
1 3517248
8 3517312
2 3517376
5 3517440
1 3517504
10 3517568
1 3517632
0 3517696
3 3517760
1 3517824
10 3517888
8 3517952
6 3518016
7 3518080
2 3518144
0 3518208
7 3518272
5 3518336
9 3518400
1 3518464
4 3518528
4 3518592
5 3518656
6 3518720
6 3518784
1 3518848
9 3518912
6 3518976
6 3519040
7 3519104
10 3519168
6 3519232
0 3519296
1 3519360
5 3519424
0 3519488
4 3519552
3 3519616
4 3519680
0 3519744
1 3519808
0 3519872
2 3519936
6 3520000
10 3520064
5 3520128
5 3520192
7 3520256
6 3520320
4 3520384
7 3520448
5 3520512
6 3520576
10 3520640
6 3520704
5 3520768
7 3520832
3 3520896
2 3520960
9 3521024
10 3521088
7 3521152
7 3521216
4 3521280
1 3521344
0 3521408
5 3521472
0 3521536
6 3521600
8 3521664
5 3521728
9 3521792
0 3521856
2 3521920
3 3521984
3 3522048
0 3522112
9 3522176
4 3522240
6 3522304
2 3522368
1 3522432
4 3522496
7 3522560
10 3522624
0 3522688
6 3522752
1 3522816
6 3522880
5 3522944
3 3523008
7 3523072
3 3523136
0 3523200
5 3523264
3 3523328
4 3523392
2 3523456
8 3523520
9 3523584
0 3523648
7 3523712
8 3523776
1 3523840
10 3523904
6 3523968
2 3524032
9 3524096
3 3524160
0 3524224
9 3524288
10 3524352
6 3524416
1 3524480
5 3524544
0 3524608
7 3524672
1 3524736
0 3524800
6 3524864
6 3524928
1 3524992
6 3525056
9 3525120
0 3525184
3 3525248
6 3525312
7 3525376
0 3525440
5 3525504
9 3525568
0 3525632
4 3525696
1 3525760
1 3525824
7 3525888
10 3525952
9 3526016
10 3526080
10 3526144
7 3526208
7 3526272
9 3526336
6 3526400
10 3526464
3 3526528
1 3526592
9 3526656
9 3526720
4 3526784
6 3526848
7 3526912
0 3526976
9 3527040
9 3527104
6 3527168
10 3527232
0 3527296
8 3527360
7 3527424
4 3527488
9 3527552
6 3527616
1 3527680
2 3527744
2 3527808
9 3527872
8 3527936
3 3528000
0 3528064
8 3528128
10 3528192
7 3528256
8 3528320
8 3528384
4 3528448
7 3528512
7 3528576
9 3528640
8 3528704
8 3528768
8 3528832
2 3528896
4 3528960
3 3529024
7 3529088
5 3529152
9 3529216
6 3529280
8 3529344
6 3529408
8 3529472
10 3529536
6 3529600
2 3529664
7 3529728
4 3529792
8 3529856
2 3529920
3 3529984
0 3530048
0 3530112
9 3530176
7 3530240
1 3530304
5 3530368
4 3530432
7 3530496
5 3530560
9 3530624
5 3530688
0 3530752
1 3530816
3 3530880
3 3530944
6 3531008
7 3531072
2 3531136
10 3531200
1 3531264
1 3531328
5 3531392
6 3531456
7 3531520
8 3531584
1 3531648
4 3531712
0 3531776
8 3531840
2 3531904
8 3531968
2 3532032
4 3532096
6 3532160
4 3532224
9 3532288
10 3532352
1 3532416
10 3532480
3 3532544
7 3532608
1 3532672
6 3532736
5 3532800
0 3532864
9 3532928
4 3532992
10 3533056
10 3533120
2 3533184
10 3533248
3 3533312
10 3533376
1 3533440
5 3533504
9 3533568
6 3533632
10 3533696
3 3533760
7 3533824
8 3533888
1 3533952
3 3534016
1 3534080
10 3534144
9 3534208
1 3534272
5 3534336
1 3534400
8 3534464
1 3534528
3 3534592
6 3534656
9 3534720
0 3534784
0 3534848
4 3534912
7 3534976
9 3535040
0 3535104
4 3535168
6 3535232
4 3535296
4 3535360
9 3535424
4 3535488
0 3535552
5 3535616
10 3535680
8 3535744
1 3535808
5 3535872
1 3535936
9 3536000
3 3536064
9 3536128
4 3536192
2 3536256
7 3536320
8 3536384
9 3536448
1 3536512
10 3536576
1 3536640
9 3536704
10 3536768
2 3536832
6 3536896
8 3536960
9 3537024
0 3537088
0 3537152
9 3537216
8 3537280
6 3537344
10 3537408
0 3537472
10 3537536
6 3537600
8 3537664
1 3537728
4 3537792
4 3537856
1 3537920
6 3537984
10 3538048
6 3538112
6 3538176
1 3538240
1 3538304
7 3538368
7 3538432
10 3538496
2 3538560
9 3538624
4 3538688
2 3538752
0 3538816
6 3538880
7 3538944
0 3539008
8 3539072
0 3539136
5 3539200
8 3539264
5 3539328
8 3539392
2 3539456
4 3539520
10 3539584
0 3539648
4 3539712
9 3539776
10 3539840
7 3539904
7 3539968
10 3540032
9 3540096
5 3540160
7 3540224
2 3540288
4 3540352
0 3540416
0 3540480
3 3540544
0 3540608
3 3540672
1 3540736
5 3540800
1 3540864
8 3540928
6 3540992
1 3541056
7 3541120
5 3541184
9 3541248
8 3541312
9 3541376
6 3541440
2 3541504
2 3541568
10 3541632
4 3541696
9 3541760
4 3541824
10 3541888
7 3541952
6 3542016
4 3542080
10 3542144
1 3542208
9 3542272
4 3542336
9 3542400
5 3542464
8 3542528
3 3542592
2 3542656
5 3542720
1 3542784
9 3542848
9 3542912
0 3542976
1 3543040
0 3543104
2 3543168
6 3543232
3 3543296
3 3543360
4 3543424
9 3543488
2 3543552
2 3543616
7 3543680
7 3543744
7 3543808
0 3543872
8 3543936
5 3544000
9 3544064
4 3544128
10 3544192
2 3544256
6 3544320
8 3544384
2 3544448
3 3544512
9 3544576
10 3544640
5 3544704
5 3544768
4 3544832
3 3544896
4 3544960
4 3545024
8 3545088
2 3545152
1 3545216
3 3545280
8 3545344
10 3545408
0 3545472
1 3545536
1 3545600
5 3545664
10 3545728
5 3545792
7 3545856
6 3545920
9 3545984
4 3546048
1 3546112
10 3546176
5 3546240
1 3546304
3 3546368
9 3546432
8 3546496
5 3546560
5 3546624
3 3546688
2 3546752
3 3546816
7 3546880
5 3546944
0 3547008
8 3547072
3 3547136
9 3547200
7 3547264
3 3547328
1 3547392
7 3547456
5 3547520
2 3547584
5 3547648
2 3547712
10 3547776
3 3547840
2 3547904
4 3547968
3 3548032
4 3548096
2 3548160
1 3548224
3 3548288
9 3548352
5 3548416
7 3548480
9 3548544
6 3548608
5 3548672
6 3548736
2 3548800
8 3548864
0 3548928
7 3548992
3 3549056
3 3549120
5 3549184
0 3549248
0 3549312
6 3549376
4 3549440
5 3549504
5 3549568
8 3549632
0 3549696
4 3549760
8 3549824
2 3549888
9 3549952
4 3550016
0 3550080
7 3550144
10 3550208
8 3550272
2 3550336
8 3550400
6 3550464
2 3550528
5 3550592
5 3550656
8 3550720
7 3550784
2 3550848
9 3550912
3 3550976
7 3551040
0 3551104
6 3551168
2 3551232
10 3551296
10 3551360
5 3551424
8 3551488
7 3551552
3 3551616
6 3551680
0 3551744
8 3551808
0 3551872
5 3551936
5 3552000
8 3552064
2 3552128
10 3552192
2 3552256
6 3552320
2 3552384
3 3552448
10 3552512
1 3552576
6 3552640
7 3552704
5 3552768
0 3552832
1 3552896
1 3552960
5 3553024
3 3553088
2 3553152
10 3553216
7 3553280
0 3553344
3 3553408
4 3553472
1 3553536
4 3553600
7 3553664
7 3553728
5 3553792
6 3553856
8 3553920
8 3553984
10 3554048
6 3554112
3 3554176
7 3554240
1 3554304
3 3554368
7 3554432
9 3554496
9 3554560
8 3554624
7 3554688
0 3554752
8 3554816
0 3554880
5 3554944
3 3555008
8 3555072
2 3555136
8 3555200
9 3555264
8 3555328
1 3555392
2 3555456
2 3555520
10 3555584
3 3555648
10 3555712
9 3555776
6 3555840
5 3555904
7 3555968
5 3556032
3 3556096
10 3556160
7 3556224
6 3556288
4 3556352
4 3556416
5 3556480
1 3556544
2 3556608
10 3556672
5 3556736
6 3556800
2 3556864
2 3556928
2 3556992
0 3557056
8 3557120
10 3557184
3 3557248
4 3557312
6 3557376
4 3557440
10 3557504
4 3557568
2 3557632
9 3557696
9 3557760
10 3557824
6 3557888
1 3557952
3 3558016
8 3558080
0 3558144
7 3558208
1 3558272
8 3558336
10 3558400
6 3558464
0 3558528
6 3558592
9 3558656
9 3558720
10 3558784
3 3558848
9 3558912
9 3558976
4 3559040
5 3559104
1 3559168
0 3559232
6 3559296
10 3559360
8 3559424
3 3559488
8 3559552
2 3559616
9 3559680
2 3559744
1 3559808
6 3559872
2 3559936
9 3560000
8 3560064
6 3560128
0 3560192
4 3560256
2 3560320
7 3560384
8 3560448
5 3560512
7 3560576
1 3560640
0 3560704
3 3560768
6 3560832
10 3560896
3 3560960
10 3561024
0 3561088
5 3561152
6 3561216
9 3561280
5 3561344
10 3561408
10 3561472
6 3561536
2 3561600
5 3561664
10 3561728
0 3561792
10 3561856
9 3561920
6 3561984
9 3562048
4 3562112
1 3562176
2 3562240
3 3562304
5 3562368
2 3562432
8 3562496
8 3562560
8 3562624
9 3562688
9 3562752
10 3562816
0 3562880
10 3562944
8 3563008
8 3563072
8 3563136
6 3563200
0 3563264
8 3563328
1 3563392
1 3563456
0 3563520
7 3563584
1 3563648
4 3563712
9 3563776
2 3563840
3 3563904
6 3563968
0 3564032
3 3564096
6 3564160
8 3564224
0 3564288
8 3564352
10 3564416
5 3564480
8 3564544
10 3564608
8 3564672
4 3564736
4 3564800
4 3564864
3 3564928
7 3564992
2 3565056
1 3565120
3 3565184
2 3565248
6 3565312
7 3565376
7 3565440
6 3565504
3 3565568
8 3565632
3 3565696
1 3565760
9 3565824
1 3565888
10 3565952
8 3566016
0 3566080
4 3566144
3 3566208
8 3566272
4 3566336
3 3566400
0 3566464
9 3566528
7 3566592
9 3566656
7 3566720
5 3566784
6 3566848
8 3566912
4 3566976
2 3567040
1 3567104
8 3567168
1 3567232
8 3567296
0 3567360
1 3567424
8 3567488
7 3567552
4 3567616
7 3567680
2 3567744
9 3567808
1 3567872
3 3567936
1 3568000
1 3568064
2 3568128
6 3568192
5 3568256
9 3568320
7 3568384
4 3568448
6 3568512
0 3568576
3 3568640
0 3568704
2 3568768
10 3568832
3 3568896
1 3568960
2 3569024
1 3569088
7 3569152
8 3569216
1 3569280
7 3569344
0 3569408
4 3569472
2 3569536
3 3569600
2 3569664
7 3569728
5 3569792
8 3569856
8 3569920
8 3569984
1 3570048
1 3570112
8 3570176
5 3570240
9 3570304
2 3570368
0 3570432
6 3570496
3 3570560
0 3570624
4 3570688
1 3570752
6 3570816
5 3570880
2 3570944
7 3571008
2 3571072
6 3571136
1 3571200
8 3571264
9 3571328
1 3571392
0 3571456
9 3571520
5 3571584
3 3571648
1 3571712
0 3571776
0 3571840
1 3571904
7 3571968
9 3572032
10 3572096
2 3572160
5 3572224
1 3572288
3 3572352
6 3572416
10 3572480
2 3572544
2 3572608
3 3572672
8 3572736
10 3572800
0 3572864
1 3572928
3 3572992
10 3573056
7 3573120
0 3573184
2 3573248
0 3573312
9 3573376
10 3573440
8 3573504
1 3573568
9 3573632
4 3573696
0 3573760
1 3573824
4 3573888
6 3573952
9 3574016
6 3574080
1 3574144
3 3574208
6 3574272
0 3574336
7 3574400
7 3574464
2 3574528
7 3574592
2 3574656
0 3574720
10 3574784
4 3574848
5 3574912
0 3574976
9 3575040
8 3575104
0 3575168
6 3575232
3 3575296
10 3575360
5 3575424
3 3575488
3 3575552
3 3575616
5 3575680
0 3575744
1 3575808
6 3575872
2 3575936
6 3576000
2 3576064
5 3576128
1 3576192
0 3576256
4 3576320
9 3576384
4 3576448
6 3576512
1 3576576
7 3576640
3 3576704
0 3576768
5 3576832
10 3576896
1 3576960
5 3577024
1 3577088
3 3577152
3 3577216
10 3577280
2 3577344
0 3577408
9 3577472
6 3577536
7 3577600
3 3577664
0 3577728
9 3577792
2 3577856
4 3577920
0 3577984
7 3578048
4 3578112
1 3578176
10 3578240
3 3578304
5 3578368
9 3578432
10 3578496
10 3578560
6 3578624
6 3578688
5 3578752
3 3578816
3 3578880
9 3578944
0 3579008
3 3579072
6 3579136
3 3579200
10 3579264
8 3579328
5 3579392
7 3579456
4 3579520
3 3579584
3 3579648
9 3579712
1 3579776
9 3579840
5 3579904
8 3579968
0 3580032
0 3580096
0 3580160
8 3580224
4 3580288
1 3580352
6 3580416
2 3580480
10 3580544
6 3580608
7 3580672
5 3580736
0 3580800
1 3580864
4 3580928
6 3580992
8 3581056
3 3581120
10 3581184
1 3581248
4 3581312
6 3581376
5 3581440
0 3581504
0 3581568
3 3581632
9 3581696
4 3581760
10 3581824
5 3581888
5 3581952
8 3582016
10 3582080
4 3582144
6 3582208
4 3582272
10 3582336
2 3582400
0 3582464
1 3582528
8 3582592
1 3582656
10 3582720
9 3582784
0 3582848
2 3582912
3 3582976
2 3583040
0 3583104
1 3583168
6 3583232
5 3583296
1 3583360
9 3583424
8 3583488
8 3583552
9 3583616
0 3583680
6 3583744
0 3583808
9 3583872
1 3583936
7 3584000
5 3584064
0 3584128
7 3584192
5 3584256
1 3584320
9 3584384
2 3584448
6 3584512
7 3584576
7 3584640
10 3584704
5 3584768
0 3584832
4 3584896
6 3584960
1 3585024
6 3585088
10 3585152
2 3585216
10 3585280
2 3585344
10 3585408
10 3585472
8 3585536
10 3585600
4 3585664
3 3585728
9 3585792
10 3585856
6 3585920
5 3585984
6 3586048
8 3586112
10 3586176
8 3586240
10 3586304
7 3586368
2 3586432
0 3586496
2 3586560
0 3586624
4 3586688
8 3586752
7 3586816
1 3586880
0 3586944
3 3587008
6 3587072
10 3587136
5 3587200
3 3587264
4 3587328
7 3587392
6 3587456
4 3587520
1 3587584
4 3587648
4 3587712
2 3587776
7 3587840
1 3587904
10 3587968
9 3588032
7 3588096
4 3588160
5 3588224
3 3588288
1 3588352
4 3588416
5 3588480
9 3588544
5 3588608
5 3588672
0 3588736
8 3588800
0 3588864
0 3588928
2 3588992
10 3589056
9 3589120
0 3589184
6 3589248
9 3589312
5 3589376
4 3589440
7 3589504
3 3589568
5 3589632
6 3589696
4 3589760
2 3589824
7 3589888
2 3589952
9 3590016
4 3590080
3 3590144
6 3590208
10 3590272
1 3590336
0 3590400
9 3590464
0 3590528
9 3590592
8 3590656
2 3590720
4 3590784
5 3590848
0 3590912
10 3590976
8 3591040
1 3591104
4 3591168
6 3591232
10 3591296
4 3591360
7 3591424
0 3591488
2 3591552
3 3591616
6 3591680
0 3591744
7 3591808
4 3591872
1 3591936
7 3592000
0 3592064
6 3592128
0 3592192
2 3592256
2 3592320
5 3592384
2 3592448
5 3592512
5 3592576
3 3592640
10 3592704
10 3592768
1 3592832
3 3592896
4 3592960
1 3593024
7 3593088
6 3593152
2 3593216
2 3593280
8 3593344
0 3593408
9 3593472
5 3593536
4 3593600
1 3593664
7 3593728
5 3593792
4 3593856
10 3593920
0 3593984
1 3594048
6 3594112
3 3594176
7 3594240
9 3594304
0 3594368
5 3594432
8 3594496
4 3594560
8 3594624
2 3594688
8 3594752
1 3594816
7 3594880
3 3594944
9 3595008
3 3595072
3 3595136
9 3595200
6 3595264
9 3595328
10 3595392
1 3595456
0 3595520
8 3595584
2 3595648
9 3595712
6 3595776
10 3595840
10 3595904
5 3595968
6 3596032
1 3596096
2 3596160
0 3596224
6 3596288
4 3596352
6 3596416
4 3596480
6 3596544
7 3596608
6 3596672
4 3596736
7 3596800
8 3596864
5 3596928
6 3596992
2 3597056
5 3597120
0 3597184
8 3597248
4 3597312
5 3597376
0 3597440
10 3597504
1 3597568
10 3597632
4 3597696
3 3597760
9 3597824
9 3597888
9 3597952
2 3598016
5 3598080
7 3598144
0 3598208
9 3598272
9 3598336
2 3598400
8 3598464
6 3598528
1 3598592
0 3598656
2 3598720
8 3598784
5 3598848
10 3598912
5 3598976
1 3599040
4 3599104
3 3599168
8 3599232
10 3599296
2 3599360
5 3599424
10 3599488
5 3599552
2 3599616
0 3599680
3 3599744
2 3599808
10 3599872
8 3599936
6 3600000
5 3600064
9 3600128
1 3600192
8 3600256
1 3600320
9 3600384
8 3600448
0 3600512
5 3600576
2 3600640
8 3600704
3 3600768
9 3600832
0 3600896
5 3600960
3 3601024
0 3601088
6 3601152
7 3601216
3 3601280
0 3601344
10 3601408
8 3601472
3 3601536
0 3601600
3 3601664
8 3601728
8 3601792
4 3601856
0 3601920
1 3601984
6 3602048
10 3602112
7 3602176
7 3602240
6 3602304
9 3602368
2 3602432
1 3602496
9 3602560
10 3602624
1 3602688
0 3602752
5 3602816
0 3602880
7 3602944
1 3603008
9 3603072
7 3603136
0 3603200
9 3603264
5 3603328
7 3603392
4 3603456
4 3603520
5 3603584
4 3603648
0 3603712
6 3603776
9 3603840
1 3603904
4 3603968
3 3604032
8 3604096
7 3604160
6 3604224
7 3604288
3 3604352
8 3604416
10 3604480
4 3604544
3 3604608
1 3604672
10 3604736
5 3604800
5 3604864
6 3604928
7 3604992
6 3605056
9 3605120
5 3605184
9 3605248
7 3605312
9 3605376
2 3605440
9 3605504
6 3605568
2 3605632
6 3605696
3 3605760
2 3605824
7 3605888
3 3605952
2 3606016
4 3606080
3 3606144
7 3606208
0 3606272
3 3606336
10 3606400
10 3606464
9 3606528
1 3606592
9 3606656
10 3606720
0 3606784
5 3606848
6 3606912
6 3606976
5 3607040
10 3607104
1 3607168
4 3607232
1 3607296
10 3607360
3 3607424
4 3607488
3 3607552
0 3607616
7 3607680
6 3607744
8 3607808
10 3607872
3 3607936
2 3608000
9 3608064
8 3608128
7 3608192
6 3608256
8 3608320
1 3608384
10 3608448
10 3608512
6 3608576
0 3608640
5 3608704
10 3608768
1 3608832
9 3608896
1 3608960
7 3609024
0 3609088
2 3609152
10 3609216
4 3609280
2 3609344
3 3609408
6 3609472
3 3609536
7 3609600
4 3609664
10 3609728
3 3609792
7 3609856
3 3609920
8 3609984
0 3610048
1 3610112
3 3610176
1 3610240
8 3610304
4 3610368
3 3610432
4 3610496
1 3610560
3 3610624
5 3610688
10 3610752
7 3610816
1 3610880
6 3610944
8 3611008
2 3611072
6 3611136
1 3611200
1 3611264
1 3611328
4 3611392
7 3611456
6 3611520
2 3611584
0 3611648
7 3611712
3 3611776
4 3611840
7 3611904
8 3611968
7 3612032
3 3612096
5 3612160
4 3612224
1 3612288
4 3612352
5 3612416
5 3612480
6 3612544
4 3612608
7 3612672
3 3612736
1 3612800
10 3612864
1 3612928
6 3612992
8 3613056
8 3613120
5 3613184
9 3613248
2 3613312
6 3613376
6 3613440
3 3613504
7 3613568
10 3613632
0 3613696
0 3613760
8 3613824
10 3613888
8 3613952
9 3614016
4 3614080
3 3614144
8 3614208
3 3614272
0 3614336
1 3614400
4 3614464
8 3614528
10 3614592
5 3614656
7 3614720
8 3614784
1 3614848
6 3614912
5 3614976
6 3615040
0 3615104
8 3615168
8 3615232
0 3615296
10 3615360
4 3615424
1 3615488
8 3615552
10 3615616
9 3615680
0 3615744
10 3615808
2 3615872
4 3615936
4 3616000
6 3616064
2 3616128
8 3616192
8 3616256
2 3616320
6 3616384
1 3616448
7 3616512
3 3616576
4 3616640
6 3616704
0 3616768
8 3616832
7 3616896
3 3616960
6 3617024
3 3617088
1 3617152
4 3617216
9 3617280
3 3617344
1 3617408
8 3617472
1 3617536
3 3617600
7 3617664
2 3617728
2 3617792
9 3617856
3 3617920
8 3617984
0 3618048
4 3618112
5 3618176
0 3618240
10 3618304
3 3618368
0 3618432
10 3618496
8 3618560
3 3618624
4 3618688
9 3618752
1 3618816
10 3618880
1 3618944
6 3619008
4 3619072
7 3619136
6 3619200
4 3619264
9 3619328
2 3619392
7 3619456
3 3619520
8 3619584
6 3619648
8 3619712
1 3619776
3 3619840
3 3619904
7 3619968
10 3620032
2 3620096
2 3620160
10 3620224
7 3620288
8 3620352
1 3620416
8 3620480
1 3620544
5 3620608
5 3620672
3 3620736
10 3620800
9 3620864
2 3620928
5 3620992
8 3621056
8 3621120
3 3621184
0 3621248
2 3621312
1 3621376
3 3621440
6 3621504
7 3621568
1 3621632
6 3621696
0 3621760
10 3621824
3 3621888
3 3621952
8 3622016
4 3622080
1 3622144
7 3622208
8 3622272
7 3622336
6 3622400
0 3622464
2 3622528
8 3622592
7 3622656
4 3622720
9 3622784
0 3622848
7 3622912
2 3622976
6 3623040
10 3623104
4 3623168
8 3623232
8 3623296
1 3623360
0 3623424
5 3623488
0 3623552
3 3623616
9 3623680
1 3623744
6 3623808
7 3623872
8 3623936
1 3624000
2 3624064
8 3624128
8 3624192
10 3624256
3 3624320
7 3624384
9 3624448
10 3624512
3 3624576
9 3624640
10 3624704
8 3624768
5 3624832
10 3624896
9 3624960
3 3625024
0 3625088
8 3625152
2 3625216
2 3625280
7 3625344
10 3625408
8 3625472
1 3625536
4 3625600
6 3625664
9 3625728
5 3625792
3 3625856
9 3625920
5 3625984
3 3626048
6 3626112
9 3626176
8 3626240
2 3626304
3 3626368
2 3626432
0 3626496
7 3626560
2 3626624
10 3626688
4 3626752
8 3626816
6 3626880
1 3626944
10 3627008
1 3627072
5 3627136
6 3627200
10 3627264
2 3627328
3 3627392
0 3627456
6 3627520
7 3627584
8 3627648
0 3627712
1 3627776
10 3627840
9 3627904
4 3627968
6 3628032
7 3628096
0 3628160
1 3628224
4 3628288
1 3628352
2 3628416
8 3628480
0 3628544
4 3628608
4 3628672
7 3628736
1 3628800
2 3628864
0 3628928
8 3628992
3 3629056
6 3629120
2 3629184
4 3629248
8 3629312
7 3629376
4 3629440
8 3629504
5 3629568
6 3629632
2 3629696
3 3629760
7 3629824
8 3629888
10 3629952
8 3630016
6 3630080
1 3630144
7 3630208
3 3630272
2 3630336
7 3630400
7 3630464
6 3630528
0 3630592
6 3630656
3 3630720
9 3630784
10 3630848
10 3630912
5 3630976
10 3631040
1 3631104
3 3631168
6 3631232
8 3631296
9 3631360
9 3631424
0 3631488
6 3631552
5 3631616
7 3631680
4 3631744
1 3631808
6 3631872
9 3631936
8 3632000
4 3632064
10 3632128
3 3632192
6 3632256
6 3632320
3 3632384
10 3632448
3 3632512
7 3632576
5 3632640
6 3632704
1 3632768
8 3632832
4 3632896
5 3632960
3 3633024
5 3633088
7 3633152
7 3633216
7 3633280
7 3633344
8 3633408
5 3633472
9 3633536
2 3633600
9 3633664
4 3633728
5 3633792
8 3633856
3 3633920
6 3633984
1 3634048
8 3634112
10 3634176
8 3634240
3 3634304
7 3634368
4 3634432
4 3634496
8 3634560
9 3634624
2 3634688
3 3634752
9 3634816
6 3634880
0 3634944
4 3635008
2 3635072
4 3635136
4 3635200
5 3635264
0 3635328
2 3635392
5 3635456
6 3635520
7 3635584
10 3635648
0 3635712
2 3635776
1 3635840
7 3635904
8 3635968
2 3636032
9 3636096
5 3636160
9 3636224
8 3636288
8 3636352
1 3636416
6 3636480
1 3636544
0 3636608
3 3636672
7 3636736
6 3636800
3 3636864
2 3636928
9 3636992
4 3637056
0 3637120
3 3637184
8 3637248
0 3637312
4 3637376
3 3637440
7 3637504
4 3637568
1 3637632
10 3637696
2 3637760
6 3637824
9 3637888
8 3637952
0 3638016
8 3638080
6 3638144
5 3638208
5 3638272
1 3638336
0 3638400
8 3638464
6 3638528
1 3638592
9 3638656
9 3638720
7 3638784
0 3638848
7 3638912
8 3638976
3 3639040
9 3639104
3 3639168
10 3639232
1 3639296
3 3639360
2 3639424
9 3639488
4 3639552
0 3639616
2 3639680
10 3639744
7 3639808
5 3639872
9 3639936
4 3640000
2 3640064
5 3640128
0 3640192
1 3640256
6 3640320
5 3640384
7 3640448
5 3640512
5 3640576
5 3640640
7 3640704
4 3640768
8 3640832
6 3640896
3 3640960
10 3641024
2 3641088
8 3641152
1 3641216
0 3641280
10 3641344
10 3641408
7 3641472
10 3641536
0 3641600
5 3641664
6 3641728
0 3641792
5 3641856
5 3641920
7 3641984
3 3642048
8 3642112
10 3642176
4 3642240
1 3642304
0 3642368
9 3642432
6 3642496
0 3642560
0 3642624
6 3642688
6 3642752
1 3642816
6 3642880
10 3642944
1 3643008
10 3643072
5 3643136
3 3643200
1 3643264
7 3643328
6 3643392
6 3643456
0 3643520
2 3643584
4 3643648
4 3643712
5 3643776
6 3643840
9 3643904
7 3643968
9 3644032
1 3644096
8 3644160
1 3644224
4 3644288
3 3644352
3 3644416
6 3644480
9 3644544
7 3644608
5 3644672
7 3644736
5 3644800
5 3644864
4 3644928
6 3644992
0 3645056
6 3645120
8 3645184
3 3645248
4 3645312
2 3645376
6 3645440
0 3645504
5 3645568
3 3645632
3 3645696
8 3645760
8 3645824
2 3645888
10 3645952
4 3646016
9 3646080
9 3646144
6 3646208
9 3646272
6 3646336
6 3646400
0 3646464
8 3646528
10 3646592
1 3646656
8 3646720
7 3646784
5 3646848
8 3646912
8 3646976
0 3647040
4 3647104
1 3647168
4 3647232
10 3647296
0 3647360
3 3647424
6 3647488
3 3647552
4 3647616
8 3647680
7 3647744
4 3647808
5 3647872
1 3647936
2 3648000
6 3648064
1 3648128
9 3648192
3 3648256
7 3648320
9 3648384
0 3648448
2 3648512
2 3648576
10 3648640
9 3648704
3 3648768
0 3648832
9 3648896
10 3648960
4 3649024
4 3649088
3 3649152
1 3649216
10 3649280
2 3649344
1 3649408
3 3649472
4 3649536
5 3649600
5 3649664
7 3649728
9 3649792
9 3649856
9 3649920
0 3649984
0 3650048
7 3650112
2 3650176
5 3650240
6 3650304
6 3650368
8 3650432
7 3650496
2 3650560
3 3650624
0 3650688
6 3650752
10 3650816
3 3650880
6 3650944
5 3651008
7 3651072
8 3651136
3 3651200
7 3651264
1 3651328
10 3651392
10 3651456
5 3651520
1 3651584
0 3651648
4 3651712
1 3651776
3 3651840
6 3651904
7 3651968
7 3652032
7 3652096
6 3652160
7 3652224
9 3652288
5 3652352
9 3652416
10 3652480
10 3652544
3 3652608
2 3652672
2 3652736
4 3652800
9 3652864
6 3652928
7 3652992
3 3653056
7 3653120
1 3653184
9 3653248
6 3653312
7 3653376
5 3653440
5 3653504
7 3653568
9 3653632
1 3653696
2 3653760
0 3653824
9 3653888
4 3653952
5 3654016
4 3654080
10 3654144
0 3654208
2 3654272
8 3654336
9 3654400
4 3654464
4 3654528
3 3654592
8 3654656
8 3654720
2 3654784
6 3654848
9 3654912
7 3654976
6 3655040
9 3655104
4 3655168
1 3655232
3 3655296
10 3655360
6 3655424
6 3655488
7 3655552
4 3655616
8 3655680
8 3655744
6 3655808
8 3655872
9 3655936
9 3656000
6 3656064
9 3656128
0 3656192
8 3656256
7 3656320
8 3656384
6 3656448
3 3656512
9 3656576
1 3656640
4 3656704
1 3656768
8 3656832
3 3656896
5 3656960
9 3657024
0 3657088
9 3657152
4 3657216
9 3657280
0 3657344
10 3657408
4 3657472
4 3657536
4 3657600
7 3657664
4 3657728
2 3657792
7 3657856
0 3657920
7 3657984
2 3658048
5 3658112
4 3658176
4 3658240
5 3658304
2 3658368
7 3658432
8 3658496
6 3658560
1 3658624
0 3658688
9 3658752
5 3658816
4 3658880
7 3658944
10 3659008
2 3659072
8 3659136
7 3659200
4 3659264
0 3659328
7 3659392
5 3659456
1 3659520
9 3659584
3 3659648
9 3659712
1 3659776
4 3659840
6 3659904
0 3659968
3 3660032
7 3660096
8 3660160
2 3660224
8 3660288
0 3660352
3 3660416
5 3660480
6 3660544
8 3660608
9 3660672
9 3660736
1 3660800
10 3660864
0 3660928
8 3660992
10 3661056
10 3661120
5 3661184
8 3661248
7 3661312
7 3661376
7 3661440
0 3661504
7 3661568
5 3661632
0 3661696
1 3661760
3 3661824
9 3661888
10 3661952
10 3662016
9 3662080
3 3662144
9 3662208
10 3662272
2 3662336
5 3662400
6 3662464
7 3662528
9 3662592
7 3662656
4 3662720
10 3662784
6 3662848
3 3662912
1 3662976
7 3663040
7 3663104
1 3663168
8 3663232
6 3663296
2 3663360
6 3663424
6 3663488
7 3663552
8 3663616
6 3663680
1 3663744
6 3663808
3 3663872
3 3663936
8 3664000
6 3664064
3 3664128
8 3664192
1 3664256
3 3664320
0 3664384
3 3664448
2 3664512
6 3664576
2 3664640
4 3664704
10 3664768
9 3664832
8 3664896
6 3664960
4 3665024
0 3665088
9 3665152
4 3665216
6 3665280
6 3665344
5 3665408
4 3665472
9 3665536
7 3665600
7 3665664
0 3665728
5 3665792
3 3665856
6 3665920
4 3665984
4 3666048
3 3666112
4 3666176
9 3666240
10 3666304
5 3666368
4 3666432
1 3666496
2 3666560
1 3666624
10 3666688
7 3666752
6 3666816
2 3666880
0 3666944
8 3667008
10 3667072
0 3667136
1 3667200
2 3667264
8 3667328
9 3667392
3 3667456
4 3667520
8 3667584
2 3667648
8 3667712
0 3667776
0 3667840
10 3667904
9 3667968
2 3668032
0 3668096
5 3668160
3 3668224
6 3668288
5 3668352
0 3668416
4 3668480
10 3668544
5 3668608
6 3668672
8 3668736
6 3668800
9 3668864
6 3668928
9 3668992
0 3669056
0 3669120
1 3669184
9 3669248
2 3669312
3 3669376
3 3669440
1 3669504
5 3669568
2 3669632
4 3669696
0 3669760
4 3669824
1 3669888
5 3669952
10 3670016
7 3670080
5 3670144
8 3670208
4 3670272
2 3670336
7 3670400
6 3670464
8 3670528
6 3670592
1 3670656
10 3670720
2 3670784
7 3670848
7 3670912
9 3670976
3 3671040
3 3671104
3 3671168
3 3671232
5 3671296
6 3671360
9 3671424
4 3671488
2 3671552
0 3671616
1 3671680
8 3671744
4 3671808
4 3671872
5 3671936
7 3672000
6 3672064
6 3672128
1 3672192
6 3672256
10 3672320
2 3672384
9 3672448
5 3672512
0 3672576
6 3672640
4 3672704
1 3672768
0 3672832
3 3672896
1 3672960
8 3673024
4 3673088
1 3673152
10 3673216
10 3673280
7 3673344
3 3673408
10 3673472
2 3673536
10 3673600
6 3673664
5 3673728
2 3673792
3 3673856
4 3673920
10 3673984
6 3674048
5 3674112
5 3674176
4 3674240
6 3674304
1 3674368
2 3674432
10 3674496
0 3674560
3 3674624
8 3674688
4 3674752
6 3674816
7 3674880
10 3674944
2 3675008
6 3675072
4 3675136
4 3675200
10 3675264
0 3675328
1 3675392
9 3675456
8 3675520
9 3675584
2 3675648
8 3675712
9 3675776
1 3675840
4 3675904
10 3675968
3 3676032
5 3676096
3 3676160
5 3676224
10 3676288
4 3676352
2 3676416
5 3676480
10 3676544
6 3676608
2 3676672
8 3676736
10 3676800
6 3676864
10 3676928
0 3676992
7 3677056
8 3677120
1 3677184
3 3677248
8 3677312
4 3677376
7 3677440
5 3677504
1 3677568
3 3677632
4 3677696
0 3677760
7 3677824
10 3677888
4 3677952
9 3678016
1 3678080
8 3678144
5 3678208
0 3678272
5 3678336
8 3678400
2 3678464
10 3678528
4 3678592
0 3678656
5 3678720
10 3678784
5 3678848
4 3678912
6 3678976
5 3679040
1 3679104
2 3679168
0 3679232
6 3679296
9 3679360
0 3679424
10 3679488
10 3679552
10 3679616
6 3679680
1 3679744
1 3679808
9 3679872
5 3679936
9 3680000
7 3680064
3 3680128
10 3680192
7 3680256
2 3680320
5 3680384
3 3680448
0 3680512
3 3680576
1 3680640
5 3680704
8 3680768
4 3680832
6 3680896
4 3680960
3 3681024
9 3681088
4 3681152
4 3681216
2 3681280
8 3681344
0 3681408
5 3681472
4 3681536
10 3681600
0 3681664
0 3681728
9 3681792
2 3681856
3 3681920
1 3681984
9 3682048
5 3682112
0 3682176
7 3682240
8 3682304
7 3682368
3 3682432
0 3682496
5 3682560
10 3682624
3 3682688
9 3682752
0 3682816
0 3682880
3 3682944
4 3683008
10 3683072
10 3683136
3 3683200
2 3683264
9 3683328
2 3683392
6 3683456
2 3683520
0 3683584
5 3683648
10 3683712
5 3683776
5 3683840
5 3683904
6 3683968
2 3684032
8 3684096
4 3684160
9 3684224
7 3684288
5 3684352
6 3684416
5 3684480
7 3684544
8 3684608
3 3684672
3 3684736
9 3684800
3 3684864
9 3684928
9 3684992
4 3685056
3 3685120
1 3685184
0 3685248
9 3685312
10 3685376
5 3685440
1 3685504
8 3685568
8 3685632
8 3685696
5 3685760
7 3685824
8 3685888
7 3685952
8 3686016
2 3686080
8 3686144
0 3686208
10 3686272
9 3686336
5 3686400
7 3686464
2 3686528
8 3686592
3 3686656
9 3686720
7 3686784
8 3686848
3 3686912
0 3686976
10 3687040
1 3687104
8 3687168
9 3687232
8 3687296
6 3687360
5 3687424
10 3687488
10 3687552
9 3687616
10 3687680
8 3687744
4 3687808
6 3687872
10 3687936
0 3688000
7 3688064
4 3688128
5 3688192
6 3688256
2 3688320
10 3688384
5 3688448
10 3688512
6 3688576
10 3688640
7 3688704
0 3688768
3 3688832
2 3688896
7 3688960
1 3689024
8 3689088
10 3689152
8 3689216
7 3689280
5 3689344
8 3689408
7 3689472
5 3689536
0 3689600
9 3689664
8 3689728
0 3689792
10 3689856
2 3689920
0 3689984
7 3690048
5 3690112
10 3690176
2 3690240
0 3690304
4 3690368
6 3690432
9 3690496
0 3690560
7 3690624
4 3690688
3 3690752
9 3690816
0 3690880
10 3690944
6 3691008
4 3691072
8 3691136
4 3691200
7 3691264
7 3691328
3 3691392
9 3691456
2 3691520
0 3691584
2 3691648
4 3691712
10 3691776
4 3691840
4 3691904
0 3691968
10 3692032
7 3692096
3 3692160
10 3692224
1 3692288
9 3692352
7 3692416
1 3692480
8 3692544
10 3692608
9 3692672
10 3692736
0 3692800
1 3692864
1 3692928
2 3692992
0 3693056
3 3693120
6 3693184
7 3693248
2 3693312
9 3693376
10 3693440
10 3693504
1 3693568
6 3693632
9 3693696
10 3693760
4 3693824
2 3693888
6 3693952
1 3694016
10 3694080
6 3694144
6 3694208
10 3694272
6 3694336
4 3694400
7 3694464
1 3694528
0 3694592
7 3694656
9 3694720
3 3694784
5 3694848
2 3694912
7 3694976
5 3695040
6 3695104
5 3695168
2 3695232
0 3695296
8 3695360
3 3695424
1 3695488
10 3695552
3 3695616
0 3695680
10 3695744
0 3695808
1 3695872
6 3695936
1 3696000
10 3696064
8 3696128
3 3696192
2 3696256
1 3696320
5 3696384
2 3696448
9 3696512
0 3696576
0 3696640
7 3696704
4 3696768
1 3696832
6 3696896
6 3696960
4 3697024
3 3697088
0 3697152
8 3697216
6 3697280
0 3697344
4 3697408
2 3697472
8 3697536
10 3697600
3 3697664
1 3697728
6 3697792
7 3697856
2 3697920
3 3697984
2 3698048
4 3698112
6 3698176
4 3698240
4 3698304
7 3698368
1 3698432
0 3698496
6 3698560
0 3698624
6 3698688
0 3698752
6 3698816
7 3698880
10 3698944
3 3699008
7 3699072
7 3699136
8 3699200
8 3699264
9 3699328
2 3699392
1 3699456
4 3699520
1 3699584
8 3699648
1 3699712
0 3699776
0 3699840
7 3699904
2 3699968
9 3700032
0 3700096
8 3700160
10 3700224
4 3700288
7 3700352
9 3700416
8 3700480
0 3700544
1 3700608
10 3700672
1 3700736
7 3700800
0 3700864
5 3700928
6 3700992
4 3701056
7 3701120
10 3701184
10 3701248
6 3701312
5 3701376
8 3701440
10 3701504
5 3701568
7 3701632
5 3701696
7 3701760
9 3701824
0 3701888
3 3701952
3 3702016
6 3702080
10 3702144
7 3702208
5 3702272
10 3702336
9 3702400
4 3702464
7 3702528
9 3702592
1 3702656
0 3702720
9 3702784
9 3702848
9 3702912
9 3702976
10 3703040
3 3703104
7 3703168
8 3703232
4 3703296
8 3703360
6 3703424
5 3703488
2 3703552
3 3703616
0 3703680
8 3703744
0 3703808
4 3703872
5 3703936
3 3704000
3 3704064
4 3704128
3 3704192
0 3704256
4 3704320
9 3704384
8 3704448
2 3704512
0 3704576
7 3704640
0 3704704
0 3704768
0 3704832
2 3704896
6 3704960
7 3705024
5 3705088
5 3705152
4 3705216
7 3705280
5 3705344
3 3705408
9 3705472
6 3705536
4 3705600
1 3705664
6 3705728
3 3705792
8 3705856
2 3705920
5 3705984
1 3706048
1 3706112
7 3706176
2 3706240
10 3706304
3 3706368
0 3706432
3 3706496
5 3706560
8 3706624
2 3706688
1 3706752
7 3706816
2 3706880
6 3706944
3 3707008
10 3707072
3 3707136
0 3707200
8 3707264
0 3707328
4 3707392
8 3707456
10 3707520
10 3707584
0 3707648
8 3707712
8 3707776
6 3707840
1 3707904
1 3707968
2 3708032
5 3708096
8 3708160
0 3708224
4 3708288
4 3708352
3 3708416
0 3708480
6 3708544
5 3708608
10 3708672
7 3708736
7 3708800
2 3708864
1 3708928
1 3708992
2 3709056
7 3709120
1 3709184
6 3709248
8 3709312
1 3709376
0 3709440
9 3709504
8 3709568
1 3709632
10 3709696
7 3709760
6 3709824
6 3709888
3 3709952
5 3710016
2 3710080
1 3710144
5 3710208
2 3710272
6 3710336
7 3710400
3 3710464
10 3710528
7 3710592
1 3710656
1 3710720
0 3710784
7 3710848
0 3710912
6 3710976
8 3711040
6 3711104
8 3711168
10 3711232
6 3711296
4 3711360
6 3711424
4 3711488
1 3711552
4 3711616
7 3711680
3 3711744
5 3711808
9 3711872
4 3711936
6 3712000
8 3712064
9 3712128
5 3712192
3 3712256
10 3712320
7 3712384
4 3712448
2 3712512
5 3712576
2 3712640
5 3712704
7 3712768
7 3712832
6 3712896
8 3712960
9 3713024
9 3713088
10 3713152
7 3713216
7 3713280
3 3713344
10 3713408
9 3713472
5 3713536
1 3713600
6 3713664
10 3713728
6 3713792
0 3713856
3 3713920
2 3713984
10 3714048
10 3714112
3 3714176
10 3714240
7 3714304
0 3714368
1 3714432
4 3714496
10 3714560
0 3714624
9 3714688
5 3714752
10 3714816
0 3714880
10 3714944
7 3715008
10 3715072
1 3715136
5 3715200
10 3715264
1 3715328
9 3715392
9 3715456
6 3715520
10 3715584
10 3715648
3 3715712
2 3715776
3 3715840
0 3715904
10 3715968
4 3716032
7 3716096
7 3716160
2 3716224
5 3716288
9 3716352
6 3716416
1 3716480
1 3716544
5 3716608
10 3716672
10 3716736
9 3716800
5 3716864
10 3716928
10 3716992
10 3717056
3 3717120
3 3717184
8 3717248
4 3717312
1 3717376
6 3717440
2 3717504
10 3717568
9 3717632
10 3717696
0 3717760
6 3717824
2 3717888
8 3717952
8 3718016
1 3718080
5 3718144
6 3718208
6 3718272
0 3718336
10 3718400
3 3718464
0 3718528
9 3718592
8 3718656
0 3718720
5 3718784
1 3718848
10 3718912
8 3718976
3 3719040
4 3719104
3 3719168
4 3719232
9 3719296
3 3719360
6 3719424
3 3719488
5 3719552
6 3719616
8 3719680
0 3719744
8 3719808
7 3719872
7 3719936
9 3720000
10 3720064
3 3720128
4 3720192
7 3720256
2 3720320
4 3720384
4 3720448
1 3720512
6 3720576
7 3720640
6 3720704
2 3720768
1 3720832
8 3720896
7 3720960
4 3721024
3 3721088
0 3721152
9 3721216
6 3721280
4 3721344
7 3721408
4 3721472
2 3721536
9 3721600
10 3721664
3 3721728
2 3721792
6 3721856
8 3721920
3 3721984
4 3722048
8 3722112
7 3722176
0 3722240
9 3722304
10 3722368
2 3722432
9 3722496
5 3722560
1 3722624
6 3722688
10 3722752
2 3722816
8 3722880
9 3722944
0 3723008
8 3723072
4 3723136
5 3723200
4 3723264
8 3723328
2 3723392
6 3723456
2 3723520
7 3723584
7 3723648
3 3723712
3 3723776
1 3723840
2 3723904
5 3723968
8 3724032
1 3724096
2 3724160
10 3724224
8 3724288
7 3724352
6 3724416
6 3724480
3 3724544
4 3724608
0 3724672
4 3724736
1 3724800
9 3724864
7 3724928
4 3724992
4 3725056
7 3725120
6 3725184
5 3725248
2 3725312
2 3725376
4 3725440
6 3725504
9 3725568
6 3725632
8 3725696
5 3725760
1 3725824
6 3725888
9 3725952
2 3726016
1 3726080
7 3726144
5 3726208
1 3726272
7 3726336
1 3726400
3 3726464
5 3726528
10 3726592
2 3726656
10 3726720
8 3726784
4 3726848
5 3726912
4 3726976
10 3727040
7 3727104
0 3727168
10 3727232
5 3727296
0 3727360
10 3727424
0 3727488
5 3727552
7 3727616
4 3727680
10 3727744
5 3727808
8 3727872
0 3727936
7 3728000
6 3728064
6 3728128
4 3728192
8 3728256
7 3728320
8 3728384
4 3728448
1 3728512
3 3728576
8 3728640
10 3728704
3 3728768
1 3728832
2 3728896
7 3728960
6 3729024
0 3729088
7 3729152
8 3729216
3 3729280
3 3729344
5 3729408
9 3729472
4 3729536
8 3729600
2 3729664
10 3729728
2 3729792
4 3729856
5 3729920
2 3729984
4 3730048
8 3730112
8 3730176
1 3730240
6 3730304
0 3730368
10 3730432
3 3730496
5 3730560
3 3730624
4 3730688
1 3730752
7 3730816
6 3730880
5 3730944
4 3731008
6 3731072
1 3731136
4 3731200
1 3731264
1 3731328
10 3731392
9 3731456
10 3731520
1 3731584
0 3731648
10 3731712
1 3731776
4 3731840
10 3731904
7 3731968
3 3732032
9 3732096
10 3732160
10 3732224
10 3732288
1 3732352
10 3732416
2 3732480
9 3732544
8 3732608
10 3732672
3 3732736
5 3732800
8 3732864
4 3732928
4 3732992
8 3733056
0 3733120
10 3733184
1 3733248
2 3733312
7 3733376
7 3733440
1 3733504
2 3733568
7 3733632
7 3733696
1 3733760
5 3733824
6 3733888
10 3733952
8 3734016
5 3734080
3 3734144
9 3734208
0 3734272
9 3734336
1 3734400
10 3734464
7 3734528
4 3734592
4 3734656
7 3734720
9 3734784
4 3734848
0 3734912
8 3734976
0 3735040
10 3735104
3 3735168
0 3735232
8 3735296
9 3735360
2 3735424
2 3735488
9 3735552
10 3735616
0 3735680
6 3735744
4 3735808
1 3735872
9 3735936
9 3736000
6 3736064
5 3736128
8 3736192
4 3736256
0 3736320
2 3736384
9 3736448
3 3736512
7 3736576
6 3736640
4 3736704
5 3736768
2 3736832
6 3736896
10 3736960
5 3737024
8 3737088
7 3737152
2 3737216
8 3737280
0 3737344
2 3737408
3 3737472
8 3737536
6 3737600
5 3737664
6 3737728
2 3737792
6 3737856
0 3737920
0 3737984
8 3738048
0 3738112
5 3738176
9 3738240
8 3738304
0 3738368
10 3738432
1 3738496
8 3738560
8 3738624
8 3738688
0 3738752
0 3738816
3 3738880
0 3738944
0 3739008
5 3739072
3 3739136
7 3739200
8 3739264
2 3739328
8 3739392
6 3739456
8 3739520
7 3739584
10 3739648
2 3739712
10 3739776
10 3739840
2 3739904
0 3739968
3 3740032
0 3740096
7 3740160
1 3740224
0 3740288
8 3740352
1 3740416
6 3740480
9 3740544
2 3740608
2 3740672
3 3740736
9 3740800
7 3740864
6 3740928
10 3740992
6 3741056
2 3741120
1 3741184
5 3741248
4 3741312
1 3741376
5 3741440
1 3741504
9 3741568
8 3741632
0 3741696
7 3741760
0 3741824
10 3741888
2 3741952
7 3742016
2 3742080
9 3742144
10 3742208
2 3742272
9 3742336
4 3742400
2 3742464
10 3742528
8 3742592
6 3742656
3 3742720
5 3742784
8 3742848
3 3742912
4 3742976
9 3743040
2 3743104
6 3743168
3 3743232
8 3743296
9 3743360
10 3743424
8 3743488
7 3743552
10 3743616
10 3743680
4 3743744
9 3743808
5 3743872
5 3743936
9 3744000
1 3744064
0 3744128
9 3744192
2 3744256
3 3744320
3 3744384
5 3744448
5 3744512
8 3744576
8 3744640
5 3744704
7 3744768
2 3744832
8 3744896
10 3744960
3 3745024
4 3745088
6 3745152
10 3745216
3 3745280
10 3745344
8 3745408
9 3745472
1 3745536
6 3745600
1 3745664
10 3745728
9 3745792
0 3745856
5 3745920
5 3745984
8 3746048
7 3746112
5 3746176
3 3746240
0 3746304
10 3746368
2 3746432
9 3746496
6 3746560
1 3746624
4 3746688
9 3746752
9 3746816
10 3746880
0 3746944
10 3747008
9 3747072
4 3747136
1 3747200
6 3747264
7 3747328
9 3747392
5 3747456
10 3747520
10 3747584
2 3747648
10 3747712
0 3747776
2 3747840
7 3747904
9 3747968
8 3748032
9 3748096
10 3748160
1 3748224
4 3748288
5 3748352
4 3748416
8 3748480
1 3748544
1 3748608
8 3748672
9 3748736
1 3748800
7 3748864
10 3748928
2 3748992
8 3749056
4 3749120
5 3749184
8 3749248
4 3749312
8 3749376
7 3749440
4 3749504
9 3749568
4 3749632
0 3749696
0 3749760
9 3749824
2 3749888
6 3749952
2 3750016
8 3750080
8 3750144
6 3750208
5 3750272
8 3750336
0 3750400
7 3750464
10 3750528
2 3750592
0 3750656
0 3750720
8 3750784
10 3750848
10 3750912
0 3750976
5 3751040
7 3751104
0 3751168
1 3751232
9 3751296
7 3751360
4 3751424
3 3751488
10 3751552
10 3751616
5 3751680
7 3751744
5 3751808
10 3751872
2 3751936
10 3752000
9 3752064
2 3752128
5 3752192
5 3752256
5 3752320
10 3752384
6 3752448
8 3752512
0 3752576
8 3752640
4 3752704
6 3752768
9 3752832
0 3752896
0 3752960
1 3753024
5 3753088
10 3753152
8 3753216
1 3753280
2 3753344
3 3753408
6 3753472
2 3753536
4 3753600
2 3753664
4 3753728
9 3753792
10 3753856
10 3753920
4 3753984
7 3754048
10 3754112
0 3754176
0 3754240
2 3754304
5 3754368
1 3754432
9 3754496
0 3754560
6 3754624
10 3754688
7 3754752
2 3754816
4 3754880
4 3754944
6 3755008
0 3755072
9 3755136
5 3755200
7 3755264
7 3755328
2 3755392
4 3755456
8 3755520
7 3755584
7 3755648
4 3755712
7 3755776
6 3755840
3 3755904
0 3755968
10 3756032
8 3756096
3 3756160
5 3756224
7 3756288
2 3756352
10 3756416
8 3756480
9 3756544
0 3756608
9 3756672
1 3756736
10 3756800
0 3756864
0 3756928
6 3756992
3 3757056
4 3757120
10 3757184
7 3757248
4 3757312
10 3757376
10 3757440
1 3757504
8 3757568
0 3757632
4 3757696
2 3757760
0 3757824
10 3757888
2 3757952
2 3758016
3 3758080
0 3758144
5 3758208
9 3758272
7 3758336
5 3758400
7 3758464
3 3758528
3 3758592
6 3758656
8 3758720
10 3758784
2 3758848
8 3758912
7 3758976
6 3759040
5 3759104
7 3759168
5 3759232
5 3759296
5 3759360
2 3759424
5 3759488
8 3759552
6 3759616
8 3759680
5 3759744
6 3759808
8 3759872
5 3759936
0 3760000
6 3760064
6 3760128
4 3760192
8 3760256
7 3760320
8 3760384
2 3760448
10 3760512
6 3760576
4 3760640
8 3760704
7 3760768
1 3760832
3 3760896
0 3760960
0 3761024
0 3761088
2 3761152
5 3761216
5 3761280
4 3761344
6 3761408
10 3761472
4 3761536
5 3761600
3 3761664
3 3761728
4 3761792
7 3761856
9 3761920
8 3761984
5 3762048
2 3762112
9 3762176
4 3762240
10 3762304
10 3762368
8 3762432
4 3762496
4 3762560
7 3762624
0 3762688
4 3762752
1 3762816
4 3762880
5 3762944
0 3763008
5 3763072
10 3763136
6 3763200
3 3763264
3 3763328
7 3763392
0 3763456
6 3763520
9 3763584
5 3763648
10 3763712
1 3763776
1 3763840
8 3763904
1 3763968
9 3764032
6 3764096
10 3764160
1 3764224
3 3764288
8 3764352
10 3764416
7 3764480
5 3764544
10 3764608
9 3764672
5 3764736
5 3764800
9 3764864
4 3764928
2 3764992
2 3765056
9 3765120
8 3765184
1 3765248
10 3765312
3 3765376
3 3765440
10 3765504
2 3765568
4 3765632
1 3765696
9 3765760
10 3765824
9 3765888
7 3765952
7 3766016
1 3766080
1 3766144
8 3766208
0 3766272
1 3766336
6 3766400
7 3766464
7 3766528
4 3766592
3 3766656
6 3766720
0 3766784
4 3766848
8 3766912
9 3766976
0 3767040
9 3767104
8 3767168
5 3767232
9 3767296
2 3767360
7 3767424
1 3767488
4 3767552
3 3767616
10 3767680
6 3767744
9 3767808
4 3767872
7 3767936
4 3768000
9 3768064
3 3768128
10 3768192
4 3768256
7 3768320
6 3768384
8 3768448
8 3768512
9 3768576
3 3768640
8 3768704
6 3768768
1 3768832
6 3768896
10 3768960
1 3769024
8 3769088
10 3769152
7 3769216
7 3769280
6 3769344
4 3769408
5 3769472
8 3769536
10 3769600
0 3769664
8 3769728
4 3769792
3 3769856
1 3769920
9 3769984
6 3770048
10 3770112
5 3770176
2 3770240
1 3770304
7 3770368
9 3770432
0 3770496
10 3770560
0 3770624
5 3770688
3 3770752
10 3770816
1 3770880
2 3770944
6 3771008
0 3771072
5 3771136
5 3771200
7 3771264
4 3771328
0 3771392
2 3771456
10 3771520
8 3771584
4 3771648
5 3771712
9 3771776
5 3771840
8 3771904
7 3771968
6 3772032
9 3772096
5 3772160
5 3772224
9 3772288
1 3772352
10 3772416
2 3772480
6 3772544
8 3772608
1 3772672
3 3772736
0 3772800
7 3772864
8 3772928
3 3772992
7 3773056
3 3773120
1 3773184
8 3773248
3 3773312
5 3773376
9 3773440
4 3773504
1 3773568
2 3773632
3 3773696
4 3773760
5 3773824
9 3773888
2 3773952
3 3774016
2 3774080
5 3774144
8 3774208
0 3774272
2 3774336
4 3774400
5 3774464
5 3774528
7 3774592
1 3774656
1 3774720
6 3774784
2 3774848
7 3774912
4 3774976
3 3775040
5 3775104
1 3775168
4 3775232
9 3775296
2 3775360
8 3775424
6 3775488
3 3775552
2 3775616
7 3775680
0 3775744
2 3775808
3 3775872
1 3775936
7 3776000
4 3776064
10 3776128
0 3776192
2 3776256
8 3776320
1 3776384
0 3776448
6 3776512
0 3776576
10 3776640
7 3776704
6 3776768
3 3776832
4 3776896
4 3776960
3 3777024
3 3777088
4 3777152
10 3777216
6 3777280
0 3777344
2 3777408
10 3777472
6 3777536
3 3777600
3 3777664
5 3777728
6 3777792
4 3777856
1 3777920
6 3777984
10 3778048
2 3778112
9 3778176
8 3778240
10 3778304
7 3778368
0 3778432
2 3778496
5 3778560
2 3778624
1 3778688
5 3778752
1 3778816
4 3778880
10 3778944
10 3779008
3 3779072
5 3779136
1 3779200
7 3779264
2 3779328
10 3779392
3 3779456
10 3779520
6 3779584
8 3779648
5 3779712
0 3779776
4 3779840
10 3779904
4 3779968
8 3780032
5 3780096
2 3780160
6 3780224
0 3780288
10 3780352
2 3780416
3 3780480
5 3780544
4 3780608
10 3780672
7 3780736
2 3780800
2 3780864
4 3780928
0 3780992
5 3781056
5 3781120
3 3781184
0 3781248
6 3781312
1 3781376
1 3781440
3 3781504
9 3781568
0 3781632
0 3781696
4 3781760
5 3781824
10 3781888
8 3781952
9 3782016
2 3782080
7 3782144
5 3782208
10 3782272
2 3782336
3 3782400
4 3782464
0 3782528
8 3782592
7 3782656
0 3782720
5 3782784
6 3782848
8 3782912
10 3782976
3 3783040
3 3783104
5 3783168
5 3783232
5 3783296
6 3783360
3 3783424
8 3783488
5 3783552
9 3783616
8 3783680
1 3783744
8 3783808
2 3783872
8 3783936
4 3784000
3 3784064
9 3784128
9 3784192
7 3784256
4 3784320
8 3784384
6 3784448
9 3784512
8 3784576
0 3784640
0 3784704
5 3784768
5 3784832
7 3784896
3 3784960
3 3785024
8 3785088
0 3785152
7 3785216
9 3785280
2 3785344
6 3785408
10 3785472
6 3785536
0 3785600
9 3785664
10 3785728
4 3785792
0 3785856
4 3785920
4 3785984
7 3786048
5 3786112
0 3786176
1 3786240
7 3786304
5 3786368
0 3786432
5 3786496
6 3786560
10 3786624
6 3786688
5 3786752
5 3786816
8 3786880
9 3786944
9 3787008
10 3787072
0 3787136
10 3787200
6 3787264
5 3787328
8 3787392
6 3787456
9 3787520
7 3787584
2 3787648
2 3787712
3 3787776
2 3787840
4 3787904
2 3787968
0 3788032
4 3788096
3 3788160
0 3788224
0 3788288
6 3788352
3 3788416
1 3788480
9 3788544
1 3788608
0 3788672
6 3788736
9 3788800
7 3788864
1 3788928
3 3788992
6 3789056
3 3789120
5 3789184
9 3789248
1 3789312
10 3789376
1 3789440
4 3789504
2 3789568
0 3789632
2 3789696
8 3789760
6 3789824
1 3789888
2 3789952
2 3790016
3 3790080
2 3790144
8 3790208
6 3790272
10 3790336
1 3790400
4 3790464
0 3790528
2 3790592
10 3790656
4 3790720
5 3790784
4 3790848
2 3790912
2 3790976
4 3791040
9 3791104
2 3791168
2 3791232
4 3791296
3 3791360
0 3791424
2 3791488
3 3791552
2 3791616
0 3791680
0 3791744
0 3791808
1 3791872
3 3791936
2 3792000
7 3792064
8 3792128
9 3792192
2 3792256
8 3792320
10 3792384
10 3792448
2 3792512
4 3792576
10 3792640
3 3792704
5 3792768
0 3792832
10 3792896
9 3792960
7 3793024
9 3793088
1 3793152
3 3793216
5 3793280
3 3793344
2 3793408
9 3793472
5 3793536
6 3793600
1 3793664
10 3793728
7 3793792
6 3793856
2 3793920
9 3793984
4 3794048
8 3794112
4 3794176
6 3794240
7 3794304
6 3794368
4 3794432
0 3794496
8 3794560
9 3794624
7 3794688
7 3794752
9 3794816
5 3794880
3 3794944
6 3795008
1 3795072
4 3795136
0 3795200
8 3795264
3 3795328
0 3795392
10 3795456
7 3795520
0 3795584
9 3795648
0 3795712
6 3795776
3 3795840
3 3795904
6 3795968
0 3796032
2 3796096
7 3796160
3 3796224
1 3796288
5 3796352
6 3796416
7 3796480
2 3796544
6 3796608
1 3796672
7 3796736
3 3796800
6 3796864
2 3796928
9 3796992
2 3797056
4 3797120
5 3797184
9 3797248
10 3797312
8 3797376
9 3797440
7 3797504
7 3797568
7 3797632
3 3797696
8 3797760
2 3797824
4 3797888
3 3797952
8 3798016
2 3798080
1 3798144
4 3798208
6 3798272
2 3798336
9 3798400
2 3798464
2 3798528
2 3798592
2 3798656
8 3798720
3 3798784
3 3798848
8 3798912
1 3798976
3 3799040
8 3799104
5 3799168
2 3799232
2 3799296
3 3799360
5 3799424
9 3799488
0 3799552
6 3799616
2 3799680
7 3799744
10 3799808
0 3799872
9 3799936
4 3800000
0 3800064
10 3800128
1 3800192
4 3800256
4 3800320
1 3800384
2 3800448
4 3800512
5 3800576
2 3800640
2 3800704
9 3800768
2 3800832
4 3800896
5 3800960
6 3801024
7 3801088
10 3801152
0 3801216
8 3801280
10 3801344
10 3801408
9 3801472
3 3801536
9 3801600
3 3801664
10 3801728
5 3801792
0 3801856
4 3801920
6 3801984
2 3802048
9 3802112
3 3802176
3 3802240
10 3802304
7 3802368
4 3802432
1 3802496
5 3802560
3 3802624
5 3802688
8 3802752
3 3802816
3 3802880
8 3802944
7 3803008
8 3803072
10 3803136
9 3803200
5 3803264
9 3803328
1 3803392
9 3803456
0 3803520
5 3803584
3 3803648
0 3803712
9 3803776
10 3803840
4 3803904
5 3803968
8 3804032
7 3804096
5 3804160
9 3804224
5 3804288
0 3804352
8 3804416
2 3804480
5 3804544
7 3804608
2 3804672
3 3804736
2 3804800
10 3804864
3 3804928
0 3804992
0 3805056
7 3805120
0 3805184
8 3805248
6 3805312
1 3805376
8 3805440
6 3805504
9 3805568
4 3805632
8 3805696
4 3805760
6 3805824
10 3805888
7 3805952
4 3806016
7 3806080
10 3806144
5 3806208
2 3806272
9 3806336
1 3806400
4 3806464
8 3806528
3 3806592
5 3806656
10 3806720
6 3806784
5 3806848
0 3806912
8 3806976
10 3807040
6 3807104
9 3807168
2 3807232
10 3807296
2 3807360
7 3807424
10 3807488
0 3807552
2 3807616
5 3807680
2 3807744
10 3807808
10 3807872
5 3807936
10 3808000
10 3808064
4 3808128
10 3808192
1 3808256
1 3808320
10 3808384
0 3808448
5 3808512
5 3808576
6 3808640
2 3808704
10 3808768
4 3808832
1 3808896
2 3808960
6 3809024
10 3809088
6 3809152
7 3809216
6 3809280
10 3809344
8 3809408
0 3809472
10 3809536
9 3809600
4 3809664
0 3809728
5 3809792
9 3809856
6 3809920
4 3809984
7 3810048
0 3810112
3 3810176
3 3810240
6 3810304
4 3810368
2 3810432
4 3810496
5 3810560
3 3810624
2 3810688
0 3810752
6 3810816
5 3810880
4 3810944
3 3811008
2 3811072
6 3811136
10 3811200
1 3811264
4 3811328
3 3811392
4 3811456
0 3811520
10 3811584
3 3811648
7 3811712
1 3811776
5 3811840
2 3811904
4 3811968
3 3812032
1 3812096
0 3812160
9 3812224
1 3812288
5 3812352
10 3812416
6 3812480
8 3812544
3 3812608
10 3812672
0 3812736
9 3812800
5 3812864
3 3812928
1 3812992
2 3813056
2 3813120
5 3813184
2 3813248
6 3813312
4 3813376
9 3813440
7 3813504
4 3813568
7 3813632
8 3813696
7 3813760
0 3813824
6 3813888
7 3813952
10 3814016
10 3814080
10 3814144
6 3814208
4 3814272
4 3814336
2 3814400
8 3814464
6 3814528
10 3814592
3 3814656
0 3814720
7 3814784
10 3814848
0 3814912
7 3814976
8 3815040
1 3815104
0 3815168
1 3815232
0 3815296
1 3815360
2 3815424
4 3815488
4 3815552
8 3815616
0 3815680
5 3815744
6 3815808
9 3815872
10 3815936
4 3816000
2 3816064
1 3816128
1 3816192
8 3816256
7 3816320
4 3816384
9 3816448
10 3816512
0 3816576
0 3816640
4 3816704
4 3816768
9 3816832
1 3816896
0 3816960
10 3817024
0 3817088
7 3817152
2 3817216
3 3817280
1 3817344
4 3817408
9 3817472
2 3817536
0 3817600
4 3817664
9 3817728
9 3817792
3 3817856
0 3817920
6 3817984
4 3818048
0 3818112
4 3818176
1 3818240
2 3818304
1 3818368
0 3818432
7 3818496
0 3818560
10 3818624
4 3818688
10 3818752
3 3818816
1 3818880
0 3818944
5 3819008
5 3819072
0 3819136
3 3819200
1 3819264
5 3819328
8 3819392
8 3819456
7 3819520
8 3819584
5 3819648
0 3819712
6 3819776
6 3819840
0 3819904
6 3819968
7 3820032
5 3820096
10 3820160
1 3820224
4 3820288
1 3820352
4 3820416
8 3820480
3 3820544
5 3820608
1 3820672
5 3820736
6 3820800
0 3820864
9 3820928
5 3820992
1 3821056
4 3821120
2 3821184
7 3821248
7 3821312
0 3821376
10 3821440
2 3821504
1 3821568
5 3821632
3 3821696
8 3821760
6 3821824
1 3821888
1 3821952
5 3822016
1 3822080
1 3822144
1 3822208
6 3822272
2 3822336
7 3822400
1 3822464
4 3822528
3 3822592
5 3822656
9 3822720
3 3822784
4 3822848
1 3822912
0 3822976
6 3823040
1 3823104
10 3823168
6 3823232
5 3823296
0 3823360
10 3823424
4 3823488
7 3823552
2 3823616
5 3823680
5 3823744
3 3823808
1 3823872
0 3823936
7 3824000
3 3824064
7 3824128
1 3824192
2 3824256
2 3824320
0 3824384
7 3824448
2 3824512
5 3824576
0 3824640
8 3824704
10 3824768
4 3824832
5 3824896
2 3824960
4 3825024
0 3825088
8 3825152
8 3825216
6 3825280
0 3825344
9 3825408
6 3825472
10 3825536
9 3825600
2 3825664
5 3825728
3 3825792
3 3825856
6 3825920
0 3825984
1 3826048
10 3826112
0 3826176
9 3826240
10 3826304
9 3826368
9 3826432
3 3826496
1 3826560
9 3826624
1 3826688
4 3826752
0 3826816
0 3826880
9 3826944
9 3827008
10 3827072
8 3827136
1 3827200
2 3827264
9 3827328
7 3827392
1 3827456
9 3827520
2 3827584
10 3827648
10 3827712
2 3827776
8 3827840
8 3827904
7 3827968
4 3828032
1 3828096
5 3828160
9 3828224
4 3828288
9 3828352
2 3828416
5 3828480
4 3828544
10 3828608
3 3828672
4 3828736
5 3828800
0 3828864
2 3828928
6 3828992
6 3829056
4 3829120
10 3829184
2 3829248
7 3829312
3 3829376
8 3829440
6 3829504
10 3829568
9 3829632
6 3829696
6 3829760
4 3829824
8 3829888
1 3829952
1 3830016
0 3830080
5 3830144
1 3830208
2 3830272
9 3830336
10 3830400
2 3830464
7 3830528
2 3830592
4 3830656
3 3830720
0 3830784
6 3830848
7 3830912
7 3830976
7 3831040
9 3831104
8 3831168
3 3831232
10 3831296
6 3831360
7 3831424
7 3831488
8 3831552
1 3831616
0 3831680
7 3831744
0 3831808
8 3831872
2 3831936
4 3832000
0 3832064
8 3832128
9 3832192
3 3832256
10 3832320
5 3832384
1 3832448
3 3832512
3 3832576
1 3832640
5 3832704
7 3832768
9 3832832
2 3832896
0 3832960
8 3833024
2 3833088
10 3833152
3 3833216
6 3833280
6 3833344
1 3833408
6 3833472
10 3833536
2 3833600
0 3833664
1 3833728
7 3833792
2 3833856
9 3833920
5 3833984
1 3834048
10 3834112
2 3834176
6 3834240
10 3834304
6 3834368
0 3834432
10 3834496
8 3834560
6 3834624
9 3834688
6 3834752
1 3834816
1 3834880
0 3834944
8 3835008
4 3835072
0 3835136
10 3835200
3 3835264
9 3835328
0 3835392
9 3835456
2 3835520
10 3835584
10 3835648
10 3835712
7 3835776
6 3835840
7 3835904
3 3835968
6 3836032
0 3836096
8 3836160
6 3836224
3 3836288
3 3836352
3 3836416
9 3836480
9 3836544
10 3836608
5 3836672
0 3836736
6 3836800
6 3836864
6 3836928
10 3836992
7 3837056
6 3837120
0 3837184
5 3837248
5 3837312
0 3837376
8 3837440
10 3837504
0 3837568
10 3837632
0 3837696
5 3837760
0 3837824
10 3837888
9 3837952
0 3838016
8 3838080
3 3838144
0 3838208
6 3838272
10 3838336
9 3838400
2 3838464
5 3838528
0 3838592
9 3838656
8 3838720
0 3838784
5 3838848
5 3838912
6 3838976
4 3839040
4 3839104
1 3839168
9 3839232
9 3839296
4 3839360
1 3839424
2 3839488
4 3839552
3 3839616
6 3839680
1 3839744
6 3839808
0 3839872
5 3839936
0 3840000
2 3840064
9 3840128
10 3840192
9 3840256
9 3840320
0 3840384
7 3840448
6 3840512
1 3840576
9 3840640
1 3840704
10 3840768
8 3840832
1 3840896
4 3840960
9 3841024
8 3841088
3 3841152
6 3841216
7 3841280
8 3841344
4 3841408
9 3841472
0 3841536
3 3841600
2 3841664
1 3841728
7 3841792
7 3841856
4 3841920
9 3841984
1 3842048
1 3842112
7 3842176
6 3842240
7 3842304
5 3842368
5 3842432
0 3842496
10 3842560
0 3842624
4 3842688
3 3842752
7 3842816
5 3842880
10 3842944
3 3843008
1 3843072
5 3843136
7 3843200
5 3843264
10 3843328
10 3843392
2 3843456
2 3843520
9 3843584
5 3843648
0 3843712
8 3843776
3 3843840
8 3843904
6 3843968
0 3844032
3 3844096
9 3844160
0 3844224
3 3844288
6 3844352
7 3844416
4 3844480
8 3844544
6 3844608
7 3844672
5 3844736
6 3844800
7 3844864
5 3844928
3 3844992
5 3845056
1 3845120
5 3845184
3 3845248
4 3845312
10 3845376
7 3845440
4 3845504
3 3845568
9 3845632
2 3845696
7 3845760
0 3845824
8 3845888
1 3845952
2 3846016
0 3846080
7 3846144
8 3846208
0 3846272
0 3846336
3 3846400
7 3846464
8 3846528
1 3846592
0 3846656
1 3846720
0 3846784
3 3846848
10 3846912
2 3846976
0 3847040
8 3847104
2 3847168
3 3847232
4 3847296
1 3847360
6 3847424
0 3847488
9 3847552
10 3847616
9 3847680
0 3847744
9 3847808
7 3847872
5 3847936
7 3848000
8 3848064
8 3848128
5 3848192
1 3848256
6 3848320
6 3848384
1 3848448
9 3848512
0 3848576
7 3848640
6 3848704
4 3848768
4 3848832
4 3848896
9 3848960
0 3849024
4 3849088
3 3849152
9 3849216
4 3849280
10 3849344
6 3849408
1 3849472
6 3849536
10 3849600
2 3849664
2 3849728
2 3849792
7 3849856
7 3849920
2 3849984
6 3850048
1 3850112
0 3850176
5 3850240
4 3850304
10 3850368
0 3850432
2 3850496
6 3850560
0 3850624
2 3850688
8 3850752
10 3850816
4 3850880
6 3850944
5 3851008
5 3851072
9 3851136
2 3851200
1 3851264
8 3851328
9 3851392
5 3851456
6 3851520
8 3851584
8 3851648
6 3851712
4 3851776
9 3851840
9 3851904
3 3851968
3 3852032
10 3852096
9 3852160
7 3852224
4 3852288
5 3852352
3 3852416
9 3852480
1 3852544
8 3852608
0 3852672
2 3852736
3 3852800
8 3852864
4 3852928
8 3852992
7 3853056
6 3853120
1 3853184
10 3853248
4 3853312
4 3853376
4 3853440
3 3853504
3 3853568
10 3853632
10 3853696
7 3853760
3 3853824
6 3853888
10 3853952
10 3854016
0 3854080
9 3854144
0 3854208
8 3854272
5 3854336
7 3854400
5 3854464
3 3854528
7 3854592
9 3854656
4 3854720
7 3854784
6 3854848
3 3854912
1 3854976
8 3855040
3 3855104
10 3855168
4 3855232
2 3855296
9 3855360
0 3855424
0 3855488
2 3855552
4 3855616
9 3855680
2 3855744
10 3855808
7 3855872
8 3855936
5 3856000
2 3856064
3 3856128
4 3856192
6 3856256
10 3856320
1 3856384
5 3856448
1 3856512
2 3856576
1 3856640
6 3856704
7 3856768
6 3856832
0 3856896
8 3856960
9 3857024
6 3857088
0 3857152
1 3857216
0 3857280
6 3857344
6 3857408
5 3857472
8 3857536
9 3857600
7 3857664
8 3857728
10 3857792
2 3857856
4 3857920
2 3857984
5 3858048
6 3858112
5 3858176
8 3858240
2 3858304
9 3858368
3 3858432
8 3858496
5 3858560
4 3858624
10 3858688
0 3858752
10 3858816
10 3858880
4 3858944
4 3859008
10 3859072
5 3859136
0 3859200
3 3859264
9 3859328
8 3859392
6 3859456
3 3859520
8 3859584
3 3859648
4 3859712
6 3859776
6 3859840
9 3859904
0 3859968
8 3860032
1 3860096
4 3860160
4 3860224
9 3860288
8 3860352
6 3860416
0 3860480
2 3860544
9 3860608
6 3860672
5 3860736
3 3860800
2 3860864
10 3860928
8 3860992
3 3861056
1 3861120
5 3861184
10 3861248
3 3861312
0 3861376
7 3861440
0 3861504
7 3861568
9 3861632
1 3861696
9 3861760
0 3861824
4 3861888
8 3861952
7 3862016
8 3862080
6 3862144
0 3862208
1 3862272
5 3862336
0 3862400
8 3862464
10 3862528
3 3862592
3 3862656
4 3862720
5 3862784
1 3862848
2 3862912
9 3862976
8 3863040
2 3863104
9 3863168
10 3863232
4 3863296
5 3863360
4 3863424
1 3863488
8 3863552
3 3863616
3 3863680
7 3863744
8 3863808
8 3863872
1 3863936
4 3864000
10 3864064
7 3864128
4 3864192
2 3864256
5 3864320
0 3864384
7 3864448
4 3864512
3 3864576
8 3864640
2 3864704
0 3864768
3 3864832
9 3864896
5 3864960
10 3865024
0 3865088
10 3865152
0 3865216
7 3865280
8 3865344
6 3865408
7 3865472
7 3865536
5 3865600
5 3865664
0 3865728
0 3865792
5 3865856
3 3865920
5 3865984
7 3866048
10 3866112
10 3866176
6 3866240
0 3866304
10 3866368
3 3866432
6 3866496
7 3866560
3 3866624
3 3866688
6 3866752
1 3866816
4 3866880
2 3866944
4 3867008
7 3867072
4 3867136
1 3867200
5 3867264
1 3867328
6 3867392
3 3867456
2 3867520
9 3867584
5 3867648
6 3867712
6 3867776
1 3867840
10 3867904
4 3867968
8 3868032
2 3868096
4 3868160
10 3868224
3 3868288
6 3868352
4 3868416
8 3868480
5 3868544
1 3868608
7 3868672
8 3868736
2 3868800
7 3868864
10 3868928
5 3868992
7 3869056
7 3869120
3 3869184
0 3869248
6 3869312
1 3869376
4 3869440
6 3869504
0 3869568
1 3869632
7 3869696
10 3869760
4 3869824
1 3869888
9 3869952
6 3870016
4 3870080
0 3870144
0 3870208
0 3870272
9 3870336
2 3870400
5 3870464
6 3870528
10 3870592
8 3870656
3 3870720
10 3870784
5 3870848
9 3870912
10 3870976
6 3871040
2 3871104
7 3871168
8 3871232
3 3871296
10 3871360
8 3871424
7 3871488
7 3871552
7 3871616
6 3871680
5 3871744
4 3871808
0 3871872
2 3871936
3 3872000
4 3872064
7 3872128
1 3872192
4 3872256
5 3872320
1 3872384
3 3872448
7 3872512
4 3872576
10 3872640
0 3872704
2 3872768
8 3872832
10 3872896
2 3872960
6 3873024
5 3873088
10 3873152
6 3873216
5 3873280
2 3873344
9 3873408
3 3873472
10 3873536
6 3873600
7 3873664
5 3873728
6 3873792
2 3873856
7 3873920
5 3873984
4 3874048
5 3874112
10 3874176
4 3874240
0 3874304
3 3874368
4 3874432
9 3874496
10 3874560
8 3874624
9 3874688
3 3874752
9 3874816
7 3874880
5 3874944
9 3875008
5 3875072
5 3875136
3 3875200
6 3875264
10 3875328
4 3875392
10 3875456
2 3875520
2 3875584
10 3875648
0 3875712
9 3875776
4 3875840
7 3875904
0 3875968
5 3876032
4 3876096
4 3876160
7 3876224
6 3876288
5 3876352
8 3876416
3 3876480
9 3876544
10 3876608
0 3876672
1 3876736
8 3876800
10 3876864
7 3876928
6 3876992
9 3877056
2 3877120
7 3877184
0 3877248
4 3877312
3 3877376
8 3877440
8 3877504
5 3877568
2 3877632
8 3877696
7 3877760
1 3877824
5 3877888
8 3877952
3 3878016
4 3878080
10 3878144
10 3878208
4 3878272
3 3878336
0 3878400
2 3878464
9 3878528
9 3878592
10 3878656
7 3878720
3 3878784
8 3878848
5 3878912
4 3878976
4 3879040
2 3879104
4 3879168
0 3879232
2 3879296
9 3879360
4 3879424
8 3879488
0 3879552
4 3879616
6 3879680
8 3879744
8 3879808
6 3879872
10 3879936
9 3880000
8 3880064
10 3880128
9 3880192
0 3880256
8 3880320
7 3880384
6 3880448
3 3880512
4 3880576
10 3880640
2 3880704
7 3880768
2 3880832
4 3880896
7 3880960
7 3881024
1 3881088
1 3881152
5 3881216
7 3881280
8 3881344
7 3881408
3 3881472
7 3881536
8 3881600
1 3881664
5 3881728
6 3881792
1 3881856
6 3881920
2 3881984
1 3882048
7 3882112
3 3882176
6 3882240
7 3882304
1 3882368
3 3882432
8 3882496
7 3882560
3 3882624
1 3882688
4 3882752
0 3882816
10 3882880
3 3882944
1 3883008
9 3883072
1 3883136
6 3883200
6 3883264
6 3883328
1 3883392
6 3883456
2 3883520
4 3883584
10 3883648
10 3883712
6 3883776
9 3883840
8 3883904
8 3883968
9 3884032
10 3884096
6 3884160
7 3884224
6 3884288
2 3884352
1 3884416
8 3884480
2 3884544
2 3884608
4 3884672
7 3884736
9 3884800
10 3884864
10 3884928
2 3884992
2 3885056
4 3885120
7 3885184
6 3885248
10 3885312
8 3885376
6 3885440
7 3885504
0 3885568
10 3885632
7 3885696
1 3885760
6 3885824
7 3885888
1 3885952
10 3886016
4 3886080
8 3886144
10 3886208
9 3886272
5 3886336
7 3886400
9 3886464
2 3886528
5 3886592
7 3886656
8 3886720
5 3886784
2 3886848
3 3886912
5 3886976
2 3887040
9 3887104
8 3887168
0 3887232
0 3887296
9 3887360
3 3887424
4 3887488
1 3887552
3 3887616
7 3887680
3 3887744
4 3887808
5 3887872
4 3887936
2 3888000
4 3888064
7 3888128
1 3888192
1 3888256
5 3888320
5 3888384
8 3888448
2 3888512
2 3888576
1 3888640
8 3888704
1 3888768
9 3888832
5 3888896
1 3888960
7 3889024
1 3889088
9 3889152
0 3889216
7 3889280
0 3889344
6 3889408
7 3889472
7 3889536
10 3889600
6 3889664
10 3889728
9 3889792
3 3889856
1 3889920
3 3889984
1 3890048
6 3890112
4 3890176
5 3890240
3 3890304
8 3890368
3 3890432
3 3890496
6 3890560
4 3890624
2 3890688
5 3890752
5 3890816
0 3890880
3 3890944
5 3891008
3 3891072
3 3891136
2 3891200
1 3891264
0 3891328
1 3891392
2 3891456
5 3891520
4 3891584
6 3891648
7 3891712
5 3891776
9 3891840
1 3891904
4 3891968
9 3892032
9 3892096
10 3892160
9 3892224
5 3892288
9 3892352
7 3892416
7 3892480
0 3892544
3 3892608
1 3892672
7 3892736
0 3892800
5 3892864
6 3892928
8 3892992
10 3893056
2 3893120
5 3893184
8 3893248
3 3893312
2 3893376
0 3893440
1 3893504
4 3893568
3 3893632
5 3893696
4 3893760
5 3893824
6 3893888
3 3893952
6 3894016
7 3894080
9 3894144
8 3894208
8 3894272
10 3894336
3 3894400
6 3894464
8 3894528
6 3894592
3 3894656
6 3894720
10 3894784
4 3894848
10 3894912
4 3894976
4 3895040
9 3895104
8 3895168
1 3895232
0 3895296
10 3895360
6 3895424
3 3895488
2 3895552
6 3895616
7 3895680
3 3895744
9 3895808
2 3895872
10 3895936
0 3896000
6 3896064
0 3896128
4 3896192
2 3896256
9 3896320
4 3896384
2 3896448
9 3896512
9 3896576
2 3896640
1 3896704
1 3896768
9 3896832
2 3896896
4 3896960
7 3897024
4 3897088
3 3897152
10 3897216
10 3897280
5 3897344
0 3897408
6 3897472
9 3897536
10 3897600
7 3897664
8 3897728
2 3897792
0 3897856
9 3897920
9 3897984
3 3898048
8 3898112
7 3898176
2 3898240
1 3898304
1 3898368
2 3898432
0 3898496
3 3898560
8 3898624
2 3898688
9 3898752
9 3898816
8 3898880
3 3898944
9 3899008
9 3899072
0 3899136
1 3899200
5 3899264
0 3899328
10 3899392
10 3899456
5 3899520
9 3899584
5 3899648
4 3899712
7 3899776
6 3899840
1 3899904
6 3899968
8 3900032
0 3900096
10 3900160
6 3900224
8 3900288
0 3900352
3 3900416
0 3900480
4 3900544
0 3900608
0 3900672
5 3900736
10 3900800
4 3900864
6 3900928
8 3900992
0 3901056
1 3901120
3 3901184
1 3901248
4 3901312
3 3901376
3 3901440
6 3901504
0 3901568
5 3901632
7 3901696
4 3901760
3 3901824
2 3901888
1 3901952
1 3902016
1 3902080
5 3902144
4 3902208
9 3902272
5 3902336
9 3902400
10 3902464
10 3902528
10 3902592
9 3902656
2 3902720
9 3902784
1 3902848
10 3902912
7 3902976
9 3903040
1 3903104
9 3903168
6 3903232
9 3903296
10 3903360
0 3903424
9 3903488
1 3903552
3 3903616
6 3903680
4 3903744
1 3903808
7 3903872
10 3903936
6 3904000
5 3904064
9 3904128
2 3904192
0 3904256
5 3904320
9 3904384
4 3904448
8 3904512
10 3904576
3 3904640
6 3904704
0 3904768
9 3904832
0 3904896
1 3904960
6 3905024
8 3905088
0 3905152
1 3905216
1 3905280
5 3905344
10 3905408
3 3905472
6 3905536
0 3905600
9 3905664
6 3905728
4 3905792
3 3905856
9 3905920
4 3905984
5 3906048
10 3906112
3 3906176
10 3906240
4 3906304
9 3906368
7 3906432
3 3906496
2 3906560
0 3906624
0 3906688
9 3906752
6 3906816
0 3906880
1 3906944
5 3907008
3 3907072
5 3907136
3 3907200
10 3907264
0 3907328
5 3907392
3 3907456
2 3907520
5 3907584
6 3907648
2 3907712
4 3907776
10 3907840
8 3907904
8 3907968
8 3908032
10 3908096
8 3908160
0 3908224
4 3908288
9 3908352
7 3908416
0 3908480
4 3908544
6 3908608
4 3908672
8 3908736
5 3908800
5 3908864
5 3908928
1 3908992
10 3909056
6 3909120
9 3909184
3 3909248
2 3909312
4 3909376
0 3909440
5 3909504
10 3909568
7 3909632
10 3909696
4 3909760
1 3909824
1 3909888
10 3909952
9 3910016
3 3910080
5 3910144
3 3910208
9 3910272
1 3910336
10 3910400
0 3910464
3 3910528
8 3910592
10 3910656
9 3910720
1 3910784
6 3910848
6 3910912
7 3910976
7 3911040
10 3911104
0 3911168
9 3911232
10 3911296
5 3911360
2 3911424
1 3911488
8 3911552
5 3911616
10 3911680
8 3911744
6 3911808
8 3911872
0 3911936
4 3912000
3 3912064
9 3912128
4 3912192
2 3912256
9 3912320
0 3912384
0 3912448
8 3912512
10 3912576
10 3912640
8 3912704
9 3912768
2 3912832
5 3912896
8 3912960
10 3913024
5 3913088
7 3913152
8 3913216
3 3913280
9 3913344
8 3913408
0 3913472
3 3913536
7 3913600
0 3913664
3 3913728
7 3913792
7 3913856
3 3913920
1 3913984
2 3914048
0 3914112
5 3914176
8 3914240
8 3914304
6 3914368
9 3914432
10 3914496
4 3914560
8 3914624
5 3914688
3 3914752
0 3914816
7 3914880
4 3914944
8 3915008
7 3915072
8 3915136
1 3915200
3 3915264
4 3915328
0 3915392
9 3915456
5 3915520
10 3915584
1 3915648
4 3915712
0 3915776
5 3915840
0 3915904
1 3915968
8 3916032
1 3916096
3 3916160
6 3916224
1 3916288
7 3916352
0 3916416
0 3916480
0 3916544
4 3916608
8 3916672
5 3916736
4 3916800
10 3916864
1 3916928
2 3916992
10 3917056
3 3917120
10 3917184
4 3917248
8 3917312
1 3917376
0 3917440
9 3917504
4 3917568
10 3917632
5 3917696
2 3917760
5 3917824
5 3917888
3 3917952
9 3918016
6 3918080
2 3918144
5 3918208
5 3918272
6 3918336
1 3918400
4 3918464
4 3918528
1 3918592
2 3918656
10 3918720
9 3918784
8 3918848
7 3918912
0 3918976
1 3919040
0 3919104
9 3919168
3 3919232
10 3919296
2 3919360
1 3919424
5 3919488
2 3919552
9 3919616
4 3919680
1 3919744
7 3919808
6 3919872
1 3919936
1 3920000
1 3920064
4 3920128
8 3920192
3 3920256
2 3920320
4 3920384
0 3920448
9 3920512
6 3920576
5 3920640
2 3920704
10 3920768
6 3920832
1 3920896
2 3920960
1 3921024
6 3921088
6 3921152
9 3921216
4 3921280
8 3921344
1 3921408
10 3921472
0 3921536
0 3921600
1 3921664
1 3921728
2 3921792
3 3921856
3 3921920
0 3921984
1 3922048
6 3922112
7 3922176
9 3922240
6 3922304
5 3922368
5 3922432
10 3922496
6 3922560
10 3922624
7 3922688
3 3922752
2 3922816
3 3922880
8 3922944
10 3923008
3 3923072
6 3923136
8 3923200
4 3923264
1 3923328
4 3923392
3 3923456
4 3923520
4 3923584
6 3923648
2 3923712
2 3923776
8 3923840
0 3923904
7 3923968
4 3924032
10 3924096
9 3924160
10 3924224
0 3924288
5 3924352
3 3924416
8 3924480
10 3924544
9 3924608
10 3924672
0 3924736
5 3924800
9 3924864
5 3924928
0 3924992
9 3925056
4 3925120
2 3925184
8 3925248
10 3925312
1 3925376
6 3925440
8 3925504
3 3925568
6 3925632
2 3925696
5 3925760
7 3925824
7 3925888
2 3925952
1 3926016
0 3926080
8 3926144
7 3926208
2 3926272
7 3926336
4 3926400
1 3926464
0 3926528
5 3926592
9 3926656
1 3926720
5 3926784
7 3926848
9 3926912
8 3926976
1 3927040
5 3927104
5 3927168
5 3927232
1 3927296
8 3927360
4 3927424
9 3927488
5 3927552
5 3927616
2 3927680
9 3927744
6 3927808
4 3927872
3 3927936
10 3928000
5 3928064
2 3928128
2 3928192
1 3928256
7 3928320
3 3928384
2 3928448
8 3928512
4 3928576
2 3928640
4 3928704
8 3928768
7 3928832
10 3928896
10 3928960
2 3929024
9 3929088
8 3929152
0 3929216
10 3929280
2 3929344
0 3929408
2 3929472
9 3929536
1 3929600
10 3929664
7 3929728
2 3929792
6 3929856
5 3929920
1 3929984
10 3930048
10 3930112
3 3930176
4 3930240
2 3930304
0 3930368
4 3930432
10 3930496
5 3930560
7 3930624
8 3930688
1 3930752
3 3930816
1 3930880
4 3930944
5 3931008
6 3931072
2 3931136
5 3931200
3 3931264
0 3931328
3 3931392
0 3931456
2 3931520
4 3931584
1 3931648
3 3931712
0 3931776
0 3931840
1 3931904
1 3931968
3 3932032
1 3932096
4 3932160
6 3932224
4 3932288
4 3932352
2 3932416
1 3932480
4 3932544
3 3932608
7 3932672
10 3932736
7 3932800
8 3932864
10 3932928
10 3932992
0 3933056
5 3933120
5 3933184
10 3933248
9 3933312
2 3933376
2 3933440
7 3933504
7 3933568
0 3933632
10 3933696
2 3933760
6 3933824
0 3933888
4 3933952
9 3934016
7 3934080
6 3934144
9 3934208
10 3934272
7 3934336
9 3934400
9 3934464
8 3934528
7 3934592
2 3934656
5 3934720
6 3934784
10 3934848
9 3934912
6 3934976
10 3935040
4 3935104
1 3935168
1 3935232
3 3935296
5 3935360
0 3935424
7 3935488
6 3935552
4 3935616
9 3935680
9 3935744
6 3935808
7 3935872
2 3935936
7 3936000
6 3936064
3 3936128
3 3936192
9 3936256
6 3936320
8 3936384
0 3936448
0 3936512
7 3936576
1 3936640
1 3936704
9 3936768
4 3936832
7 3936896
5 3936960
0 3937024
10 3937088
5 3937152
10 3937216
2 3937280
2 3937344
0 3937408
1 3937472
1 3937536
2 3937600
7 3937664
0 3937728
4 3937792
2 3937856
2 3937920
5 3937984
9 3938048
3 3938112
3 3938176
10 3938240
2 3938304
3 3938368
8 3938432
1 3938496
4 3938560
3 3938624
3 3938688
1 3938752
6 3938816
1 3938880
6 3938944
6 3939008
9 3939072
10 3939136
7 3939200
4 3939264
10 3939328
4 3939392
6 3939456
9 3939520
7 3939584
0 3939648
7 3939712
1 3939776
1 3939840
9 3939904
8 3939968
9 3940032
5 3940096
1 3940160
1 3940224
1 3940288
5 3940352
7 3940416
8 3940480
7 3940544
2 3940608
3 3940672
9 3940736
0 3940800
3 3940864
7 3940928
1 3940992
5 3941056
10 3941120
5 3941184
8 3941248
6 3941312
0 3941376
2 3941440
6 3941504
4 3941568
2 3941632
3 3941696
6 3941760
2 3941824
4 3941888
5 3941952
8 3942016
8 3942080
4 3942144
6 3942208
9 3942272
3 3942336
7 3942400
1 3942464
4 3942528
7 3942592
10 3942656
8 3942720
7 3942784
5 3942848
0 3942912
8 3942976
10 3943040
0 3943104
5 3943168
10 3943232
7 3943296
10 3943360
1 3943424
1 3943488
7 3943552
8 3943616
4 3943680
10 3943744
4 3943808
4 3943872
0 3943936
0 3944000
2 3944064
7 3944128
4 3944192
8 3944256
9 3944320
4 3944384
2 3944448
4 3944512
4 3944576
3 3944640
7 3944704
9 3944768
3 3944832
6 3944896
6 3944960
6 3945024
0 3945088
4 3945152
4 3945216
8 3945280
6 3945344
7 3945408
1 3945472
1 3945536
8 3945600
8 3945664
1 3945728
6 3945792
1 3945856
8 3945920
2 3945984
7 3946048
7 3946112
10 3946176
3 3946240
4 3946304
7 3946368
7 3946432
4 3946496
9 3946560
6 3946624
7 3946688
8 3946752
4 3946816
5 3946880
2 3946944
7 3947008
3 3947072
3 3947136
10 3947200
10 3947264
10 3947328
1 3947392
10 3947456
8 3947520
8 3947584
1 3947648
5 3947712
6 3947776
7 3947840
5 3947904
4 3947968
1 3948032
3 3948096
5 3948160
4 3948224
10 3948288
10 3948352
5 3948416
5 3948480
10 3948544
7 3948608
9 3948672
7 3948736
10 3948800
0 3948864
7 3948928
9 3948992
0 3949056
7 3949120
7 3949184
10 3949248
0 3949312
4 3949376
10 3949440
10 3949504
5 3949568
5 3949632
3 3949696
0 3949760
0 3949824
1 3949888
7 3949952
3 3950016
1 3950080
4 3950144
1 3950208
2 3950272
7 3950336
2 3950400
5 3950464
9 3950528
2 3950592
1 3950656
10 3950720
2 3950784
9 3950848
10 3950912
8 3950976
5 3951040
6 3951104
7 3951168
2 3951232
4 3951296
0 3951360
5 3951424
5 3951488
5 3951552
10 3951616
10 3951680
2 3951744
5 3951808
1 3951872
7 3951936
7 3952000
4 3952064
10 3952128
8 3952192
5 3952256
6 3952320
5 3952384
2 3952448
10 3952512
6 3952576
4 3952640
2 3952704
4 3952768
3 3952832
7 3952896
4 3952960
2 3953024
8 3953088
2 3953152
2 3953216
0 3953280
2 3953344
2 3953408
0 3953472
4 3953536
1 3953600
0 3953664
6 3953728
4 3953792
9 3953856
6 3953920
0 3953984
7 3954048
2 3954112
6 3954176
5 3954240
2 3954304
0 3954368
10 3954432
1 3954496
4 3954560
8 3954624
7 3954688
6 3954752
0 3954816
9 3954880
6 3954944
7 3955008
3 3955072
7 3955136
2 3955200
5 3955264
0 3955328
0 3955392
9 3955456
3 3955520
2 3955584
1 3955648
9 3955712
5 3955776
6 3955840
9 3955904
3 3955968
2 3956032
0 3956096
5 3956160
0 3956224
6 3956288
5 3956352
0 3956416
6 3956480
9 3956544
6 3956608
10 3956672
1 3956736
10 3956800
5 3956864
8 3956928
8 3956992
4 3957056
4 3957120
10 3957184
5 3957248
2 3957312
3 3957376
6 3957440
4 3957504
9 3957568
4 3957632
1 3957696
1 3957760
0 3957824
0 3957888
10 3957952
2 3958016
0 3958080
8 3958144
9 3958208
6 3958272
7 3958336
6 3958400
0 3958464
4 3958528
0 3958592
6 3958656
2 3958720
3 3958784
2 3958848
1 3958912
5 3958976
1 3959040
7 3959104
5 3959168
1 3959232
9 3959296
6 3959360
7 3959424
9 3959488
2 3959552
9 3959616
6 3959680
0 3959744
5 3959808
8 3959872
6 3959936
5 3960000
3 3960064
1 3960128
4 3960192
10 3960256
3 3960320
4 3960384
2 3960448
2 3960512
0 3960576
7 3960640
0 3960704
4 3960768
3 3960832
1 3960896
10 3960960
0 3961024
7 3961088
7 3961152
2 3961216
2 3961280
2 3961344
8 3961408
7 3961472
4 3961536
9 3961600
9 3961664
5 3961728
8 3961792
9 3961856
3 3961920
6 3961984
7 3962048
4 3962112
2 3962176
8 3962240
6 3962304
0 3962368
1 3962432
7 3962496
6 3962560
10 3962624
7 3962688
10 3962752
8 3962816
7 3962880
3 3962944
8 3963008
8 3963072
0 3963136
1 3963200
1 3963264
1 3963328
3 3963392
0 3963456
10 3963520
5 3963584
2 3963648
10 3963712
9 3963776
2 3963840
3 3963904
8 3963968
3 3964032
5 3964096
2 3964160
2 3964224
3 3964288
7 3964352
7 3964416
5 3964480
0 3964544
4 3964608
4 3964672
8 3964736
0 3964800
6 3964864
10 3964928
3 3964992
10 3965056
2 3965120
4 3965184
4 3965248
8 3965312
10 3965376
9 3965440
6 3965504
8 3965568
4 3965632
6 3965696
0 3965760
4 3965824
1 3965888
2 3965952
6 3966016
1 3966080
6 3966144
5 3966208
5 3966272
10 3966336
4 3966400
2 3966464
7 3966528
9 3966592
3 3966656
3 3966720
10 3966784
9 3966848
9 3966912
7 3966976
0 3967040
2 3967104
1 3967168
4 3967232
10 3967296
6 3967360
1 3967424
6 3967488
9 3967552
0 3967616
4 3967680
7 3967744
10 3967808
6 3967872
1 3967936
0 3968000
2 3968064
9 3968128
6 3968192
10 3968256
10 3968320
10 3968384
5 3968448
4 3968512
4 3968576
1 3968640
9 3968704
0 3968768
4 3968832
3 3968896
7 3968960
7 3969024
0 3969088
2 3969152
9 3969216
10 3969280
6 3969344
7 3969408
0 3969472
5 3969536
0 3969600
3 3969664
5 3969728
6 3969792
2 3969856
3 3969920
7 3969984
2 3970048
4 3970112
6 3970176
10 3970240
4 3970304
5 3970368
6 3970432
0 3970496
4 3970560
8 3970624
5 3970688
1 3970752
1 3970816
9 3970880
9 3970944
0 3971008
6 3971072
5 3971136
6 3971200
3 3971264
2 3971328
2 3971392
10 3971456
6 3971520
7 3971584
9 3971648
1 3971712
1 3971776
1 3971840
7 3971904
8 3971968
5 3972032
1 3972096
2 3972160
5 3972224
9 3972288
2 3972352
10 3972416
7 3972480
2 3972544
9 3972608
1 3972672
6 3972736
9 3972800
4 3972864
2 3972928
2 3972992
2 3973056
9 3973120
2 3973184
5 3973248
3 3973312
8 3973376
4 3973440
1 3973504
8 3973568
7 3973632
5 3973696
7 3973760
6 3973824
1 3973888
7 3973952
6 3974016
5 3974080
10 3974144
7 3974208
2 3974272
2 3974336
10 3974400
4 3974464
5 3974528
8 3974592
8 3974656
3 3974720
6 3974784
6 3974848
0 3974912
7 3974976
9 3975040
8 3975104
3 3975168
3 3975232
10 3975296
4 3975360
0 3975424
8 3975488
3 3975552
3 3975616
7 3975680
8 3975744
3 3975808
6 3975872
10 3975936
1 3976000
5 3976064
10 3976128
9 3976192
2 3976256
6 3976320
6 3976384
8 3976448
6 3976512
6 3976576
10 3976640
8 3976704
0 3976768
8 3976832
0 3976896
7 3976960
9 3977024
5 3977088
6 3977152
5 3977216
3 3977280
0 3977344
0 3977408
0 3977472
2 3977536
2 3977600
7 3977664
5 3977728
0 3977792
9 3977856
3 3977920
6 3977984
10 3978048
0 3978112
4 3978176
7 3978240
0 3978304
9 3978368
2 3978432
8 3978496
0 3978560
3 3978624
3 3978688
7 3978752
1 3978816
4 3978880
2 3978944
10 3979008
1 3979072
3 3979136
7 3979200
4 3979264
7 3979328
2 3979392
7 3979456
9 3979520
3 3979584
9 3979648
2 3979712
10 3979776
2 3979840
10 3979904
6 3979968
8 3980032
9 3980096
4 3980160
9 3980224
5 3980288
4 3980352
2 3980416
7 3980480
6 3980544
2 3980608
9 3980672
3 3980736
3 3980800
6 3980864
9 3980928
8 3980992
3 3981056
2 3981120
4 3981184
0 3981248
10 3981312
7 3981376
2 3981440
8 3981504
1 3981568
9 3981632
5 3981696
9 3981760
8 3981824
1 3981888
10 3981952
10 3982016
6 3982080
1 3982144
10 3982208
8 3982272
0 3982336
9 3982400
8 3982464
0 3982528
9 3982592
8 3982656
8 3982720
0 3982784
4 3982848
0 3982912
9 3982976
3 3983040
3 3983104
6 3983168
2 3983232
7 3983296
2 3983360
4 3983424
4 3983488
5 3983552
2 3983616
2 3983680
7 3983744
5 3983808
9 3983872
4 3983936
2 3984000
6 3984064
7 3984128
3 3984192
2 3984256
7 3984320
2 3984384
2 3984448
2 3984512
1 3984576
5 3984640
5 3984704
3 3984768
2 3984832
5 3984896
0 3984960
1 3985024
6 3985088
9 3985152
9 3985216
3 3985280
2 3985344
9 3985408
7 3985472
4 3985536
5 3985600
1 3985664
1 3985728
10 3985792
6 3985856
5 3985920
1 3985984
6 3986048
0 3986112
8 3986176
6 3986240
2 3986304
4 3986368
9 3986432
5 3986496
1 3986560
3 3986624
3 3986688
9 3986752
6 3986816
6 3986880
0 3986944
5 3987008
7 3987072
5 3987136
2 3987200
10 3987264
9 3987328
6 3987392
6 3987456
4 3987520
7 3987584
1 3987648
10 3987712
1 3987776
8 3987840
1 3987904
3 3987968
2 3988032
10 3988096
0 3988160
7 3988224
2 3988288
3 3988352
9 3988416
1 3988480
9 3988544
1 3988608
8 3988672
4 3988736
6 3988800
5 3988864
5 3988928
0 3988992
6 3989056
3 3989120
6 3989184
9 3989248
10 3989312
8 3989376
5 3989440
1 3989504
6 3989568
7 3989632
6 3989696
10 3989760
5 3989824
5 3989888
9 3989952
9 3990016
9 3990080
1 3990144
9 3990208
6 3990272
6 3990336
9 3990400
7 3990464
6 3990528
0 3990592
2 3990656
2 3990720
3 3990784
6 3990848
4 3990912
4 3990976
9 3991040
9 3991104
5 3991168
10 3991232
1 3991296
4 3991360
3 3991424
7 3991488
10 3991552
0 3991616
4 3991680
3 3991744
10 3991808
4 3991872
2 3991936
4 3992000
9 3992064
1 3992128
6 3992192
2 3992256
6 3992320
3 3992384
1 3992448
7 3992512
7 3992576
7 3992640
4 3992704
4 3992768
2 3992832
2 3992896
2 3992960
1 3993024
2 3993088
10 3993152
4 3993216
2 3993280
10 3993344
1 3993408
9 3993472
7 3993536
3 3993600
8 3993664
1 3993728
10 3993792
10 3993856
9 3993920
0 3993984
3 3994048
4 3994112
7 3994176
3 3994240
1 3994304
7 3994368
5 3994432
1 3994496
0 3994560
10 3994624
2 3994688
9 3994752
5 3994816
8 3994880
3 3994944
8 3995008
5 3995072
0 3995136
8 3995200
3 3995264
3 3995328
2 3995392
7 3995456
1 3995520
0 3995584
4 3995648
5 3995712
3 3995776
5 3995840
1 3995904
3 3995968
5 3996032
10 3996096
6 3996160
3 3996224
10 3996288
4 3996352
3 3996416
1 3996480
7 3996544
1 3996608
9 3996672
10 3996736
10 3996800
1 3996864
6 3996928
3 3996992
3 3997056
5 3997120
4 3997184
7 3997248
10 3997312
1 3997376
5 3997440
4 3997504
3 3997568
3 3997632
10 3997696
10 3997760
8 3997824
2 3997888
5 3997952
4 3998016
1 3998080
7 3998144
6 3998208
8 3998272
9 3998336
2 3998400
10 3998464
2 3998528
0 3998592
6 3998656
8 3998720
2 3998784
9 3998848
10 3998912
9 3998976
4 3999040
5 3999104
8 3999168
0 3999232
2 3999296
8 3999360
4 3999424
5 3999488
7 3999552
1 3999616
10 3999680
8 3999744
6 3999808
9 3999872
10 3999936
1 4000000
9 4000064
10 4000128
10 4000192
8 4000256
1 4000320
6 4000384
2 4000448
5 4000512
4 4000576
9 4000640
9 4000704
3 4000768
1 4000832
4 4000896
5 4000960
3 4001024
6 4001088
5 4001152
1 4001216
3 4001280
3 4001344
8 4001408
6 4001472
1 4001536
3 4001600
6 4001664
7 4001728
4 4001792
6 4001856
1 4001920
6 4001984
1 4002048
6 4002112
0 4002176
5 4002240
4 4002304
3 4002368
3 4002432
7 4002496
10 4002560
0 4002624
7 4002688
10 4002752
3 4002816
6 4002880
7 4002944
1 4003008
2 4003072
7 4003136
4 4003200
7 4003264
0 4003328
6 4003392
9 4003456
5 4003520
3 4003584
1 4003648
2 4003712
1 4003776
7 4003840
8 4003904
9 4003968
4 4004032
0 4004096
10 4004160
10 4004224
6 4004288
9 4004352
7 4004416
2 4004480
9 4004544
6 4004608
7 4004672
2 4004736
0 4004800
4 4004864
1 4004928
8 4004992
6 4005056
2 4005120
9 4005184
3 4005248
1 4005312
9 4005376
1 4005440
10 4005504
6 4005568
7 4005632
8 4005696
10 4005760
7 4005824
5 4005888
8 4005952
6 4006016
4 4006080
7 4006144
4 4006208
0 4006272
1 4006336
9 4006400
2 4006464
10 4006528
5 4006592
5 4006656
3 4006720
1 4006784
7 4006848
5 4006912
5 4006976
0 4007040
4 4007104
6 4007168
1 4007232
6 4007296
1 4007360
4 4007424
3 4007488
8 4007552
4 4007616
0 4007680
3 4007744
9 4007808
7 4007872
2 4007936
6 4008000
7 4008064
5 4008128
4 4008192
5 4008256
7 4008320
6 4008384
9 4008448
10 4008512
0 4008576
9 4008640
4 4008704
1 4008768
4 4008832
2 4008896
5 4008960
10 4009024
0 4009088
9 4009152
5 4009216
6 4009280
3 4009344
6 4009408
10 4009472
0 4009536
3 4009600
8 4009664
5 4009728
10 4009792
5 4009856
2 4009920
8 4009984
8 4010048
2 4010112
3 4010176
1 4010240
3 4010304
2 4010368
9 4010432
9 4010496
6 4010560
7 4010624
8 4010688
3 4010752
4 4010816
3 4010880
5 4010944
8 4011008
10 4011072
10 4011136
5 4011200
9 4011264
9 4011328
1 4011392
9 4011456
7 4011520
7 4011584
6 4011648
3 4011712
8 4011776
5 4011840
8 4011904
6 4011968
10 4012032
9 4012096
2 4012160
2 4012224
5 4012288
10 4012352
4 4012416
3 4012480
7 4012544
6 4012608
3 4012672
6 4012736
6 4012800
2 4012864
8 4012928
7 4012992
1 4013056
1 4013120
7 4013184
1 4013248
6 4013312
5 4013376
3 4013440
10 4013504
5 4013568
9 4013632
5 4013696
5 4013760
3 4013824
9 4013888
4 4013952
5 4014016
0 4014080
6 4014144
10 4014208
9 4014272
8 4014336
9 4014400
5 4014464
8 4014528
10 4014592
2 4014656
9 4014720
4 4014784
8 4014848
6 4014912
3 4014976
0 4015040
9 4015104
9 4015168
7 4015232
2 4015296
8 4015360
5 4015424
5 4015488
10 4015552
4 4015616
1 4015680
7 4015744
9 4015808
3 4015872
9 4015936
4 4016000
3 4016064
1 4016128
4 4016192
9 4016256
1 4016320
4 4016384
2 4016448
1 4016512
5 4016576
4 4016640
4 4016704
0 4016768
9 4016832
6 4016896
7 4016960
6 4017024
2 4017088
4 4017152
2 4017216
8 4017280
5 4017344
7 4017408
4 4017472
0 4017536
4 4017600
0 4017664
5 4017728
2 4017792
10 4017856
7 4017920
10 4017984
7 4018048
0 4018112
3 4018176
5 4018240
4 4018304
7 4018368
6 4018432
6 4018496
3 4018560
0 4018624
7 4018688
10 4018752
7 4018816
9 4018880
9 4018944
7 4019008
5 4019072
1 4019136
10 4019200
10 4019264
0 4019328
9 4019392
0 4019456
6 4019520
10 4019584
5 4019648
1 4019712
9 4019776
4 4019840
0 4019904
7 4019968
2 4020032
3 4020096
4 4020160
6 4020224
1 4020288
5 4020352
0 4020416
4 4020480
1 4020544
1 4020608
7 4020672
0 4020736
8 4020800
2 4020864
9 4020928
2 4020992
2 4021056
0 4021120
9 4021184
2 4021248
5 4021312
1 4021376
3 4021440
9 4021504
0 4021568
0 4021632
2 4021696
9 4021760
5 4021824
0 4021888
1 4021952
1 4022016
4 4022080
7 4022144
4 4022208
10 4022272
7 4022336
2 4022400
9 4022464
9 4022528
0 4022592
5 4022656
5 4022720
5 4022784
2 4022848
3 4022912
7 4022976
8 4023040
3 4023104
9 4023168
0 4023232
4 4023296
9 4023360
7 4023424
5 4023488
7 4023552
4 4023616
5 4023680
6 4023744
8 4023808
4 4023872
4 4023936
2 4024000
6 4024064
3 4024128
3 4024192
3 4024256
3 4024320
10 4024384
8 4024448
8 4024512
4 4024576
6 4024640
5 4024704
1 4024768
9 4024832
0 4024896
3 4024960
4 4025024
8 4025088
3 4025152
0 4025216
8 4025280
2 4025344
4 4025408
1 4025472
3 4025536
0 4025600
1 4025664
6 4025728
0 4025792
6 4025856
10 4025920
4 4025984
10 4026048
4 4026112
9 4026176
0 4026240
3 4026304
5 4026368
10 4026432
9 4026496
3 4026560
4 4026624
1 4026688
7 4026752
10 4026816
7 4026880
10 4026944
3 4027008
3 4027072
4 4027136
10 4027200
10 4027264
3 4027328
10 4027392
0 4027456
7 4027520
1 4027584
8 4027648
2 4027712
1 4027776
10 4027840
8 4027904
2 4027968
1 4028032
6 4028096
10 4028160
0 4028224
6 4028288
10 4028352
3 4028416
9 4028480
2 4028544
3 4028608
1 4028672
8 4028736
6 4028800
7 4028864
10 4028928
10 4028992
8 4029056
1 4029120
10 4029184
1 4029248
10 4029312
0 4029376
8 4029440
0 4029504
2 4029568
3 4029632
8 4029696
8 4029760
3 4029824
6 4029888
9 4029952
10 4030016
7 4030080
0 4030144
10 4030208
2 4030272
10 4030336
5 4030400
7 4030464
9 4030528
5 4030592
3 4030656
5 4030720
6 4030784
4 4030848
4 4030912
10 4030976
1 4031040
1 4031104
9 4031168
10 4031232
10 4031296
3 4031360
5 4031424
4 4031488
7 4031552
2 4031616
8 4031680
6 4031744
3 4031808
9 4031872
9 4031936
6 4032000
2 4032064
4 4032128
0 4032192
10 4032256
2 4032320
3 4032384
8 4032448
4 4032512
9 4032576
2 4032640
0 4032704
3 4032768
1 4032832
7 4032896
10 4032960
5 4033024
9 4033088
1 4033152
4 4033216
5 4033280
0 4033344
9 4033408
0 4033472
9 4033536
10 4033600
0 4033664
10 4033728
3 4033792
9 4033856
10 4033920
5 4033984
7 4034048
2 4034112
8 4034176
6 4034240
9 4034304
3 4034368
9 4034432
5 4034496
3 4034560
9 4034624
10 4034688
1 4034752
0 4034816
6 4034880
7 4034944
3 4035008
3 4035072
3 4035136
8 4035200
2 4035264
7 4035328
6 4035392
5 4035456
3 4035520
4 4035584
8 4035648
10 4035712
0 4035776
2 4035840
4 4035904
9 4035968
6 4036032
6 4036096
8 4036160
9 4036224
9 4036288
2 4036352
3 4036416
8 4036480
5 4036544
8 4036608
5 4036672
5 4036736
2 4036800
0 4036864
1 4036928
0 4036992
10 4037056
1 4037120
10 4037184
10 4037248
5 4037312
10 4037376
4 4037440
4 4037504
4 4037568
8 4037632
4 4037696
7 4037760
9 4037824
2 4037888
0 4037952
7 4038016
4 4038080
0 4038144
5 4038208
1 4038272
8 4038336
7 4038400
0 4038464
3 4038528
10 4038592
2 4038656
2 4038720
1 4038784
10 4038848
7 4038912
7 4038976
5 4039040
9 4039104
9 4039168
0 4039232
2 4039296
5 4039360
4 4039424
10 4039488
9 4039552
8 4039616
3 4039680
9 4039744
1 4039808
0 4039872
3 4039936
2 4040000
0 4040064
4 4040128
1 4040192
0 4040256
3 4040320
10 4040384
7 4040448
2 4040512
8 4040576
1 4040640
0 4040704
2 4040768
9 4040832
7 4040896
2 4040960
9 4041024
5 4041088
7 4041152
5 4041216
5 4041280
1 4041344
2 4041408
6 4041472
3 4041536
7 4041600
0 4041664
10 4041728
0 4041792
7 4041856
9 4041920
6 4041984
10 4042048
3 4042112
3 4042176
0 4042240
2 4042304
2 4042368
5 4042432
1 4042496
7 4042560
6 4042624
6 4042688
6 4042752
8 4042816
9 4042880
9 4042944
2 4043008
1 4043072
2 4043136
7 4043200
4 4043264
6 4043328
2 4043392
1 4043456
3 4043520
3 4043584
4 4043648
5 4043712
9 4043776
5 4043840
8 4043904
2 4043968
10 4044032
9 4044096
5 4044160
6 4044224
5 4044288
6 4044352
2 4044416
1 4044480
9 4044544
2 4044608
9 4044672
5 4044736
9 4044800
0 4044864
9 4044928
9 4044992
4 4045056
4 4045120
1 4045184
4 4045248
7 4045312
5 4045376
3 4045440
7 4045504
6 4045568
3 4045632
7 4045696
8 4045760
2 4045824
5 4045888
6 4045952
4 4046016
8 4046080
5 4046144
8 4046208
6 4046272
4 4046336
7 4046400
6 4046464
6 4046528
9 4046592
5 4046656
10 4046720
5 4046784
10 4046848
7 4046912
7 4046976
0 4047040
5 4047104
1 4047168
8 4047232
6 4047296
5 4047360
0 4047424
6 4047488
7 4047552
9 4047616
9 4047680
6 4047744
4 4047808
5 4047872
1 4047936
1 4048000
5 4048064
9 4048128
10 4048192
0 4048256
5 4048320
9 4048384
2 4048448
5 4048512
6 4048576
8 4048640
7 4048704
0 4048768
4 4048832
2 4048896
6 4048960
4 4049024
6 4049088
9 4049152
7 4049216
9 4049280
5 4049344
0 4049408
8 4049472
0 4049536
4 4049600
6 4049664
6 4049728
0 4049792
10 4049856
6 4049920
3 4049984
8 4050048
2 4050112
8 4050176
5 4050240
0 4050304
4 4050368
1 4050432
6 4050496
2 4050560
7 4050624
5 4050688
0 4050752
10 4050816
10 4050880
2 4050944
0 4051008
10 4051072
9 4051136
2 4051200
2 4051264
5 4051328
2 4051392
1 4051456
2 4051520
3 4051584
8 4051648
0 4051712
2 4051776
9 4051840
10 4051904
4 4051968
4 4052032
6 4052096
2 4052160
7 4052224
6 4052288
3 4052352
5 4052416
1 4052480
4 4052544
8 4052608
7 4052672
4 4052736
9 4052800
7 4052864
10 4052928
1 4052992
5 4053056
10 4053120
1 4053184
2 4053248
10 4053312
9 4053376
5 4053440
4 4053504
5 4053568
8 4053632
9 4053696
3 4053760
8 4053824
5 4053888
3 4053952
10 4054016
3 4054080
5 4054144
8 4054208
10 4054272
4 4054336
9 4054400
9 4054464
10 4054528
9 4054592
10 4054656
9 4054720
1 4054784
6 4054848
9 4054912
5 4054976
3 4055040
5 4055104
10 4055168
10 4055232
9 4055296
5 4055360
2 4055424
2 4055488
8 4055552
7 4055616
10 4055680
10 4055744
5 4055808
1 4055872
2 4055936
0 4056000
9 4056064
0 4056128
1 4056192
8 4056256
1 4056320
7 4056384
10 4056448
4 4056512
9 4056576
7 4056640
3 4056704
1 4056768
1 4056832
1 4056896
4 4056960
9 4057024
6 4057088
3 4057152
3 4057216
6 4057280
0 4057344
9 4057408
8 4057472
9 4057536
1 4057600
0 4057664
5 4057728
10 4057792
0 4057856
4 4057920
10 4057984
5 4058048
9 4058112
6 4058176
10 4058240
1 4058304
9 4058368
10 4058432
7 4058496
10 4058560
4 4058624
0 4058688
0 4058752
5 4058816
9 4058880
7 4058944
5 4059008
8 4059072
3 4059136
4 4059200
10 4059264
4 4059328
5 4059392
9 4059456
4 4059520
2 4059584
1 4059648
0 4059712
4 4059776
2 4059840
0 4059904
10 4059968
8 4060032
4 4060096
1 4060160
8 4060224
2 4060288
8 4060352
10 4060416
6 4060480
5 4060544
4 4060608
9 4060672
0 4060736
7 4060800
8 4060864
7 4060928
2 4060992
5 4061056
5 4061120
0 4061184
5 4061248
4 4061312
1 4061376
5 4061440
1 4061504
9 4061568
0 4061632
9 4061696
3 4061760
7 4061824
5 4061888
7 4061952
7 4062016
0 4062080
7 4062144
9 4062208
6 4062272
10 4062336
0 4062400
10 4062464
6 4062528
1 4062592
10 4062656
6 4062720
9 4062784
4 4062848
1 4062912
3 4062976
5 4063040
1 4063104
2 4063168
8 4063232
4 4063296
8 4063360
3 4063424
6 4063488
9 4063552
5 4063616
5 4063680
9 4063744
5 4063808
8 4063872
2 4063936
7 4064000
7 4064064
0 4064128
6 4064192
9 4064256
9 4064320
2 4064384
2 4064448
6 4064512
9 4064576
10 4064640
1 4064704
5 4064768
6 4064832
9 4064896
10 4064960
10 4065024
4 4065088
9 4065152
0 4065216
6 4065280
0 4065344
8 4065408
10 4065472
2 4065536
7 4065600
6 4065664
1 4065728
0 4065792
0 4065856
2 4065920
3 4065984
5 4066048
1 4066112
10 4066176
2 4066240
0 4066304
9 4066368
4 4066432
5 4066496
9 4066560
6 4066624
9 4066688
1 4066752
5 4066816
7 4066880
3 4066944
4 4067008
9 4067072
4 4067136
3 4067200
8 4067264
5 4067328
10 4067392
10 4067456
6 4067520
3 4067584
3 4067648
7 4067712
5 4067776
9 4067840
8 4067904
4 4067968
9 4068032
1 4068096
3 4068160
8 4068224
7 4068288
8 4068352
7 4068416
0 4068480
1 4068544
8 4068608
8 4068672
1 4068736
10 4068800
10 4068864
10 4068928
1 4068992
1 4069056
3 4069120
3 4069184
7 4069248
9 4069312
5 4069376
10 4069440
2 4069504
3 4069568
3 4069632
1 4069696
4 4069760
3 4069824
2 4069888
4 4069952
1 4070016
10 4070080
7 4070144
0 4070208
10 4070272
7 4070336
1 4070400
2 4070464
7 4070528
8 4070592
7 4070656
9 4070720
6 4070784
3 4070848
3 4070912
8 4070976
7 4071040
9 4071104
10 4071168
0 4071232
8 4071296
1 4071360
3 4071424
10 4071488
2 4071552
2 4071616
0 4071680
8 4071744
2 4071808
2 4071872
0 4071936
4 4072000
4 4072064
8 4072128
4 4072192
10 4072256
3 4072320
5 4072384
1 4072448
9 4072512
7 4072576
8 4072640
8 4072704
1 4072768
6 4072832
4 4072896
9 4072960
5 4073024
7 4073088
1 4073152
0 4073216
4 4073280
2 4073344
10 4073408
5 4073472
9 4073536
9 4073600
0 4073664
0 4073728
10 4073792
2 4073856
8 4073920
4 4073984
2 4074048
2 4074112
4 4074176
1 4074240
7 4074304
0 4074368
1 4074432
8 4074496
10 4074560
3 4074624
10 4074688
1 4074752
3 4074816
7 4074880
7 4074944
10 4075008
4 4075072
3 4075136
4 4075200
0 4075264
3 4075328
0 4075392
5 4075456
10 4075520
7 4075584
9 4075648
2 4075712
5 4075776
10 4075840
1 4075904
7 4075968
3 4076032
3 4076096
3 4076160
5 4076224
8 4076288
1 4076352
3 4076416
6 4076480
8 4076544
2 4076608
2 4076672
0 4076736
1 4076800
10 4076864
5 4076928
2 4076992
9 4077056
7 4077120
9 4077184
6 4077248
8 4077312
5 4077376
4 4077440
6 4077504
2 4077568
1 4077632
1 4077696
6 4077760
7 4077824
0 4077888
10 4077952
0 4078016
6 4078080
2 4078144
0 4078208
8 4078272
2 4078336
1 4078400
2 4078464
4 4078528
0 4078592
7 4078656
10 4078720
6 4078784
6 4078848
4 4078912
10 4078976
10 4079040
5 4079104
10 4079168
3 4079232
6 4079296
2 4079360
9 4079424
2 4079488
1 4079552
3 4079616
5 4079680
0 4079744
10 4079808
1 4079872
1 4079936
3 4080000
4 4080064
4 4080128
9 4080192
6 4080256
8 4080320
9 4080384
5 4080448
0 4080512
9 4080576
2 4080640
9 4080704
1 4080768
8 4080832
4 4080896
8 4080960
9 4081024
9 4081088
4 4081152
5 4081216
4 4081280
10 4081344
9 4081408
4 4081472
9 4081536
7 4081600
2 4081664
5 4081728
4 4081792
7 4081856
2 4081920
10 4081984
0 4082048
4 4082112
7 4082176
4 4082240
4 4082304
2 4082368
10 4082432
1 4082496
7 4082560
5 4082624
6 4082688
3 4082752
9 4082816
4 4082880
9 4082944
0 4083008
4 4083072
6 4083136
5 4083200
1 4083264
4 4083328
4 4083392
4 4083456
4 4083520
6 4083584
5 4083648
7 4083712
4 4083776
8 4083840
1 4083904
4 4083968
5 4084032
2 4084096
5 4084160
2 4084224
8 4084288
8 4084352
8 4084416
10 4084480
6 4084544
4 4084608
6 4084672
5 4084736
0 4084800
8 4084864
9 4084928
3 4084992
0 4085056
4 4085120
3 4085184
1 4085248
7 4085312
8 4085376
4 4085440
2 4085504
1 4085568
3 4085632
9 4085696
1 4085760
3 4085824
6 4085888
9 4085952
9 4086016
7 4086080
5 4086144
4 4086208
8 4086272
3 4086336
9 4086400
3 4086464
7 4086528
7 4086592
7 4086656
2 4086720
7 4086784
1 4086848
5 4086912
4 4086976
2 4087040
2 4087104
4 4087168
1 4087232
2 4087296
5 4087360
0 4087424
3 4087488
8 4087552
10 4087616
3 4087680
4 4087744
1 4087808
2 4087872
4 4087936
7 4088000
2 4088064
2 4088128
3 4088192
7 4088256
2 4088320
0 4088384
7 4088448
4 4088512
1 4088576
9 4088640
7 4088704
5 4088768
3 4088832
7 4088896
0 4088960
10 4089024
0 4089088
6 4089152
3 4089216
2 4089280
3 4089344
9 4089408
9 4089472
8 4089536
10 4089600
10 4089664
8 4089728
7 4089792
7 4089856
3 4089920
3 4089984
5 4090048
2 4090112
1 4090176
0 4090240
8 4090304
5 4090368
8 4090432
3 4090496
10 4090560
7 4090624
5 4090688
5 4090752
10 4090816
8 4090880
2 4090944
6 4091008
3 4091072
2 4091136
1 4091200
8 4091264
9 4091328
4 4091392
5 4091456
1 4091520
0 4091584
8 4091648
8 4091712
5 4091776
8 4091840
9 4091904
9 4091968
8 4092032
10 4092096
1 4092160
8 4092224
1 4092288
1 4092352
9 4092416
9 4092480
4 4092544
2 4092608
8 4092672
1 4092736
7 4092800
8 4092864
3 4092928
4 4092992
2 4093056
10 4093120
0 4093184
6 4093248
4 4093312
3 4093376
3 4093440
10 4093504
9 4093568
10 4093632
5 4093696
5 4093760
3 4093824
4 4093888
3 4093952
3 4094016
4 4094080
9 4094144
10 4094208
7 4094272
1 4094336
9 4094400
7 4094464
2 4094528
10 4094592
0 4094656
4 4094720
0 4094784
9 4094848
10 4094912
3 4094976
2 4095040
4 4095104
2 4095168
4 4095232
3 4095296
10 4095360
0 4095424
0 4095488
9 4095552
10 4095616
1 4095680
10 4095744
7 4095808
3 4095872
1 4095936
6 4096000
3 4096064
3 4096128
2 4096192
4 4096256
10 4096320
3 4096384
0 4096448
10 4096512
8 4096576
10 4096640
10 4096704
7 4096768
2 4096832
4 4096896
4 4096960
7 4097024
8 4097088
3 4097152
9 4097216
0 4097280
7 4097344
1 4097408
2 4097472
1 4097536
2 4097600
5 4097664
7 4097728
9 4097792
8 4097856
9 4097920
6 4097984
9 4098048
1 4098112
0 4098176
2 4098240
4 4098304
1 4098368
9 4098432
8 4098496
10 4098560
2 4098624
7 4098688
2 4098752
4 4098816
4 4098880
10 4098944
9 4099008
5 4099072
2 4099136
0 4099200
7 4099264
6 4099328
9 4099392
9 4099456
10 4099520
1 4099584
5 4099648
2 4099712
8 4099776
3 4099840
1 4099904
1 4099968
9 4100032
7 4100096
7 4100160
8 4100224
9 4100288
5 4100352
1 4100416
6 4100480
6 4100544
5 4100608
0 4100672
1 4100736
8 4100800
0 4100864
0 4100928
5 4100992
4 4101056
4 4101120
0 4101184
2 4101248
7 4101312
7 4101376
6 4101440
0 4101504
1 4101568
10 4101632
2 4101696
3 4101760
1 4101824
6 4101888
2 4101952
5 4102016
7 4102080
5 4102144
1 4102208
0 4102272
0 4102336
0 4102400
3 4102464
6 4102528
6 4102592
8 4102656
5 4102720
7 4102784
4 4102848
3 4102912
9 4102976
7 4103040
10 4103104
3 4103168
8 4103232
4 4103296
7 4103360
10 4103424
1 4103488
8 4103552
4 4103616
5 4103680
8 4103744
1 4103808
6 4103872
3 4103936
0 4104000
2 4104064
1 4104128
2 4104192
9 4104256
1 4104320
8 4104384
2 4104448
3 4104512
6 4104576
3 4104640
7 4104704
2 4104768
5 4104832
1 4104896
1 4104960
2 4105024
9 4105088
10 4105152
8 4105216
0 4105280
3 4105344
1 4105408
0 4105472
2 4105536
6 4105600
2 4105664
3 4105728
7 4105792
0 4105856
5 4105920
0 4105984
6 4106048
7 4106112
10 4106176
4 4106240
8 4106304
2 4106368
10 4106432
5 4106496
2 4106560
2 4106624
9 4106688
2 4106752
5 4106816
4 4106880
6 4106944
5 4107008
10 4107072
4 4107136
7 4107200
6 4107264
3 4107328
1 4107392
6 4107456
9 4107520
1 4107584
4 4107648
5 4107712
5 4107776
9 4107840
0 4107904
3 4107968
6 4108032
5 4108096
3 4108160
5 4108224
4 4108288
2 4108352
3 4108416
7 4108480
2 4108544
4 4108608
6 4108672
6 4108736
7 4108800
6 4108864
2 4108928
2 4108992
6 4109056
7 4109120
6 4109184
1 4109248
7 4109312
4 4109376
10 4109440
7 4109504
9 4109568
0 4109632
4 4109696
5 4109760
5 4109824
2 4109888
2 4109952
4 4110016
2 4110080
0 4110144
5 4110208
9 4110272
6 4110336
4 4110400
2 4110464
5 4110528
4 4110592
9 4110656
7 4110720
8 4110784
0 4110848
6 4110912
4 4110976
3 4111040
7 4111104
1 4111168
9 4111232
10 4111296
6 4111360
0 4111424
10 4111488
3 4111552
4 4111616
8 4111680
9 4111744
7 4111808
3 4111872
1 4111936
1 4112000
6 4112064
0 4112128
1 4112192
5 4112256
6 4112320
5 4112384
3 4112448
9 4112512
9 4112576
5 4112640
2 4112704
1 4112768
1 4112832
10 4112896
10 4112960
5 4113024
4 4113088
2 4113152
4 4113216
0 4113280
1 4113344
5 4113408
0 4113472
10 4113536
4 4113600
3 4113664
10 4113728
7 4113792
9 4113856
0 4113920
8 4113984
6 4114048
8 4114112
0 4114176
8 4114240
8 4114304
3 4114368
5 4114432
8 4114496
5 4114560
5 4114624
8 4114688
10 4114752
3 4114816
6 4114880
4 4114944
5 4115008
4 4115072
10 4115136
8 4115200
7 4115264
5 4115328
9 4115392
7 4115456
9 4115520
9 4115584
7 4115648
4 4115712
2 4115776
5 4115840
4 4115904
2 4115968
10 4116032
9 4116096
10 4116160
0 4116224
4 4116288
3 4116352
6 4116416
8 4116480
2 4116544
7 4116608
5 4116672
6 4116736
8 4116800
4 4116864
9 4116928
7 4116992
10 4117056
8 4117120
5 4117184
0 4117248
7 4117312
8 4117376
10 4117440
6 4117504
7 4117568
2 4117632
5 4117696
3 4117760
0 4117824
8 4117888
1 4117952
5 4118016
8 4118080
0 4118144
8 4118208
6 4118272
7 4118336
8 4118400
10 4118464
9 4118528
4 4118592
5 4118656
1 4118720
1 4118784
9 4118848
3 4118912
10 4118976
2 4119040
4 4119104
6 4119168
7 4119232
1 4119296
10 4119360
10 4119424
9 4119488
9 4119552
9 4119616
2 4119680
7 4119744
5 4119808
2 4119872
3 4119936
7 4120000
1 4120064
0 4120128
0 4120192
2 4120256
9 4120320
5 4120384
9 4120448
10 4120512
6 4120576
3 4120640
5 4120704
1 4120768
8 4120832
7 4120896
5 4120960
7 4121024
0 4121088
5 4121152
3 4121216
2 4121280
0 4121344
9 4121408
3 4121472
6 4121536
1 4121600
3 4121664
10 4121728
10 4121792
0 4121856
1 4121920
4 4121984
4 4122048
6 4122112
4 4122176
1 4122240
9 4122304
7 4122368
2 4122432
9 4122496
10 4122560
4 4122624
1 4122688
10 4122752
0 4122816
3 4122880
6 4122944
7 4123008
5 4123072
8 4123136
0 4123200
6 4123264
9 4123328
3 4123392
2 4123456
8 4123520
9 4123584
4 4123648
0 4123712
1 4123776
1 4123840
7 4123904
1 4123968
3 4124032
0 4124096
3 4124160
7 4124224
0 4124288
9 4124352
7 4124416
1 4124480
8 4124544
4 4124608
6 4124672
7 4124736
9 4124800
0 4124864
8 4124928
7 4124992
7 4125056
3 4125120
7 4125184
3 4125248
10 4125312
1 4125376
6 4125440
9 4125504
2 4125568
7 4125632
5 4125696
9 4125760
2 4125824
7 4125888
4 4125952
6 4126016
0 4126080
1 4126144
0 4126208
0 4126272
6 4126336
10 4126400
9 4126464
10 4126528
7 4126592
7 4126656
4 4126720
0 4126784
0 4126848
9 4126912
7 4126976
0 4127040
1 4127104
8 4127168
3 4127232
2 4127296
5 4127360
10 4127424
10 4127488
6 4127552
6 4127616
1 4127680
8 4127744
0 4127808
6 4127872
1 4127936
0 4128000
8 4128064
5 4128128
3 4128192
7 4128256
0 4128320
0 4128384
7 4128448
0 4128512
0 4128576
1 4128640
0 4128704
2 4128768
2 4128832
2 4128896
1 4128960
2 4129024
6 4129088
8 4129152
3 4129216
9 4129280
0 4129344
5 4129408
1 4129472
0 4129536
1 4129600
1 4129664
8 4129728
1 4129792
6 4129856
9 4129920
3 4129984
4 4130048
9 4130112
1 4130176
0 4130240
6 4130304
7 4130368
6 4130432
9 4130496
8 4130560
7 4130624
1 4130688
0 4130752
1 4130816
4 4130880
9 4130944
4 4131008
1 4131072
1 4131136
6 4131200
3 4131264
2 4131328
8 4131392
2 4131456
2 4131520
5 4131584
1 4131648
9 4131712
6 4131776
4 4131840
2 4131904
9 4131968
5 4132032
8 4132096
10 4132160
6 4132224
1 4132288
6 4132352
7 4132416
2 4132480
1 4132544
1 4132608
7 4132672
0 4132736
2 4132800
5 4132864
4 4132928
4 4132992
9 4133056
6 4133120
5 4133184
5 4133248
0 4133312
2 4133376
4 4133440
2 4133504
1 4133568
8 4133632
10 4133696
2 4133760
5 4133824
4 4133888
10 4133952
8 4134016
0 4134080
5 4134144
7 4134208
5 4134272
9 4134336
5 4134400
0 4134464
2 4134528
4 4134592
2 4134656
4 4134720
10 4134784
2 4134848
6 4134912
3 4134976
3 4135040
5 4135104
2 4135168
3 4135232
1 4135296
10 4135360
7 4135424
10 4135488
5 4135552
4 4135616
8 4135680
7 4135744
7 4135808
1 4135872
10 4135936
3 4136000
2 4136064
0 4136128
2 4136192
0 4136256
6 4136320
1 4136384
3 4136448
9 4136512
10 4136576
2 4136640
0 4136704
3 4136768
1 4136832
8 4136896
6 4136960
7 4137024
6 4137088
7 4137152
4 4137216
4 4137280
8 4137344
2 4137408
2 4137472
8 4137536
7 4137600
8 4137664
0 4137728
7 4137792
3 4137856
9 4137920
0 4137984
0 4138048
4 4138112
9 4138176
6 4138240
3 4138304
0 4138368
9 4138432
6 4138496
6 4138560
6 4138624
7 4138688
6 4138752
2 4138816
9 4138880
6 4138944
0 4139008
10 4139072
2 4139136
9 4139200
6 4139264
10 4139328
4 4139392
9 4139456
9 4139520
1 4139584
10 4139648
0 4139712
4 4139776
7 4139840
1 4139904
6 4139968
4 4140032
9 4140096
5 4140160
4 4140224
5 4140288
10 4140352
8 4140416
4 4140480
4 4140544
6 4140608
5 4140672
7 4140736
7 4140800
1 4140864
3 4140928
10 4140992
7 4141056
1 4141120
5 4141184
3 4141248
4 4141312
2 4141376
7 4141440
8 4141504
9 4141568
3 4141632
10 4141696
2 4141760
8 4141824
7 4141888
3 4141952
2 4142016
2 4142080
7 4142144
6 4142208
6 4142272
5 4142336
4 4142400
8 4142464
10 4142528
4 4142592
2 4142656
7 4142720
4 4142784
9 4142848
4 4142912
6 4142976
4 4143040
5 4143104
10 4143168
4 4143232
10 4143296
0 4143360
3 4143424
0 4143488
0 4143552
2 4143616
10 4143680
1 4143744
4 4143808
3 4143872
6 4143936
6 4144000
5 4144064
9 4144128
4 4144192
5 4144256
3 4144320
8 4144384
8 4144448
2 4144512
3 4144576
2 4144640
3 4144704
4 4144768
5 4144832
3 4144896
3 4144960
5 4145024
6 4145088
6 4145152
8 4145216
2 4145280
2 4145344
8 4145408
9 4145472
6 4145536
5 4145600
7 4145664
10 4145728
5 4145792
4 4145856
9 4145920
10 4145984
2 4146048
10 4146112
0 4146176
3 4146240
9 4146304
8 4146368
0 4146432
1 4146496
3 4146560
3 4146624
10 4146688
7 4146752
10 4146816
6 4146880
1 4146944
9 4147008
1 4147072
5 4147136
10 4147200
7 4147264
7 4147328
0 4147392
1 4147456
4 4147520
1 4147584
1 4147648
1 4147712
5 4147776
8 4147840
1 4147904
10 4147968
6 4148032
2 4148096
3 4148160
1 4148224
5 4148288
3 4148352
9 4148416
4 4148480
2 4148544
8 4148608
1 4148672
1 4148736
5 4148800
8 4148864
7 4148928
6 4148992
5 4149056
0 4149120
9 4149184
1 4149248
6 4149312
3 4149376
9 4149440
7 4149504
10 4149568
5 4149632
0 4149696
5 4149760
7 4149824
9 4149888
2 4149952
1 4150016
5 4150080
1 4150144
0 4150208
10 4150272
9 4150336
8 4150400
1 4150464
0 4150528
0 4150592
10 4150656
9 4150720
4 4150784
4 4150848
3 4150912
0 4150976
0 4151040
2 4151104
7 4151168
7 4151232
3 4151296
2 4151360
0 4151424
10 4151488
6 4151552
5 4151616
6 4151680
9 4151744
4 4151808
2 4151872
7 4151936
10 4152000
6 4152064
10 4152128
3 4152192
8 4152256
0 4152320
10 4152384
8 4152448
2 4152512
6 4152576
3 4152640
2 4152704
6 4152768
7 4152832
6 4152896
3 4152960
10 4153024
1 4153088
1 4153152
4 4153216
3 4153280
1 4153344
0 4153408
7 4153472
5 4153536
3 4153600
9 4153664
8 4153728
7 4153792
1 4153856
4 4153920
1 4153984
4 4154048
2 4154112
6 4154176
4 4154240
2 4154304
9 4154368
3 4154432
0 4154496
6 4154560
10 4154624
4 4154688
6 4154752
1 4154816
4 4154880
3 4154944
8 4155008
3 4155072
8 4155136
1 4155200
6 4155264
7 4155328
4 4155392
2 4155456
8 4155520
9 4155584
5 4155648
4 4155712
0 4155776
5 4155840
8 4155904
4 4155968
10 4156032
7 4156096
4 4156160
3 4156224
8 4156288
9 4156352
4 4156416
7 4156480
5 4156544
2 4156608
8 4156672
9 4156736
7 4156800
2 4156864
10 4156928
4 4156992
5 4157056
9 4157120
7 4157184
9 4157248
8 4157312
9 4157376
8 4157440
2 4157504
2 4157568
4 4157632
5 4157696
5 4157760
4 4157824
0 4157888
10 4157952
4 4158016
2 4158080
1 4158144
0 4158208
0 4158272
1 4158336
4 4158400
10 4158464
9 4158528
9 4158592
6 4158656
1 4158720
1 4158784
7 4158848
7 4158912
8 4158976
5 4159040
4 4159104
5 4159168
3 4159232
9 4159296
10 4159360
0 4159424
5 4159488
7 4159552
9 4159616
8 4159680
6 4159744
6 4159808
2 4159872
6 4159936
9 4160000
2 4160064
3 4160128
3 4160192
9 4160256
5 4160320
3 4160384
0 4160448
0 4160512
10 4160576
10 4160640
2 4160704
10 4160768
5 4160832
5 4160896
3 4160960
9 4161024
5 4161088
10 4161152
2 4161216
10 4161280
5 4161344
6 4161408
3 4161472
7 4161536
7 4161600
10 4161664
3 4161728
1 4161792
2 4161856
5 4161920
2 4161984
4 4162048
5 4162112
8 4162176
7 4162240
0 4162304
1 4162368
3 4162432
1 4162496
1 4162560
1 4162624
7 4162688
5 4162752
1 4162816
7 4162880
3 4162944
10 4163008
3 4163072
5 4163136
8 4163200
3 4163264
6 4163328
2 4163392
4 4163456
9 4163520
10 4163584
2 4163648
1 4163712
5 4163776
1 4163840
5 4163904
6 4163968
9 4164032
4 4164096
4 4164160
3 4164224
8 4164288
7 4164352
8 4164416
7 4164480
1 4164544
7 4164608
1 4164672
3 4164736
5 4164800
10 4164864
9 4164928
3 4164992
5 4165056
10 4165120
8 4165184
10 4165248
9 4165312
1 4165376
0 4165440
5 4165504
4 4165568
8 4165632
2 4165696
5 4165760
6 4165824
2 4165888
7 4165952
3 4166016
9 4166080
6 4166144
4 4166208
3 4166272
10 4166336
3 4166400
1 4166464
6 4166528
1 4166592
2 4166656
0 4166720
10 4166784
9 4166848
9 4166912
2 4166976
8 4167040
6 4167104
10 4167168
8 4167232
10 4167296
7 4167360
8 4167424
4 4167488
2 4167552
10 4167616
7 4167680
7 4167744
5 4167808
1 4167872
5 4167936
3 4168000
6 4168064
10 4168128
7 4168192
2 4168256
0 4168320
9 4168384
7 4168448
5 4168512
0 4168576
6 4168640
6 4168704
9 4168768
9 4168832
1 4168896
10 4168960
10 4169024
2 4169088
8 4169152
5 4169216
6 4169280
8 4169344
5 4169408
9 4169472
4 4169536
4 4169600
1 4169664
6 4169728
4 4169792
9 4169856
3 4169920
3 4169984
1 4170048
1 4170112
1 4170176
5 4170240
6 4170304
10 4170368
8 4170432
5 4170496
4 4170560
0 4170624
2 4170688
6 4170752
2 4170816
1 4170880
8 4170944
0 4171008
6 4171072
10 4171136
0 4171200
3 4171264
6 4171328
3 4171392
2 4171456
3 4171520
10 4171584
5 4171648
1 4171712
8 4171776
5 4171840
2 4171904
2 4171968
9 4172032
10 4172096
1 4172160
6 4172224
5 4172288
6 4172352
1 4172416
3 4172480
0 4172544
7 4172608
3 4172672
9 4172736
8 4172800
7 4172864
1 4172928
10 4172992
10 4173056
4 4173120
8 4173184
4 4173248
10 4173312
5 4173376
4 4173440
4 4173504
3 4173568
0 4173632
0 4173696
7 4173760
10 4173824
4 4173888
5 4173952
10 4174016
7 4174080
7 4174144
7 4174208
4 4174272
1 4174336
10 4174400
4 4174464
6 4174528
5 4174592
1 4174656
8 4174720
3 4174784
1 4174848
6 4174912
3 4174976
3 4175040
2 4175104
5 4175168
3 4175232
3 4175296
6 4175360
3 4175424
0 4175488
5 4175552
7 4175616
5 4175680
7 4175744
8 4175808
6 4175872
6 4175936
0 4176000
7 4176064
0 4176128
2 4176192
5 4176256
0 4176320
7 4176384
6 4176448
6 4176512
6 4176576
0 4176640
6 4176704
9 4176768
10 4176832
10 4176896
5 4176960
0 4177024
8 4177088
5 4177152
2 4177216
6 4177280
1 4177344
0 4177408
6 4177472
8 4177536
9 4177600
6 4177664
5 4177728
5 4177792
3 4177856
2 4177920
6 4177984
4 4178048
7 4178112
4 4178176
1 4178240
10 4178304
4 4178368
1 4178432
2 4178496
10 4178560
4 4178624
0 4178688
10 4178752
4 4178816
3 4178880
9 4178944
6 4179008
8 4179072
4 4179136
8 4179200
3 4179264
5 4179328
9 4179392
6 4179456
0 4179520
0 4179584
0 4179648
1 4179712
8 4179776
10 4179840
10 4179904
2 4179968
0 4180032
8 4180096
7 4180160
1 4180224
6 4180288
10 4180352
3 4180416
8 4180480
8 4180544
1 4180608
9 4180672
3 4180736
10 4180800
9 4180864
10 4180928
10 4180992
2 4181056
7 4181120
1 4181184
9 4181248
1 4181312
8 4181376
9 4181440
9 4181504
3 4181568
8 4181632
1 4181696
9 4181760
8 4181824
7 4181888
9 4181952
2 4182016
1 4182080
6 4182144
5 4182208
0 4182272
1 4182336
8 4182400
1 4182464
7 4182528
5 4182592
7 4182656
6 4182720
0 4182784
1 4182848
8 4182912
0 4182976
8 4183040
6 4183104
7 4183168
10 4183232
5 4183296
2 4183360
2 4183424
6 4183488
2 4183552
4 4183616
9 4183680
1 4183744
5 4183808
2 4183872
10 4183936
8 4184000
9 4184064
3 4184128
2 4184192
8 4184256
1 4184320
6 4184384
6 4184448
5 4184512
1 4184576
7 4184640
7 4184704
3 4184768
1 4184832
3 4184896
1 4184960
9 4185024
7 4185088
4 4185152
9 4185216
3 4185280
1 4185344
3 4185408
5 4185472
2 4185536
7 4185600
10 4185664
6 4185728
2 4185792
5 4185856
5 4185920
9 4185984
3 4186048
7 4186112
6 4186176
10 4186240
5 4186304
1 4186368
1 4186432
8 4186496
2 4186560
5 4186624
6 4186688
6 4186752
10 4186816
5 4186880
1 4186944
6 4187008
3 4187072
9 4187136
1 4187200
7 4187264
2 4187328
7 4187392
1 4187456
5 4187520
4 4187584
8 4187648
3 4187712
6 4187776
2 4187840
8 4187904
1 4187968
3 4188032
4 4188096
1 4188160
3 4188224
5 4188288
0 4188352
3 4188416
3 4188480
4 4188544
6 4188608
0 4188672
7 4188736
4 4188800
9 4188864
6 4188928
10 4188992
8 4189056
7 4189120
5 4189184
7 4189248
4 4189312
10 4189376
4 4189440
6 4189504
5 4189568
4 4189632
4 4189696
8 4189760
2 4189824
1 4189888
8 4189952
7 4190016
3 4190080
9 4190144
8 4190208
10 4190272
2 4190336
1 4190400
2 4190464
5 4190528
5 4190592
8 4190656
8 4190720
7 4190784
7 4190848
4 4190912
0 4190976
5 4191040
0 4191104
3 4191168
1 4191232
5 4191296
1 4191360
3 4191424
4 4191488
10 4191552
6 4191616
5 4191680
0 4191744
8 4191808
10 4191872
6 4191936
5 4192000
6 4192064
9 4192128
9 4192192
6 4192256
3 4192320
8 4192384
7 4192448
4 4192512
4 4192576
7 4192640
7 4192704
1 4192768
3 4192832
4 4192896
1 4192960
2 4193024
5 4193088
3 4193152
10 4193216
8 4193280
10 4193344
3 4193408
4 4193472
1 4193536
0 4193600
6 4193664
5 4193728
7 4193792
2 4193856
9 4193920
9 4193984
7 4194048
6 4194112
6 4194176
5 4194240
6 4194304
2 4194368
0 4194432
6 4194496
7 4194560
10 4194624
0 4194688
3 4194752
9 4194816
3 4194880
3 4194944
6 4195008
7 4195072
10 4195136
7 4195200
7 4195264
4 4195328
4 4195392
1 4195456
0 4195520
10 4195584
8 4195648
4 4195712
3 4195776
9 4195840
7 4195904
1 4195968
1 4196032
8 4196096
2 4196160
0 4196224
0 4196288
3 4196352
10 4196416
4 4196480
0 4196544
9 4196608
3 4196672
5 4196736
8 4196800
2 4196864
7 4196928
10 4196992
1 4197056
7 4197120
3 4197184
10 4197248
2 4197312
0 4197376
3 4197440
1 4197504
10 4197568
0 4197632
6 4197696
6 4197760
6 4197824
4 4197888
6 4197952
5 4198016
1 4198080
8 4198144
4 4198208
7 4198272
8 4198336
8 4198400
7 4198464
10 4198528
9 4198592
7 4198656
8 4198720
8 4198784
8 4198848
4 4198912
5 4198976
8 4199040
10 4199104
7 4199168
9 4199232
5 4199296
7 4199360
9 4199424
7 4199488
1 4199552
1 4199616
4 4199680
9 4199744
1 4199808
7 4199872
9 4199936
4 4200000
6 4200064
1 4200128
10 4200192
9 4200256
0 4200320
6 4200384
9 4200448
2 4200512
3 4200576
10 4200640
9 4200704
5 4200768
1 4200832
0 4200896
8 4200960
10 4201024
3 4201088
2 4201152
7 4201216
10 4201280
8 4201344
6 4201408
6 4201472
8 4201536
6 4201600
8 4201664
10 4201728
9 4201792
9 4201856
8 4201920
4 4201984
2 4202048
0 4202112
0 4202176
3 4202240
2 4202304
6 4202368
5 4202432
0 4202496
10 4202560
3 4202624
0 4202688
5 4202752
2 4202816
4 4202880
1 4202944
1 4203008
4 4203072
2 4203136
0 4203200
7 4203264
6 4203328
5 4203392
1 4203456
3 4203520
3 4203584
5 4203648
2 4203712
9 4203776
4 4203840
9 4203904
5 4203968
7 4204032
6 4204096
0 4204160
3 4204224
10 4204288
9 4204352
6 4204416
1 4204480
0 4204544
8 4204608
4 4204672
10 4204736
10 4204800
9 4204864
2 4204928
9 4204992
7 4205056
0 4205120
4 4205184
5 4205248
3 4205312
8 4205376
6 4205440
8 4205504
7 4205568
6 4205632
1 4205696
2 4205760
9 4205824
7 4205888
6 4205952
7 4206016
6 4206080
2 4206144
1 4206208
10 4206272
3 4206336
5 4206400
4 4206464
10 4206528
5 4206592
6 4206656
1 4206720
4 4206784
3 4206848
1 4206912
5 4206976
3 4207040
10 4207104
8 4207168
10 4207232
3 4207296
10 4207360
4 4207424
8 4207488
10 4207552
9 4207616
9 4207680
5 4207744
3 4207808
1 4207872
2 4207936
0 4208000
0 4208064
8 4208128
5 4208192
9 4208256
0 4208320
4 4208384
0 4208448
0 4208512
2 4208576
4 4208640
1 4208704
10 4208768
7 4208832
0 4208896
3 4208960
6 4209024
4 4209088
2 4209152
3 4209216
7 4209280
3 4209344
3 4209408
1 4209472
3 4209536
4 4209600
10 4209664
2 4209728
4 4209792
1 4209856
4 4209920
10 4209984
7 4210048
1 4210112
8 4210176
9 4210240
7 4210304
6 4210368
2 4210432
1 4210496
7 4210560
7 4210624
9 4210688
10 4210752
4 4210816
2 4210880
10 4210944
9 4211008
2 4211072
1 4211136
0 4211200
1 4211264
7 4211328
2 4211392
7 4211456
4 4211520
8 4211584
2 4211648
1 4211712
5 4211776
1 4211840
7 4211904
5 4211968
0 4212032
7 4212096
10 4212160
9 4212224
6 4212288
3 4212352
1 4212416
3 4212480
2 4212544
4 4212608
10 4212672
0 4212736
10 4212800
4 4212864
9 4212928
6 4212992
1 4213056
9 4213120
6 4213184
10 4213248
10 4213312
5 4213376
1 4213440
9 4213504
6 4213568
6 4213632
2 4213696
7 4213760
1 4213824
4 4213888
5 4213952
7 4214016
0 4214080
6 4214144
5 4214208
8 4214272
6 4214336
8 4214400
6 4214464
2 4214528
3 4214592
7 4214656
8 4214720
5 4214784
7 4214848
7 4214912
1 4214976
10 4215040
7 4215104
1 4215168
2 4215232
1 4215296
9 4215360
9 4215424
9 4215488
3 4215552
10 4215616
9 4215680
1 4215744
7 4215808
6 4215872
7 4215936
0 4216000
10 4216064
7 4216128
10 4216192
0 4216256
0 4216320
2 4216384
2 4216448
10 4216512
7 4216576
9 4216640
6 4216704
2 4216768
4 4216832
4 4216896
5 4216960
2 4217024
7 4217088
8 4217152
4 4217216
3 4217280
0 4217344
0 4217408
3 4217472
9 4217536
8 4217600
7 4217664
8 4217728
10 4217792
0 4217856
6 4217920
4 4217984
6 4218048
5 4218112
9 4218176
4 4218240
9 4218304
1 4218368
10 4218432
8 4218496
6 4218560
8 4218624
10 4218688
4 4218752
9 4218816
10 4218880
8 4218944
7 4219008
4 4219072
9 4219136
3 4219200
2 4219264
0 4219328
3 4219392
9 4219456
2 4219520
2 4219584
6 4219648
8 4219712
6 4219776
8 4219840
7 4219904
0 4219968
10 4220032
10 4220096
3 4220160
7 4220224
5 4220288
5 4220352
7 4220416
8 4220480
5 4220544
4 4220608
5 4220672
7 4220736
6 4220800
5 4220864
3 4220928
0 4220992
9 4221056
2 4221120
4 4221184
6 4221248
4 4221312
3 4221376
0 4221440
8 4221504
1 4221568
3 4221632
2 4221696
2 4221760
2 4221824
5 4221888
7 4221952
5 4222016
0 4222080
4 4222144
1 4222208
2 4222272
2 4222336
6 4222400
6 4222464
4 4222528
3 4222592
5 4222656
0 4222720
9 4222784
4 4222848
5 4222912
5 4222976
10 4223040
10 4223104
7 4223168
3 4223232
1 4223296
4 4223360
9 4223424
2 4223488
10 4223552
6 4223616
6 4223680
2 4223744
2 4223808
10 4223872
4 4223936
7 4224000
7 4224064
6 4224128
0 4224192
3 4224256
8 4224320
2 4224384
10 4224448
8 4224512
0 4224576
7 4224640
1 4224704
0 4224768
0 4224832
2 4224896
4 4224960
5 4225024
8 4225088
8 4225152
10 4225216
6 4225280
4 4225344
1 4225408
10 4225472
7 4225536
10 4225600
9 4225664
3 4225728
9 4225792
9 4225856
6 4225920
9 4225984
7 4226048
9 4226112
3 4226176
10 4226240
10 4226304
3 4226368
9 4226432
3 4226496
3 4226560
8 4226624
3 4226688
3 4226752
8 4226816
7 4226880
6 4226944
8 4227008
8 4227072
3 4227136
8 4227200
6 4227264
8 4227328
9 4227392
8 4227456
2 4227520
5 4227584
8 4227648
1 4227712
7 4227776
3 4227840
8 4227904
6 4227968
8 4228032
1 4228096
6 4228160
5 4228224
2 4228288
2 4228352
3 4228416
5 4228480
0 4228544
7 4228608
10 4228672
9 4228736
10 4228800
9 4228864
3 4228928
7 4228992
8 4229056
7 4229120
3 4229184
10 4229248
5 4229312
2 4229376
1 4229440
9 4229504
9 4229568
8 4229632
0 4229696
6 4229760
8 4229824
4 4229888
9 4229952
6 4230016
0 4230080
10 4230144
3 4230208
3 4230272
4 4230336
2 4230400
9 4230464
9 4230528
5 4230592
0 4230656
8 4230720
6 4230784
7 4230848
2 4230912
2 4230976
6 4231040
10 4231104
10 4231168
6 4231232
2 4231296
8 4231360
1 4231424
0 4231488
7 4231552
6 4231616
7 4231680
7 4231744
7 4231808
8 4231872
6 4231936
7 4232000
10 4232064
3 4232128
9 4232192
7 4232256
1 4232320
8 4232384
1 4232448
9 4232512
0 4232576
5 4232640
10 4232704
9 4232768
7 4232832
4 4232896
6 4232960
8 4233024
9 4233088
9 4233152
3 4233216
3 4233280
0 4233344
5 4233408
3 4233472
7 4233536
4 4233600
0 4233664
10 4233728
6 4233792
2 4233856
4 4233920
2 4233984
6 4234048
1 4234112
0 4234176
3 4234240
3 4234304
2 4234368
4 4234432
8 4234496
7 4234560
7 4234624
3 4234688
6 4234752
5 4234816
1 4234880
8 4234944
8 4235008
4 4235072
9 4235136
1 4235200
9 4235264
8 4235328
6 4235392
6 4235456
1 4235520
3 4235584
2 4235648
9 4235712
4 4235776
0 4235840
6 4235904
3 4235968
5 4236032
7 4236096
2 4236160
4 4236224
7 4236288
6 4236352
3 4236416
9 4236480
8 4236544
5 4236608
7 4236672
2 4236736
6 4236800
10 4236864
8 4236928
5 4236992
0 4237056
0 4237120
7 4237184
2 4237248
8 4237312
10 4237376
4 4237440
3 4237504
8 4237568
10 4237632
5 4237696
8 4237760
0 4237824
0 4237888
9 4237952
9 4238016
9 4238080
8 4238144
6 4238208
6 4238272
10 4238336
9 4238400
2 4238464
4 4238528
10 4238592
5 4238656
0 4238720
5 4238784
1 4238848
4 4238912
9 4238976
0 4239040
4 4239104
8 4239168
7 4239232
3 4239296
5 4239360
9 4239424
7 4239488
5 4239552
4 4239616
3 4239680
4 4239744
5 4239808
3 4239872
6 4239936
4 4240000
9 4240064
9 4240128
6 4240192
1 4240256
0 4240320
7 4240384
7 4240448
9 4240512
9 4240576
10 4240640
7 4240704
7 4240768
2 4240832
2 4240896
2 4240960
2 4241024
6 4241088
4 4241152
6 4241216
10 4241280
1 4241344
5 4241408
3 4241472
3 4241536
0 4241600
0 4241664
2 4241728
7 4241792
0 4241856
2 4241920
7 4241984
5 4242048
0 4242112
7 4242176
6 4242240
9 4242304
7 4242368
6 4242432
9 4242496
3 4242560
8 4242624
0 4242688
5 4242752
1 4242816
4 4242880
5 4242944
3 4243008
8 4243072
6 4243136
10 4243200
9 4243264
10 4243328
0 4243392
1 4243456
6 4243520
8 4243584
1 4243648
2 4243712
0 4243776
7 4243840
5 4243904
0 4243968
0 4244032
0 4244096
6 4244160
9 4244224
9 4244288
10 4244352
1 4244416
5 4244480
5 4244544
8 4244608
5 4244672
9 4244736
3 4244800
9 4244864
10 4244928
2 4244992
2 4245056
4 4245120
4 4245184
5 4245248
5 4245312
6 4245376
5 4245440
2 4245504
3 4245568
2 4245632
2 4245696
1 4245760
4 4245824
8 4245888
9 4245952
4 4246016
4 4246080
1 4246144
3 4246208
9 4246272
9 4246336
9 4246400
5 4246464
10 4246528
1 4246592
7 4246656
6 4246720
9 4246784
9 4246848
3 4246912
3 4246976
0 4247040
3 4247104
8 4247168
1 4247232
5 4247296
6 4247360
9 4247424
5 4247488
9 4247552
0 4247616
7 4247680
0 4247744
5 4247808
10 4247872
10 4247936
6 4248000
9 4248064
5 4248128
1 4248192
0 4248256
6 4248320
3 4248384
6 4248448
1 4248512
10 4248576
1 4248640
2 4248704
8 4248768
7 4248832
4 4248896
0 4248960
8 4249024
10 4249088
1 4249152
1 4249216
7 4249280
3 4249344
0 4249408
10 4249472
6 4249536
9 4249600
9 4249664
3 4249728
8 4249792
2 4249856
1 4249920
4 4249984
5 4250048
2 4250112
8 4250176
7 4250240
8 4250304
9 4250368
9 4250432
9 4250496
9 4250560
6 4250624
2 4250688
8 4250752
9 4250816
3 4250880
0 4250944
10 4251008
2 4251072
8 4251136
4 4251200
0 4251264
5 4251328
2 4251392
1 4251456
8 4251520
5 4251584
0 4251648
5 4251712
6 4251776
0 4251840
8 4251904
3 4251968
1 4252032
9 4252096
1 4252160
2 4252224
10 4252288
6 4252352
0 4252416
4 4252480
8 4252544
5 4252608
8 4252672
9 4252736
6 4252800
5 4252864
4 4252928
9 4252992
8 4253056
1 4253120
8 4253184
4 4253248
4 4253312
0 4253376
9 4253440
3 4253504
8 4253568
6 4253632
5 4253696
4 4253760
7 4253824
1 4253888
9 4253952
2 4254016
7 4254080
10 4254144
0 4254208
10 4254272
5 4254336
4 4254400
8 4254464
7 4254528
4 4254592
8 4254656
7 4254720
0 4254784
5 4254848
6 4254912
6 4254976
2 4255040
3 4255104
0 4255168
0 4255232
5 4255296
6 4255360
0 4255424
9 4255488
10 4255552
4 4255616
4 4255680
10 4255744
6 4255808
1 4255872
5 4255936
0 4256000
1 4256064
2 4256128
10 4256192
3 4256256
5 4256320
0 4256384
6 4256448
6 4256512
10 4256576
5 4256640
6 4256704
6 4256768
0 4256832
5 4256896
0 4256960
5 4257024
9 4257088
0 4257152
8 4257216
5 4257280
10 4257344
5 4257408
7 4257472
6 4257536
5 4257600
7 4257664
8 4257728
9 4257792
3 4257856
7 4257920
9 4257984
3 4258048
9 4258112
1 4258176
9 4258240
4 4258304
7 4258368
4 4258432
3 4258496
7 4258560
2 4258624
9 4258688
9 4258752
0 4258816
3 4258880
5 4258944
2 4259008
1 4259072
9 4259136
6 4259200
0 4259264
9 4259328
1 4259392
0 4259456
2 4259520
7 4259584
6 4259648
4 4259712
7 4259776
1 4259840
4 4259904
2 4259968
4 4260032
10 4260096
10 4260160
3 4260224
2 4260288
1 4260352
1 4260416
1 4260480
10 4260544
9 4260608
0 4260672
2 4260736
6 4260800
10 4260864
6 4260928
10 4260992
2 4261056
3 4261120
7 4261184
7 4261248
3 4261312
10 4261376
8 4261440
1 4261504
3 4261568
3 4261632
0 4261696
9 4261760
8 4261824
3 4261888
1 4261952
4 4262016
5 4262080
2 4262144
3 4262208
7 4262272
8 4262336
0 4262400
3 4262464
4 4262528
6 4262592
3 4262656
3 4262720
2 4262784
8 4262848
7 4262912
4 4262976
10 4263040
2 4263104
5 4263168
6 4263232
5 4263296
6 4263360
8 4263424
6 4263488
6 4263552
8 4263616
0 4263680
10 4263744
5 4263808
8 4263872
0 4263936
0 4264000
0 4264064
5 4264128
8 4264192
9 4264256
10 4264320
5 4264384
3 4264448
8 4264512
1 4264576
5 4264640
7 4264704
5 4264768
0 4264832
1 4264896
5 4264960
4 4265024
3 4265088
10 4265152
8 4265216
5 4265280
7 4265344
8 4265408
1 4265472
8 4265536
10 4265600
0 4265664
7 4265728
7 4265792
9 4265856
4 4265920
9 4265984
1 4266048
4 4266112
8 4266176
8 4266240
1 4266304
5 4266368
10 4266432
10 4266496
1 4266560
4 4266624
4 4266688
6 4266752
6 4266816
1 4266880
9 4266944
10 4267008
9 4267072
5 4267136
4 4267200
1 4267264
7 4267328
1 4267392
0 4267456
0 4267520
6 4267584
5 4267648
6 4267712
2 4267776
6 4267840
6 4267904
6 4267968
8 4268032
8 4268096
5 4268160
4 4268224
5 4268288
10 4268352
5 4268416
3 4268480
10 4268544
10 4268608
6 4268672
3 4268736
7 4268800
7 4268864
6 4268928
6 4268992
5 4269056
9 4269120
9 4269184
5 4269248
9 4269312
9 4269376
0 4269440
2 4269504
10 4269568
3 4269632
4 4269696
4 4269760
2 4269824
3 4269888
8 4269952
1 4270016
6 4270080
2 4270144
2 4270208
6 4270272
6 4270336
4 4270400
8 4270464
4 4270528
9 4270592
10 4270656
1 4270720
8 4270784
10 4270848
6 4270912
1 4270976
4 4271040
6 4271104
2 4271168
8 4271232
8 4271296
3 4271360
6 4271424
3 4271488
5 4271552
8 4271616
0 4271680
10 4271744
5 4271808
3 4271872
3 4271936
1 4272000
10 4272064
5 4272128
1 4272192
10 4272256
3 4272320
1 4272384
10 4272448
3 4272512
5 4272576
6 4272640
1 4272704
1 4272768
7 4272832
0 4272896
2 4272960
7 4273024
8 4273088
4 4273152
7 4273216
3 4273280
4 4273344
4 4273408
7 4273472
9 4273536
3 4273600
7 4273664
2 4273728
2 4273792
3 4273856
9 4273920
1 4273984
7 4274048
6 4274112
1 4274176
9 4274240
6 4274304
8 4274368
2 4274432
2 4274496
5 4274560
8 4274624
8 4274688
5 4274752
10 4274816
8 4274880
4 4274944
10 4275008
3 4275072
1 4275136
3 4275200
10 4275264
5 4275328
10 4275392
10 4275456
7 4275520
4 4275584
0 4275648
8 4275712
7 4275776
4 4275840
7 4275904
4 4275968
0 4276032
7 4276096
3 4276160
9 4276224
7 4276288
2 4276352
9 4276416
10 4276480
6 4276544
1 4276608
7 4276672
5 4276736
6 4276800
5 4276864
7 4276928
7 4276992
9 4277056
9 4277120
0 4277184
6 4277248
1 4277312
8 4277376
3 4277440
4 4277504
4 4277568
2 4277632
5 4277696
1 4277760
1 4277824
8 4277888
0 4277952
9 4278016
5 4278080
4 4278144
5 4278208
5 4278272
1 4278336
9 4278400
10 4278464
2 4278528
4 4278592
1 4278656
5 4278720
2 4278784
8 4278848
6 4278912
3 4278976
4 4279040
8 4279104
4 4279168
0 4279232
1 4279296
6 4279360
1 4279424
10 4279488
7 4279552
0 4279616
10 4279680
10 4279744
6 4279808
4 4279872
9 4279936
1 4280000
4 4280064
4 4280128
5 4280192
3 4280256
3 4280320
7 4280384
5 4280448
2 4280512
0 4280576
1 4280640
5 4280704
6 4280768
9 4280832
1 4280896
4 4280960
6 4281024
10 4281088
1 4281152
6 4281216
10 4281280
4 4281344
1 4281408
5 4281472
7 4281536
3 4281600
3 4281664
7 4281728
6 4281792
8 4281856
4 4281920
0 4281984
9 4282048
1 4282112
3 4282176
4 4282240
1 4282304
10 4282368
7 4282432
8 4282496
1 4282560
0 4282624
9 4282688
0 4282752
7 4282816
1 4282880
9 4282944
5 4283008
7 4283072
10 4283136
1 4283200
10 4283264
4 4283328
5 4283392
1 4283456
4 4283520
9 4283584
5 4283648
1 4283712
4 4283776
9 4283840
10 4283904
5 4283968
5 4284032
8 4284096
3 4284160
8 4284224
7 4284288
3 4284352
6 4284416
8 4284480
0 4284544
7 4284608
2 4284672
9 4284736
6 4284800
6 4284864
1 4284928
8 4284992
0 4285056
8 4285120
4 4285184
3 4285248
8 4285312
8 4285376
1 4285440
6 4285504
8 4285568
4 4285632
8 4285696
2 4285760
7 4285824
2 4285888
3 4285952
10 4286016
0 4286080
9 4286144
9 4286208
0 4286272
7 4286336
0 4286400
4 4286464
6 4286528
4 4286592
4 4286656
5 4286720
0 4286784
3 4286848
0 4286912
10 4286976
0 4287040
6 4287104
10 4287168
0 4287232
4 4287296
5 4287360
1 4287424
10 4287488
9 4287552
9 4287616
0 4287680
8 4287744
1 4287808
8 4287872
7 4287936
3 4288000
3 4288064
0 4288128
0 4288192
2 4288256
7 4288320
10 4288384
6 4288448
3 4288512
2 4288576
7 4288640
2 4288704
2 4288768
3 4288832
7 4288896
3 4288960
6 4289024
9 4289088
5 4289152
0 4289216
4 4289280
3 4289344
2 4289408
10 4289472
6 4289536
0 4289600
5 4289664
9 4289728
0 4289792
4 4289856
7 4289920
3 4289984
5 4290048
3 4290112
5 4290176
2 4290240
2 4290304
6 4290368
10 4290432
5 4290496
4 4290560
9 4290624
3 4290688
0 4290752
5 4290816
3 4290880
9 4290944
7 4291008
3 4291072
4 4291136
5 4291200
1 4291264
3 4291328
10 4291392
10 4291456
5 4291520
9 4291584
9 4291648
6 4291712
4 4291776
2 4291840
6 4291904
0 4291968
10 4292032
6 4292096
0 4292160
0 4292224
9 4292288
8 4292352
9 4292416
7 4292480
2 4292544
7 4292608
4 4292672
0 4292736
5 4292800
1 4292864
4 4292928
10 4292992
3 4293056
1 4293120
6 4293184
4 4293248
1 4293312
1 4293376
9 4293440
9 4293504
1 4293568
3 4293632
6 4293696
5 4293760
6 4293824
4 4293888
0 4293952
10 4294016
2 4294080
5 4294144
4 4294208
2 4294272
6 4294336
0 4294400
0 4294464
6 4294528
2 4294592
8 4294656
10 4294720
9 4294784
10 4294848
2 4294912
2 4294976
3 4295040
8 4295104
4 4295168
3 4295232
5 4295296
7 4295360
9 4295424
9 4295488
3 4295552
8 4295616
10 4295680
9 4295744
5 4295808
9 4295872
4 4295936
5 4296000
8 4296064
9 4296128
2 4296192
2 4296256
5 4296320
1 4296384
10 4296448
7 4296512
4 4296576
7 4296640
5 4296704
2 4296768
9 4296832
4 4296896
9 4296960
7 4297024
7 4297088
5 4297152
6 4297216
5 4297280
5 4297344
1 4297408
2 4297472
8 4297536
8 4297600
10 4297664
9 4297728
10 4297792
5 4297856
6 4297920
3 4297984
8 4298048
3 4298112
6 4298176
7 4298240
6 4298304
6 4298368
5 4298432
7 4298496
0 4298560
3 4298624
1 4298688
0 4298752
1 4298816
2 4298880
2 4298944
10 4299008
1 4299072
3 4299136
3 4299200
10 4299264
8 4299328
7 4299392
5 4299456
3 4299520
10 4299584
10 4299648
4 4299712
2 4299776
1 4299840
4 4299904
4 4299968
8 4300032
3 4300096
5 4300160
4 4300224
10 4300288
5 4300352
7 4300416
4 4300480
9 4300544
8 4300608
8 4300672
10 4300736
3 4300800
9 4300864
6 4300928
8 4300992
3 4301056
8 4301120
2 4301184
5 4301248
2 4301312
5 4301376
4 4301440
3 4301504
0 4301568
9 4301632
3 4301696
5 4301760
3 4301824
5 4301888
2 4301952
1 4302016
5 4302080
1 4302144
7 4302208
3 4302272
10 4302336
4 4302400
6 4302464
6 4302528
0 4302592
6 4302656
8 4302720
9 4302784
10 4302848
9 4302912
2 4302976
4 4303040
7 4303104
1 4303168
5 4303232
7 4303296
5 4303360
6 4303424
1 4303488
0 4303552
8 4303616
0 4303680
10 4303744
1 4303808
0 4303872
3 4303936
0 4304000
2 4304064
2 4304128
1 4304192
2 4304256
3 4304320
9 4304384
5 4304448
5 4304512
1 4304576
2 4304640
1 4304704
6 4304768
9 4304832
8 4304896
3 4304960
2 4305024
3 4305088
2 4305152
8 4305216
5 4305280
4 4305344
1 4305408
4 4305472
2 4305536
2 4305600
6 4305664
3 4305728
10 4305792
2 4305856
6 4305920
2 4305984
1 4306048
4 4306112
4 4306176
5 4306240
3 4306304
7 4306368
1 4306432
5 4306496
10 4306560
0 4306624
4 4306688
5 4306752
1 4306816
9 4306880
6 4306944
7 4307008
8 4307072
7 4307136
7 4307200
8 4307264
8 4307328
0 4307392
1 4307456
10 4307520
1 4307584
10 4307648
5 4307712
9 4307776
1 4307840
3 4307904
2 4307968
6 4308032
8 4308096
4 4308160
2 4308224
3 4308288
2 4308352
10 4308416
6 4308480
3 4308544
5 4308608
5 4308672
4 4308736
6 4308800
9 4308864
10 4308928
0 4308992
3 4309056
3 4309120
6 4309184
9 4309248
3 4309312
1 4309376
0 4309440
5 4309504
7 4309568
1 4309632
9 4309696
7 4309760
3 4309824
2 4309888
3 4309952
8 4310016
1 4310080
5 4310144
4 4310208
5 4310272
5 4310336
2 4310400
7 4310464
8 4310528
7 4310592
6 4310656
10 4310720
2 4310784
10 4310848
6 4310912
0 4310976
2 4311040
3 4311104
5 4311168
6 4311232
4 4311296
0 4311360
10 4311424
9 4311488
3 4311552
0 4311616
9 4311680
9 4311744
9 4311808
8 4311872
6 4311936
8 4312000
9 4312064
1 4312128
9 4312192
5 4312256
0 4312320
7 4312384
8 4312448
6 4312512
7 4312576
9 4312640
6 4312704
9 4312768
9 4312832
9 4312896
9 4312960
3 4313024
10 4313088
8 4313152
1 4313216
9 4313280
10 4313344
1 4313408
10 4313472
9 4313536
4 4313600
8 4313664
10 4313728
7 4313792
4 4313856
6 4313920
1 4313984
2 4314048
3 4314112
10 4314176
1 4314240
9 4314304
10 4314368
0 4314432
0 4314496
2 4314560
4 4314624
1 4314688
5 4314752
5 4314816
1 4314880
7 4314944
5 4315008
8 4315072
6 4315136
3 4315200
7 4315264
3 4315328
5 4315392
3 4315456
3 4315520
2 4315584
7 4315648
0 4315712
2 4315776
8 4315840
9 4315904
9 4315968
6 4316032
6 4316096
6 4316160
8 4316224
6 4316288
8 4316352
5 4316416
8 4316480
4 4316544
3 4316608
1 4316672
1 4316736
6 4316800
2 4316864
1 4316928
0 4316992
10 4317056
6 4317120
5 4317184
1 4317248
4 4317312
9 4317376
4 4317440
7 4317504
3 4317568
9 4317632
6 4317696
5 4317760
10 4317824
4 4317888
3 4317952
1 4318016
0 4318080
5 4318144
5 4318208
7 4318272
7 4318336
1 4318400
10 4318464
0 4318528
3 4318592
10 4318656
0 4318720
10 4318784
2 4318848
7 4318912
5 4318976
9 4319040
6 4319104
0 4319168
8 4319232
10 4319296
8 4319360
9 4319424
5 4319488
8 4319552
6 4319616
9 4319680
7 4319744
9 4319808
3 4319872
5 4319936
8 4320000
4 4320064
3 4320128
4 4320192
2 4320256
3 4320320
1 4320384
4 4320448
9 4320512
4 4320576
5 4320640
2 4320704
1 4320768
2 4320832
5 4320896
8 4320960
6 4321024
0 4321088
6 4321152
2 4321216
10 4321280
0 4321344
9 4321408
8 4321472
1 4321536
8 4321600
0 4321664
10 4321728
4 4321792
0 4321856
10 4321920
9 4321984
9 4322048
9 4322112
1 4322176
5 4322240
1 4322304
4 4322368
1 4322432
4 4322496
0 4322560
5 4322624
0 4322688
8 4322752
5 4322816
0 4322880
10 4322944
1 4323008
3 4323072
10 4323136
4 4323200
7 4323264
10 4323328
4 4323392
2 4323456
9 4323520
6 4323584
3 4323648
6 4323712
4 4323776
1 4323840
2 4323904
2 4323968
6 4324032
4 4324096
7 4324160
2 4324224
5 4324288
4 4324352
3 4324416
9 4324480
2 4324544
4 4324608
5 4324672
3 4324736
9 4324800
6 4324864
0 4324928
4 4324992
2 4325056
4 4325120
0 4325184
8 4325248
1 4325312
7 4325376
4 4325440
10 4325504
4 4325568
2 4325632
5 4325696
10 4325760
3 4325824
9 4325888
6 4325952
8 4326016
10 4326080
5 4326144
10 4326208
2 4326272
7 4326336
6 4326400
8 4326464
2 4326528
0 4326592
9 4326656
1 4326720
8 4326784
10 4326848
8 4326912
1 4326976
2 4327040
2 4327104
4 4327168
6 4327232
6 4327296
1 4327360
4 4327424
2 4327488
8 4327552
0 4327616
9 4327680
7 4327744
0 4327808
2 4327872
0 4327936
9 4328000
7 4328064
9 4328128
0 4328192
9 4328256
6 4328320
10 4328384
3 4328448
5 4328512
1 4328576
10 4328640
5 4328704
9 4328768
1 4328832
1 4328896
7 4328960
5 4329024
10 4329088
3 4329152
3 4329216
1 4329280
7 4329344
0 4329408
2 4329472
10 4329536
5 4329600
3 4329664
3 4329728
7 4329792
9 4329856
7 4329920
0 4329984
8 4330048
6 4330112
0 4330176
4 4330240
10 4330304
3 4330368
7 4330432
7 4330496
5 4330560
8 4330624
7 4330688
2 4330752
5 4330816
3 4330880
7 4330944
1 4331008
7 4331072
2 4331136
0 4331200
10 4331264
1 4331328
5 4331392
3 4331456
3 4331520
3 4331584
0 4331648
0 4331712
3 4331776
2 4331840
5 4331904
6 4331968
9 4332032
6 4332096
4 4332160
7 4332224
4 4332288
1 4332352
3 4332416
3 4332480
1 4332544
1 4332608
5 4332672
1 4332736
9 4332800
6 4332864
8 4332928
3 4332992
9 4333056
4 4333120
8 4333184
4 4333248
2 4333312
2 4333376
6 4333440
10 4333504
6 4333568
3 4333632
1 4333696
5 4333760
4 4333824
3 4333888
0 4333952
9 4334016
9 4334080
0 4334144
3 4334208
10 4334272
10 4334336
4 4334400
9 4334464
1 4334528
3 4334592
1 4334656
5 4334720
6 4334784
10 4334848
5 4334912
3 4334976
6 4335040
6 4335104
7 4335168
1 4335232
3 4335296
6 4335360
4 4335424
6 4335488
3 4335552
5 4335616
1 4335680
4 4335744
5 4335808
2 4335872
2 4335936
8 4336000
10 4336064
2 4336128
3 4336192
2 4336256
5 4336320
10 4336384
3 4336448
4 4336512
8 4336576
10 4336640
5 4336704
2 4336768
9 4336832
7 4336896
9 4336960
9 4337024
3 4337088
4 4337152
9 4337216
6 4337280
5 4337344
7 4337408
7 4337472
5 4337536
8 4337600
3 4337664
10 4337728
3 4337792
5 4337856
2 4337920
1 4337984
10 4338048
9 4338112
7 4338176
0 4338240
10 4338304
6 4338368
4 4338432
0 4338496
6 4338560
4 4338624
1 4338688
2 4338752
3 4338816
10 4338880
1 4338944
5 4339008
4 4339072
0 4339136
2 4339200
4 4339264
4 4339328
7 4339392
8 4339456
3 4339520
0 4339584
7 4339648
5 4339712
0 4339776
1 4339840
6 4339904
3 4339968
2 4340032
7 4340096
10 4340160
0 4340224
3 4340288
10 4340352
4 4340416
9 4340480
1 4340544
4 4340608
1 4340672
0 4340736
10 4340800
5 4340864
2 4340928
6 4340992
9 4341056
10 4341120
6 4341184
3 4341248
6 4341312
4 4341376
2 4341440
7 4341504
2 4341568
1 4341632
2 4341696
6 4341760
4 4341824
10 4341888
5 4341952
4 4342016
3 4342080
6 4342144
7 4342208
6 4342272
8 4342336
10 4342400
7 4342464
9 4342528
6 4342592
7 4342656
10 4342720
4 4342784
6 4342848
7 4342912
10 4342976
2 4343040
6 4343104
9 4343168
8 4343232
6 4343296
3 4343360
0 4343424
1 4343488
3 4343552
3 4343616
3 4343680
2 4343744
7 4343808
9 4343872
8 4343936
8 4344000
2 4344064
1 4344128
7 4344192
0 4344256
2 4344320
10 4344384
6 4344448
10 4344512
7 4344576
1 4344640
9 4344704
9 4344768
6 4344832
1 4344896
4 4344960
9 4345024
4 4345088
9 4345152
1 4345216
8 4345280
5 4345344
1 4345408
4 4345472
7 4345536
5 4345600
6 4345664
1 4345728
6 4345792
0 4345856
3 4345920
8 4345984
4 4346048
9 4346112
5 4346176
2 4346240
6 4346304
0 4346368
6 4346432
8 4346496
2 4346560
2 4346624
8 4346688
7 4346752
9 4346816
5 4346880
6 4346944
1 4347008
4 4347072
1 4347136
0 4347200
9 4347264
6 4347328
6 4347392
1 4347456
10 4347520
5 4347584
9 4347648
2 4347712
9 4347776
3 4347840
2 4347904
5 4347968
7 4348032
8 4348096
9 4348160
0 4348224
8 4348288
8 4348352
5 4348416
0 4348480
6 4348544
9 4348608
0 4348672
3 4348736
0 4348800
3 4348864
4 4348928
7 4348992
1 4349056
1 4349120
2 4349184
0 4349248
2 4349312
7 4349376
3 4349440
0 4349504
10 4349568
2 4349632
3 4349696
8 4349760
10 4349824
5 4349888
10 4349952
9 4350016
5 4350080
1 4350144
10 4350208
2 4350272
9 4350336
10 4350400
2 4350464
0 4350528
7 4350592
2 4350656
2 4350720
3 4350784
0 4350848
3 4350912
3 4350976
5 4351040
8 4351104
2 4351168
3 4351232
3 4351296
9 4351360
8 4351424
9 4351488
10 4351552
5 4351616
1 4351680
1 4351744
1 4351808
3 4351872
10 4351936
9 4352000
9 4352064
7 4352128
7 4352192
3 4352256
8 4352320
10 4352384
7 4352448
9 4352512
2 4352576
7 4352640
8 4352704
7 4352768
6 4352832
7 4352896
8 4352960
2 4353024
3 4353088
6 4353152
0 4353216
10 4353280
8 4353344
4 4353408
2 4353472
2 4353536
9 4353600
6 4353664
6 4353728
5 4353792
1 4353856
4 4353920
4 4353984
10 4354048
4 4354112
8 4354176
6 4354240
5 4354304
7 4354368
4 4354432
3 4354496
0 4354560
6 4354624
2 4354688
0 4354752
6 4354816
8 4354880
1 4354944
4 4355008
10 4355072
10 4355136
8 4355200
10 4355264
4 4355328
9 4355392
9 4355456
10 4355520
1 4355584
9 4355648
8 4355712
7 4355776
2 4355840
0 4355904
2 4355968
9 4356032
8 4356096
1 4356160
1 4356224
3 4356288
0 4356352
0 4356416
8 4356480
4 4356544
3 4356608
10 4356672
3 4356736
9 4356800
1 4356864
4 4356928
1 4356992
9 4357056
8 4357120
1 4357184
1 4357248
10 4357312
7 4357376
9 4357440
6 4357504
3 4357568
3 4357632
0 4357696
10 4357760
5 4357824
0 4357888
7 4357952
4 4358016
9 4358080
5 4358144
0 4358208
4 4358272
4 4358336
3 4358400
2 4358464
7 4358528
1 4358592
9 4358656
2 4358720
9 4358784
8 4358848
10 4358912
0 4358976
2 4359040
8 4359104
4 4359168
10 4359232
4 4359296
1 4359360
6 4359424
1 4359488
10 4359552
6 4359616
9 4359680
3 4359744
10 4359808
6 4359872
2 4359936
4 4360000
0 4360064
8 4360128
8 4360192
5 4360256
1 4360320
10 4360384
10 4360448
6 4360512
3 4360576
2 4360640
3 4360704
8 4360768
1 4360832
3 4360896
7 4360960
0 4361024
5 4361088
7 4361152
10 4361216
4 4361280
1 4361344
0 4361408
3 4361472
7 4361536
6 4361600
2 4361664
2 4361728
6 4361792
5 4361856
9 4361920
4 4361984
1 4362048
5 4362112
2 4362176
5 4362240
8 4362304
3 4362368
8 4362432
5 4362496
1 4362560
6 4362624
3 4362688
5 4362752
7 4362816
8 4362880
1 4362944
1 4363008
6 4363072
4 4363136
4 4363200
6 4363264
6 4363328
8 4363392
4 4363456
7 4363520
1 4363584
3 4363648
2 4363712
10 4363776
9 4363840
0 4363904
1 4363968
0 4364032
2 4364096
9 4364160
10 4364224
1 4364288
5 4364352
8 4364416
10 4364480
5 4364544
10 4364608
1 4364672
1 4364736
8 4364800
5 4364864
8 4364928
1 4364992
1 4365056
0 4365120
1 4365184
4 4365248
6 4365312
0 4365376
2 4365440
3 4365504
5 4365568
3 4365632
5 4365696
10 4365760
9 4365824
6 4365888
8 4365952
2 4366016
8 4366080
9 4366144
0 4366208
1 4366272
4 4366336
0 4366400
8 4366464
1 4366528
2 4366592
3 4366656
5 4366720
6 4366784
3 4366848
1 4366912
6 4366976
7 4367040
6 4367104
6 4367168
0 4367232
2 4367296
7 4367360
1 4367424
6 4367488
8 4367552
9 4367616
2 4367680
7 4367744
8 4367808
10 4367872
8 4367936
8 4368000
4 4368064
7 4368128
8 4368192
10 4368256
7 4368320
1 4368384
8 4368448
1 4368512
9 4368576
3 4368640
8 4368704
3 4368768
4 4368832
7 4368896
10 4368960
7 4369024
0 4369088
5 4369152
1 4369216
0 4369280
10 4369344
4 4369408
7 4369472
3 4369536
0 4369600
10 4369664
8 4369728
0 4369792
2 4369856
8 4369920
2 4369984
1 4370048
3 4370112
1 4370176
1 4370240
4 4370304
8 4370368
2 4370432
4 4370496
10 4370560
1 4370624
4 4370688
3 4370752
0 4370816
4 4370880
4 4370944
4 4371008
6 4371072
9 4371136
7 4371200
8 4371264
10 4371328
9 4371392
4 4371456
2 4371520
5 4371584
9 4371648
6 4371712
3 4371776
4 4371840
9 4371904
0 4371968
0 4372032
1 4372096
9 4372160
7 4372224
6 4372288
8 4372352
9 4372416
3 4372480
3 4372544
4 4372608
5 4372672
0 4372736
0 4372800
4 4372864
1 4372928
9 4372992
5 4373056
1 4373120
10 4373184
1 4373248
3 4373312
10 4373376
0 4373440
3 4373504
0 4373568
7 4373632
6 4373696
6 4373760
1 4373824
7 4373888
0 4373952
6 4374016
1 4374080
6 4374144
10 4374208
6 4374272
8 4374336
4 4374400
6 4374464
4 4374528
8 4374592
10 4374656
2 4374720
10 4374784
0 4374848
9 4374912
8 4374976
7 4375040
2 4375104
8 4375168
4 4375232
8 4375296
1 4375360
8 4375424
1 4375488
8 4375552
6 4375616
9 4375680
6 4375744
9 4375808
2 4375872
3 4375936
4 4376000
4 4376064
4 4376128
0 4376192
5 4376256
5 4376320
7 4376384
2 4376448
4 4376512
7 4376576
7 4376640
2 4376704
1 4376768
3 4376832
9 4376896
6 4376960
3 4377024
10 4377088
6 4377152
2 4377216
0 4377280
9 4377344
1 4377408
6 4377472
0 4377536
10 4377600
4 4377664
9 4377728
10 4377792
4 4377856
1 4377920
7 4377984
2 4378048
3 4378112
1 4378176
9 4378240
0 4378304
1 4378368
7 4378432
0 4378496
6 4378560
6 4378624
8 4378688
6 4378752
3 4378816
7 4378880
2 4378944
1 4379008
8 4379072
5 4379136
8 4379200
9 4379264
3 4379328
5 4379392
8 4379456
4 4379520
10 4379584
0 4379648
4 4379712
7 4379776
0 4379840
5 4379904
7 4379968
1 4380032
2 4380096
6 4380160
5 4380224
6 4380288
5 4380352
6 4380416
4 4380480
1 4380544
10 4380608
6 4380672
5 4380736
6 4380800
6 4380864
6 4380928
7 4380992
1 4381056
5 4381120
7 4381184
1 4381248
1 4381312
1 4381376
2 4381440
0 4381504
7 4381568
0 4381632
1 4381696
8 4381760
10 4381824
0 4381888
5 4381952
10 4382016
8 4382080
9 4382144
3 4382208
5 4382272
9 4382336
6 4382400
7 4382464
10 4382528
9 4382592
2 4382656
6 4382720
2 4382784
5 4382848
5 4382912
2 4382976
5 4383040
7 4383104
6 4383168
1 4383232
5 4383296
0 4383360
3 4383424
3 4383488
5 4383552
9 4383616
10 4383680
8 4383744
10 4383808
4 4383872
8 4383936
0 4384000
8 4384064
6 4384128
1 4384192
8 4384256
6 4384320
10 4384384
10 4384448
10 4384512
8 4384576
3 4384640
0 4384704
4 4384768
3 4384832
4 4384896
2 4384960
2 4385024
9 4385088
9 4385152
10 4385216
7 4385280
8 4385344
5 4385408
3 4385472
2 4385536
1 4385600
0 4385664
1 4385728
3 4385792
3 4385856
9 4385920
8 4385984
9 4386048
3 4386112
0 4386176
9 4386240
0 4386304
4 4386368
0 4386432
0 4386496
3 4386560
7 4386624
6 4386688
5 4386752
8 4386816
4 4386880
10 4386944
9 4387008
10 4387072
0 4387136
1 4387200
4 4387264
0 4387328
5 4387392
6 4387456
5 4387520
0 4387584
2 4387648
5 4387712
7 4387776
8 4387840
7 4387904
0 4387968
10 4388032
9 4388096
0 4388160
9 4388224
5 4388288
9 4388352
0 4388416
2 4388480
10 4388544
7 4388608
9 4388672
9 4388736
0 4388800
4 4388864
6 4388928
3 4388992
6 4389056
9 4389120
1 4389184
9 4389248
9 4389312
1 4389376
8 4389440
3 4389504
8 4389568
6 4389632
4 4389696
8 4389760
8 4389824
3 4389888
6 4389952
2 4390016
6 4390080
9 4390144
6 4390208
1 4390272
6 4390336
3 4390400
6 4390464
7 4390528
10 4390592
7 4390656
1 4390720
7 4390784
7 4390848
5 4390912
2 4390976
9 4391040
6 4391104
10 4391168
9 4391232
4 4391296
10 4391360
2 4391424
6 4391488
9 4391552
1 4391616
5 4391680
4 4391744
8 4391808
10 4391872
9 4391936
7 4392000
8 4392064
8 4392128
1 4392192
10 4392256
10 4392320
4 4392384
1 4392448
2 4392512
4 4392576
5 4392640
2 4392704
7 4392768
7 4392832
0 4392896
5 4392960
0 4393024
8 4393088
7 4393152
5 4393216
5 4393280
0 4393344
5 4393408
6 4393472
2 4393536
4 4393600
4 4393664
8 4393728
1 4393792
8 4393856
8 4393920
8 4393984
10 4394048
6 4394112
7 4394176
8 4394240
9 4394304
5 4394368
0 4394432
1 4394496
3 4394560
9 4394624
1 4394688
9 4394752
3 4394816
8 4394880
7 4394944
0 4395008
7 4395072
4 4395136
1 4395200
4 4395264
2 4395328
0 4395392
1 4395456
3 4395520
4 4395584
9 4395648
10 4395712
8 4395776
4 4395840
3 4395904
8 4395968
2 4396032
8 4396096
10 4396160
1 4396224
4 4396288
0 4396352
4 4396416
6 4396480
2 4396544
4 4396608
7 4396672
8 4396736
6 4396800
10 4396864
3 4396928
5 4396992
7 4397056
2 4397120
3 4397184
6 4397248
10 4397312
2 4397376
7 4397440
3 4397504
3 4397568
0 4397632
8 4397696
10 4397760
9 4397824
0 4397888
3 4397952
4 4398016
5 4398080
4 4398144
4 4398208
6 4398272
10 4398336
8 4398400
4 4398464
3 4398528
2 4398592
1 4398656
0 4398720
9 4398784
5 4398848
4 4398912
9 4398976
6 4399040
8 4399104
6 4399168
1 4399232
7 4399296
7 4399360
10 4399424
3 4399488
0 4399552
7 4399616
9 4399680
0 4399744
9 4399808
9 4399872
1 4399936
9 4400000
9 4400064
10 4400128
10 4400192
10 4400256
8 4400320
4 4400384
6 4400448
7 4400512
6 4400576
1 4400640
7 4400704
0 4400768
9 4400832
9 4400896
5 4400960
1 4401024
1 4401088
0 4401152
3 4401216
5 4401280
6 4401344
2 4401408
5 4401472
7 4401536
6 4401600
2 4401664
1 4401728
0 4401792
10 4401856
9 4401920
0 4401984
2 4402048
8 4402112
0 4402176
5 4402240
7 4402304
9 4402368
5 4402432
5 4402496
0 4402560
0 4402624
0 4402688
4 4402752
4 4402816
4 4402880
1 4402944
5 4403008
6 4403072
6 4403136
10 4403200
3 4403264
0 4403328
5 4403392
7 4403456
2 4403520
7 4403584
5 4403648
6 4403712
2 4403776
2 4403840
0 4403904
2 4403968
1 4404032
7 4404096
5 4404160
8 4404224
9 4404288
2 4404352
8 4404416
3 4404480
9 4404544
0 4404608
5 4404672
3 4404736
7 4404800
0 4404864
1 4404928
3 4404992
10 4405056
7 4405120
6 4405184
0 4405248
10 4405312
7 4405376
2 4405440
0 4405504
10 4405568
3 4405632
2 4405696
4 4405760
8 4405824
9 4405888
3 4405952
2 4406016
3 4406080
10 4406144
7 4406208
7 4406272
5 4406336
6 4406400
7 4406464
7 4406528
9 4406592
4 4406656
6 4406720
6 4406784
8 4406848
5 4406912
3 4406976
2 4407040
4 4407104
1 4407168
4 4407232
8 4407296
4 4407360
2 4407424
6 4407488
10 4407552
8 4407616
9 4407680
8 4407744
8 4407808
0 4407872
7 4407936
7 4408000
5 4408064
7 4408128
10 4408192
4 4408256
6 4408320
5 4408384
8 4408448
5 4408512
10 4408576
7 4408640
8 4408704
5 4408768
6 4408832
4 4408896
5 4408960
1 4409024
9 4409088
2 4409152
4 4409216
2 4409280
7 4409344
9 4409408
3 4409472
4 4409536
6 4409600
8 4409664
10 4409728
2 4409792
10 4409856
9 4409920
10 4409984
8 4410048
5 4410112
1 4410176
6 4410240
5 4410304
2 4410368
2 4410432
10 4410496
8 4410560
7 4410624
3 4410688
5 4410752
1 4410816
1 4410880
8 4410944
7 4411008
7 4411072
8 4411136
6 4411200
3 4411264
4 4411328
10 4411392
1 4411456
4 4411520
4 4411584
8 4411648
7 4411712
10 4411776
7 4411840
7 4411904
4 4411968
7 4412032
6 4412096
3 4412160
9 4412224
7 4412288
10 4412352
1 4412416
0 4412480
3 4412544
1 4412608
8 4412672
8 4412736
7 4412800
2 4412864
7 4412928
7 4412992
9 4413056
6 4413120
0 4413184
6 4413248
10 4413312
8 4413376
8 4413440
8 4413504
10 4413568
6 4413632
7 4413696
10 4413760
4 4413824
2 4413888
0 4413952
5 4414016
10 4414080
0 4414144
10 4414208
5 4414272
7 4414336
8 4414400
4 4414464
6 4414528
2 4414592
2 4414656
1 4414720
6 4414784
3 4414848
4 4414912
6 4414976
5 4415040
1 4415104
8 4415168
6 4415232
5 4415296
1 4415360
5 4415424
3 4415488
1 4415552
2 4415616
1 4415680
4 4415744
1 4415808
10 4415872
3 4415936
8 4416000
2 4416064
10 4416128
9 4416192
8 4416256
10 4416320
7 4416384
9 4416448
0 4416512
8 4416576
6 4416640
10 4416704
8 4416768
6 4416832
5 4416896
1 4416960
10 4417024
4 4417088
6 4417152
6 4417216
0 4417280
1 4417344
7 4417408
0 4417472
5 4417536
9 4417600
3 4417664
9 4417728
6 4417792
7 4417856
0 4417920
1 4417984
5 4418048
5 4418112
2 4418176
2 4418240
6 4418304
4 4418368
1 4418432
2 4418496
4 4418560
6 4418624
5 4418688
5 4418752
2 4418816
10 4418880
9 4418944
5 4419008
7 4419072
8 4419136
7 4419200
3 4419264
5 4419328
1 4419392
6 4419456
8 4419520
3 4419584
2 4419648
0 4419712
2 4419776
2 4419840
7 4419904
1 4419968
1 4420032
3 4420096
10 4420160
1 4420224
8 4420288
0 4420352
0 4420416
2 4420480
1 4420544
4 4420608
9 4420672
8 4420736
0 4420800
0 4420864
8 4420928
4 4420992
7 4421056
10 4421120
5 4421184
5 4421248
5 4421312
7 4421376
10 4421440
7 4421504
3 4421568
4 4421632
10 4421696
10 4421760
3 4421824
2 4421888
8 4421952
2 4422016
3 4422080
9 4422144
1 4422208
3 4422272
2 4422336
10 4422400
1 4422464
8 4422528
10 4422592
3 4422656
6 4422720
6 4422784
9 4422848
4 4422912
9 4422976
8 4423040
3 4423104
5 4423168
9 4423232
8 4423296
10 4423360
0 4423424
8 4423488
4 4423552
6 4423616
9 4423680
8 4423744
7 4423808
3 4423872
2 4423936
9 4424000
7 4424064
5 4424128
8 4424192
4 4424256
5 4424320
6 4424384
2 4424448
7 4424512
1 4424576
10 4424640
3 4424704
7 4424768
0 4424832
10 4424896
2 4424960
4 4425024
4 4425088
6 4425152
9 4425216
8 4425280
4 4425344
5 4425408
9 4425472
8 4425536
9 4425600
0 4425664
9 4425728
0 4425792
6 4425856
6 4425920
0 4425984
9 4426048
4 4426112
7 4426176
8 4426240
3 4426304
0 4426368
6 4426432
2 4426496
6 4426560
4 4426624
6 4426688
5 4426752
8 4426816
8 4426880
9 4426944
9 4427008
8 4427072
7 4427136
2 4427200
4 4427264
4 4427328
4 4427392
6 4427456
3 4427520
1 4427584
2 4427648
8 4427712
10 4427776
4 4427840
2 4427904
10 4427968
0 4428032
9 4428096
2 4428160
7 4428224
4 4428288
9 4428352
3 4428416
10 4428480
9 4428544
0 4428608
9 4428672
8 4428736
1 4428800
10 4428864
1 4428928
2 4428992
2 4429056
0 4429120
2 4429184
1 4429248
5 4429312
10 4429376
1 4429440
2 4429504
10 4429568
10 4429632
8 4429696
5 4429760
1 4429824
3 4429888
6 4429952
8 4430016
4 4430080
0 4430144
5 4430208
4 4430272
1 4430336
6 4430400
10 4430464
5 4430528
2 4430592
3 4430656
7 4430720
0 4430784
0 4430848
8 4430912
7 4430976
7 4431040
7 4431104
5 4431168
1 4431232
9 4431296
0 4431360
0 4431424
3 4431488
2 4431552
2 4431616
6 4431680
0 4431744
7 4431808
3 4431872
4 4431936
7 4432000
8 4432064
4 4432128
3 4432192
2 4432256
6 4432320
7 4432384
4 4432448
8 4432512
4 4432576
6 4432640
4 4432704
10 4432768
3 4432832
1 4432896
0 4432960
3 4433024
2 4433088
3 4433152
3 4433216
8 4433280
10 4433344
5 4433408
4 4433472
3 4433536
7 4433600
6 4433664
7 4433728
3 4433792
0 4433856
5 4433920
8 4433984
5 4434048
8 4434112
2 4434176
1 4434240
9 4434304
6 4434368
4 4434432
5 4434496
9 4434560
9 4434624
6 4434688
8 4434752
2 4434816
2 4434880
4 4434944
3 4435008
1 4435072
2 4435136
10 4435200
10 4435264
1 4435328
2 4435392
5 4435456
5 4435520
8 4435584
8 4435648
9 4435712
8 4435776
3 4435840
9 4435904
2 4435968
3 4436032
0 4436096
7 4436160
8 4436224
1 4436288
4 4436352
1 4436416
2 4436480
5 4436544
7 4436608
0 4436672
10 4436736
6 4436800
7 4436864
0 4436928
7 4436992
7 4437056
9 4437120
10 4437184
10 4437248
10 4437312
2 4437376
4 4437440
4 4437504
5 4437568
4 4437632
7 4437696
5 4437760
10 4437824
9 4437888
7 4437952
1 4438016
1 4438080
3 4438144
1 4438208
5 4438272
6 4438336
8 4438400
7 4438464
3 4438528
1 4438592
10 4438656
0 4438720
2 4438784
4 4438848
2 4438912
6 4438976
4 4439040
5 4439104
9 4439168
6 4439232
3 4439296
9 4439360
4 4439424
6 4439488
8 4439552
4 4439616
5 4439680
8 4439744
3 4439808
1 4439872
0 4439936
9 4440000
0 4440064
3 4440128
5 4440192
8 4440256
10 4440320
5 4440384
8 4440448
7 4440512
2 4440576
6 4440640
3 4440704
10 4440768
2 4440832
7 4440896
5 4440960
0 4441024
2 4441088
7 4441152
10 4441216
1 4441280
9 4441344
2 4441408
6 4441472
4 4441536
2 4441600
1 4441664
0 4441728
2 4441792
3 4441856
8 4441920
7 4441984
2 4442048
8 4442112
8 4442176
0 4442240
7 4442304
3 4442368
6 4442432
6 4442496
10 4442560
4 4442624
9 4442688
7 4442752
0 4442816
6 4442880
10 4442944
9 4443008
5 4443072
9 4443136
9 4443200
0 4443264
10 4443328
10 4443392
1 4443456
9 4443520
6 4443584
10 4443648
10 4443712
4 4443776
3 4443840
10 4443904
3 4443968
5 4444032
6 4444096
2 4444160
3 4444224
9 4444288
5 4444352
0 4444416
2 4444480
1 4444544
1 4444608
1 4444672
8 4444736
7 4444800
0 4444864
10 4444928
0 4444992
0 4445056
0 4445120
8 4445184
2 4445248
2 4445312
2 4445376
0 4445440
5 4445504
3 4445568
2 4445632
2 4445696
0 4445760
8 4445824
9 4445888
3 4445952
9 4446016
5 4446080
6 4446144
0 4446208
8 4446272
9 4446336
8 4446400
0 4446464
4 4446528
6 4446592
6 4446656
1 4446720
7 4446784
1 4446848
0 4446912
1 4446976
4 4447040
7 4447104
8 4447168
2 4447232
4 4447296
7 4447360
5 4447424
9 4447488
9 4447552
1 4447616
1 4447680
7 4447744
3 4447808
9 4447872
0 4447936
6 4448000
6 4448064
5 4448128
0 4448192
6 4448256
8 4448320
8 4448384
10 4448448
8 4448512
5 4448576
7 4448640
6 4448704
0 4448768
2 4448832
7 4448896
3 4448960
1 4449024
6 4449088
0 4449152
3 4449216
5 4449280
0 4449344
2 4449408
4 4449472
5 4449536
0 4449600
6 4449664
3 4449728
2 4449792
7 4449856
0 4449920
10 4449984
5 4450048
2 4450112
4 4450176
1 4450240
10 4450304
6 4450368
9 4450432
4 4450496
10 4450560
5 4450624
6 4450688
4 4450752
6 4450816
8 4450880
6 4450944
6 4451008
7 4451072
6 4451136
10 4451200
10 4451264
4 4451328
6 4451392
9 4451456
1 4451520
4 4451584
2 4451648
8 4451712
4 4451776
0 4451840
0 4451904
0 4451968
0 4452032
1 4452096
3 4452160
7 4452224
4 4452288
3 4452352
7 4452416
8 4452480
4 4452544
7 4452608
1 4452672
0 4452736
7 4452800
3 4452864
8 4452928
2 4452992
3 4453056
2 4453120
2 4453184
5 4453248
10 4453312
10 4453376
8 4453440
3 4453504
3 4453568
7 4453632
6 4453696
2 4453760
10 4453824
2 4453888
3 4453952
3 4454016
4 4454080
5 4454144
0 4454208
1 4454272
5 4454336
4 4454400
1 4454464
7 4454528
7 4454592
6 4454656
5 4454720
7 4454784
8 4454848
6 4454912
6 4454976
1 4455040
0 4455104
10 4455168
0 4455232
0 4455296
0 4455360
5 4455424
9 4455488
1 4455552
1 4455616
8 4455680
6 4455744
2 4455808
10 4455872
4 4455936
7 4456000
9 4456064
3 4456128
9 4456192
3 4456256
10 4456320
3 4456384
4 4456448
8 4456512
10 4456576
9 4456640
1 4456704
4 4456768
0 4456832
2 4456896
6 4456960
9 4457024
10 4457088
10 4457152
6 4457216
3 4457280
1 4457344
5 4457408
5 4457472
10 4457536
5 4457600
10 4457664
8 4457728
0 4457792
10 4457856
0 4457920
8 4457984
7 4458048
5 4458112
7 4458176
5 4458240
7 4458304
5 4458368
1 4458432
3 4458496
1 4458560
8 4458624
3 4458688
8 4458752
2 4458816
3 4458880
7 4458944
0 4459008
10 4459072
8 4459136
4 4459200
4 4459264
4 4459328
6 4459392
8 4459456
10 4459520
5 4459584
0 4459648
1 4459712
10 4459776
3 4459840
10 4459904
8 4459968
1 4460032
3 4460096
8 4460160
5 4460224
10 4460288
4 4460352
1 4460416
8 4460480
4 4460544
2 4460608
9 4460672
3 4460736
2 4460800
6 4460864
4 4460928
5 4460992
7 4461056
0 4461120
1 4461184
7 4461248
7 4461312
3 4461376
3 4461440
7 4461504
10 4461568
0 4461632
1 4461696
0 4461760
6 4461824
5 4461888
3 4461952
6 4462016
0 4462080
5 4462144
4 4462208
9 4462272
7 4462336
1 4462400
2 4462464
7 4462528
9 4462592
3 4462656
1 4462720
10 4462784
0 4462848
8 4462912
2 4462976
6 4463040
2 4463104
10 4463168
10 4463232
7 4463296
7 4463360
5 4463424
6 4463488
9 4463552
9 4463616
9 4463680
0 4463744
6 4463808
0 4463872
4 4463936
1 4464000
8 4464064
6 4464128
9 4464192
6 4464256
0 4464320
9 4464384
5 4464448
6 4464512
6 4464576
1 4464640
1 4464704
8 4464768
2 4464832
8 4464896
9 4464960
2 4465024
1 4465088
0 4465152
7 4465216
5 4465280
8 4465344
6 4465408
4 4465472
3 4465536
5 4465600
8 4465664
3 4465728
0 4465792
9 4465856
7 4465920
5 4465984
3 4466048
3 4466112
6 4466176
3 4466240
1 4466304
4 4466368
9 4466432
2 4466496
8 4466560
10 4466624
9 4466688
6 4466752
9 4466816
1 4466880
8 4466944
10 4467008
6 4467072
1 4467136
10 4467200
7 4467264
5 4467328
10 4467392
6 4467456
8 4467520
6 4467584
3 4467648
4 4467712
5 4467776
10 4467840
4 4467904
9 4467968
6 4468032
4 4468096
10 4468160
10 4468224
2 4468288
2 4468352
0 4468416
6 4468480
9 4468544
9 4468608
10 4468672
2 4468736
5 4468800
5 4468864
8 4468928
3 4468992
0 4469056
0 4469120
3 4469184
5 4469248
8 4469312
0 4469376
10 4469440
8 4469504
7 4469568
5 4469632
6 4469696
10 4469760
3 4469824
4 4469888
4 4469952
9 4470016
1 4470080
0 4470144
8 4470208
8 4470272
5 4470336
3 4470400
4 4470464
8 4470528
8 4470592
3 4470656
1 4470720
9 4470784
2 4470848
7 4470912
2 4470976
7 4471040
7 4471104
8 4471168
3 4471232
4 4471296
0 4471360
7 4471424
9 4471488
10 4471552
10 4471616
3 4471680
2 4471744
8 4471808
1 4471872
8 4471936
1 4472000
6 4472064
10 4472128
7 4472192
1 4472256
7 4472320
7 4472384
10 4472448
1 4472512
1 4472576
0 4472640
3 4472704
4 4472768
0 4472832
2 4472896
0 4472960
7 4473024
3 4473088
6 4473152
1 4473216
7 4473280
4 4473344
5 4473408
7 4473472
4 4473536
1 4473600
7 4473664
10 4473728
9 4473792
1 4473856
8 4473920
4 4473984
10 4474048
8 4474112
0 4474176
0 4474240
0 4474304
0 4474368
0 4474432
1 4474496
3 4474560
3 4474624
0 4474688
10 4474752
10 4474816
2 4474880
1 4474944
4 4475008
8 4475072
9 4475136
0 4475200
4 4475264
0 4475328
1 4475392
1 4475456
3 4475520
10 4475584
9 4475648
2 4475712
1 4475776
5 4475840
10 4475904
10 4475968
8 4476032
1 4476096
9 4476160
2 4476224
7 4476288
7 4476352
2 4476416
4 4476480
4 4476544
3 4476608
10 4476672
7 4476736
6 4476800
4 4476864
5 4476928
6 4476992
1 4477056
8 4477120
4 4477184
6 4477248
8 4477312
9 4477376
1 4477440
5 4477504
10 4477568
8 4477632
3 4477696
3 4477760
6 4477824
5 4477888
9 4477952
7 4478016
4 4478080
7 4478144
0 4478208
10 4478272
9 4478336
1 4478400
4 4478464
8 4478528
7 4478592
1 4478656
9 4478720
2 4478784
10 4478848
9 4478912
0 4478976
8 4479040
3 4479104
3 4479168
8 4479232
2 4479296
6 4479360
5 4479424
6 4479488
1 4479552
9 4479616
7 4479680
8 4479744
10 4479808
9 4479872
6 4479936
8 4480000
1 4480064
2 4480128
6 4480192
6 4480256
6 4480320
10 4480384
9 4480448
9 4480512
1 4480576
6 4480640
9 4480704
9 4480768
2 4480832
7 4480896
7 4480960
10 4481024
0 4481088
10 4481152
8 4481216
10 4481280
6 4481344
6 4481408
5 4481472
7 4481536
4 4481600
8 4481664
6 4481728
5 4481792
9 4481856
7 4481920
7 4481984
10 4482048
5 4482112
9 4482176
7 4482240
7 4482304
6 4482368
7 4482432
3 4482496
10 4482560
10 4482624
8 4482688
0 4482752
0 4482816
7 4482880
5 4482944
0 4483008
6 4483072
8 4483136
2 4483200
3 4483264
10 4483328
3 4483392
7 4483456
3 4483520
3 4483584
9 4483648
3 4483712
4 4483776
7 4483840
4 4483904
1 4483968
10 4484032
2 4484096
6 4484160
7 4484224
8 4484288
8 4484352
6 4484416
5 4484480
7 4484544
0 4484608
7 4484672
3 4484736
10 4484800
8 4484864
5 4484928
4 4484992
6 4485056
0 4485120
5 4485184
2 4485248
1 4485312
7 4485376
3 4485440
2 4485504
1 4485568
3 4485632
3 4485696
0 4485760
10 4485824
5 4485888
8 4485952
7 4486016
10 4486080
8 4486144
9 4486208
2 4486272
10 4486336
8 4486400
8 4486464
0 4486528
2 4486592
10 4486656
2 4486720
9 4486784
10 4486848
5 4486912
5 4486976
7 4487040
6 4487104
9 4487168
3 4487232
0 4487296
8 4487360
8 4487424
8 4487488
3 4487552
7 4487616
10 4487680
0 4487744
7 4487808
9 4487872
9 4487936
1 4488000
10 4488064
9 4488128
0 4488192
6 4488256
2 4488320
3 4488384
10 4488448
10 4488512
10 4488576
1 4488640
5 4488704
4 4488768
3 4488832
4 4488896
4 4488960
9 4489024
1 4489088
9 4489152
7 4489216
4 4489280
7 4489344
0 4489408
10 4489472
8 4489536
4 4489600
8 4489664
6 4489728
7 4489792
1 4489856
1 4489920
7 4489984
2 4490048
4 4490112
9 4490176
8 4490240
10 4490304
5 4490368
9 4490432
6 4490496
3 4490560
4 4490624
3 4490688
6 4490752
5 4490816
0 4490880
9 4490944
4 4491008
1 4491072
6 4491136
2 4491200
10 4491264
6 4491328
7 4491392
2 4491456
4 4491520
0 4491584
8 4491648
9 4491712
6 4491776
2 4491840
8 4491904
10 4491968
7 4492032
0 4492096
1 4492160
3 4492224
2 4492288
1 4492352
5 4492416
6 4492480
6 4492544
7 4492608
0 4492672
1 4492736
10 4492800
9 4492864
1 4492928
8 4492992
7 4493056
1 4493120
7 4493184
1 4493248
0 4493312
4 4493376
5 4493440
9 4493504
9 4493568
9 4493632
2 4493696
0 4493760
7 4493824
1 4493888
8 4493952
9 4494016
8 4494080
10 4494144
0 4494208
2 4494272
2 4494336
1 4494400
3 4494464
1 4494528
8 4494592
9 4494656
10 4494720
6 4494784
0 4494848
5 4494912
0 4494976
3 4495040
4 4495104
6 4495168
1 4495232
10 4495296
1 4495360
7 4495424
3 4495488
4 4495552
1 4495616
7 4495680
4 4495744
1 4495808
4 4495872
6 4495936
5 4496000
5 4496064
4 4496128
5 4496192
1 4496256
2 4496320
3 4496384
3 4496448
5 4496512
5 4496576
9 4496640
1 4496704
6 4496768
4 4496832
9 4496896
1 4496960
5 4497024
10 4497088
6 4497152
6 4497216
3 4497280
0 4497344
3 4497408
6 4497472
3 4497536
3 4497600
8 4497664
6 4497728
4 4497792
8 4497856
6 4497920
5 4497984
0 4498048
0 4498112
7 4498176
4 4498240
4 4498304
3 4498368
5 4498432
2 4498496
5 4498560
10 4498624
0 4498688
1 4498752
9 4498816
1 4498880
6 4498944
5 4499008
3 4499072
6 4499136
4 4499200
7 4499264
0 4499328
6 4499392
10 4499456
6 4499520
9 4499584
6 4499648
10 4499712
10 4499776
7 4499840
7 4499904
8 4499968
10 4500032
1 4500096
3 4500160
4 4500224
1 4500288
4 4500352
5 4500416
2 4500480
4 4500544
4 4500608
8 4500672
6 4500736
4 4500800
9 4500864
1 4500928
10 4500992
5 4501056
3 4501120
5 4501184
0 4501248
9 4501312
0 4501376
10 4501440
4 4501504
3 4501568
5 4501632
1 4501696
8 4501760
4 4501824
0 4501888
6 4501952
3 4502016
9 4502080
2 4502144
9 4502208
4 4502272
10 4502336
6 4502400
5 4502464
1 4502528
3 4502592
2 4502656
7 4502720
1 4502784
0 4502848
0 4502912
4 4502976
9 4503040
10 4503104
9 4503168
1 4503232
2 4503296
6 4503360
4 4503424
3 4503488
8 4503552
4 4503616
7 4503680
0 4503744
9 4503808
8 4503872
1 4503936
9 4504000
2 4504064
10 4504128
0 4504192
5 4504256
0 4504320
9 4504384
1 4504448
6 4504512
3 4504576
3 4504640
9 4504704
10 4504768
2 4504832
10 4504896
3 4504960
6 4505024
2 4505088
5 4505152
9 4505216
3 4505280
2 4505344
8 4505408
6 4505472
5 4505536
7 4505600
1 4505664
1 4505728
9 4505792
2 4505856
4 4505920
9 4505984
1 4506048
2 4506112
8 4506176
3 4506240
0 4506304
0 4506368
6 4506432
2 4506496
3 4506560
8 4506624
1 4506688
8 4506752
3 4506816
10 4506880
9 4506944
2 4507008
4 4507072
5 4507136
1 4507200
6 4507264
7 4507328
9 4507392
1 4507456
7 4507520
7 4507584
6 4507648
1 4507712
10 4507776
9 4507840
6 4507904
0 4507968
7 4508032
9 4508096
1 4508160
1 4508224
7 4508288
2 4508352
9 4508416
2 4508480
3 4508544
3 4508608
5 4508672
9 4508736
1 4508800
3 4508864
3 4508928
5 4508992
3 4509056
1 4509120
5 4509184
3 4509248
5 4509312
6 4509376
2 4509440
8 4509504
7 4509568
2 4509632
4 4509696
5 4509760
10 4509824
0 4509888
4 4509952
0 4510016
9 4510080
4 4510144
1 4510208
4 4510272
7 4510336
10 4510400
7 4510464
1 4510528
6 4510592
8 4510656
2 4510720
8 4510784
10 4510848
9 4510912
8 4510976
2 4511040
1 4511104
8 4511168
10 4511232
2 4511296
4 4511360
4 4511424
6 4511488
8 4511552
2 4511616
1 4511680
6 4511744
3 4511808
6 4511872
2 4511936
9 4512000
7 4512064
0 4512128
3 4512192
8 4512256
6 4512320
10 4512384
4 4512448
10 4512512
10 4512576
10 4512640
10 4512704
7 4512768
3 4512832
2 4512896
2 4512960
3 4513024
2 4513088
2 4513152
4 4513216
2 4513280
6 4513344
3 4513408
7 4513472
8 4513536
3 4513600
6 4513664
8 4513728
1 4513792
2 4513856
5 4513920
4 4513984
1 4514048
4 4514112
5 4514176
2 4514240
8 4514304
7 4514368
8 4514432
4 4514496
7 4514560
5 4514624
9 4514688
0 4514752
4 4514816
4 4514880
7 4514944
4 4515008
1 4515072
7 4515136
6 4515200
4 4515264
3 4515328
4 4515392
4 4515456
1 4515520
0 4515584
5 4515648
7 4515712
9 4515776
4 4515840
10 4515904
0 4515968
6 4516032
5 4516096
2 4516160
5 4516224
3 4516288
2 4516352
9 4516416
3 4516480
10 4516544
2 4516608
4 4516672
4 4516736
4 4516800
10 4516864
8 4516928
3 4516992
4 4517056
5 4517120
1 4517184
9 4517248
9 4517312
5 4517376
5 4517440
0 4517504
8 4517568
10 4517632
9 4517696
7 4517760
7 4517824
5 4517888
4 4517952
7 4518016
2 4518080
8 4518144
1 4518208
5 4518272
10 4518336
7 4518400
0 4518464
6 4518528
6 4518592
2 4518656
5 4518720
0 4518784
1 4518848
6 4518912
2 4518976
2 4519040
0 4519104
4 4519168
3 4519232
10 4519296
7 4519360
7 4519424
1 4519488
4 4519552
9 4519616
4 4519680
8 4519744
7 4519808
2 4519872
4 4519936
8 4520000
4 4520064
9 4520128
2 4520192
6 4520256
1 4520320
5 4520384
2 4520448
8 4520512
10 4520576
10 4520640
3 4520704
0 4520768
5 4520832
6 4520896
8 4520960
2 4521024
0 4521088
8 4521152
0 4521216
8 4521280
2 4521344
0 4521408
7 4521472
10 4521536
8 4521600
0 4521664
9 4521728
8 4521792
8 4521856
2 4521920
2 4521984
0 4522048
9 4522112
2 4522176
5 4522240
2 4522304
10 4522368
1 4522432
0 4522496
10 4522560
9 4522624
4 4522688
2 4522752
3 4522816
10 4522880
5 4522944
10 4523008
4 4523072
7 4523136
9 4523200
1 4523264
3 4523328
0 4523392
2 4523456
7 4523520
9 4523584
2 4523648
9 4523712
9 4523776
0 4523840
2 4523904
5 4523968
1 4524032
0 4524096
0 4524160
10 4524224
2 4524288
2 4524352
7 4524416
9 4524480
8 4524544
2 4524608
5 4524672
7 4524736
9 4524800
9 4524864
8 4524928
8 4524992
3 4525056
5 4525120
9 4525184
10 4525248
4 4525312
3 4525376
2 4525440
6 4525504
0 4525568
3 4525632
2 4525696
2 4525760
4 4525824
0 4525888
8 4525952
0 4526016
10 4526080
7 4526144
7 4526208
10 4526272
0 4526336
0 4526400
3 4526464
7 4526528
8 4526592
1 4526656
7 4526720
1 4526784
5 4526848
0 4526912
6 4526976
8 4527040
5 4527104
2 4527168
4 4527232
6 4527296
0 4527360
8 4527424
8 4527488
8 4527552
9 4527616
5 4527680
9 4527744
2 4527808
10 4527872
0 4527936
8 4528000
5 4528064
1 4528128
5 4528192
1 4528256
2 4528320
2 4528384
10 4528448
8 4528512
6 4528576
6 4528640
0 4528704
0 4528768
9 4528832
9 4528896
9 4528960
7 4529024
4 4529088
9 4529152
4 4529216
1 4529280
1 4529344
7 4529408
1 4529472
5 4529536
9 4529600
0 4529664
3 4529728
6 4529792
4 4529856
8 4529920
7 4529984
3 4530048
7 4530112
2 4530176
5 4530240
9 4530304
10 4530368
10 4530432
0 4530496
1 4530560
2 4530624
5 4530688
9 4530752
9 4530816
6 4530880
8 4530944
4 4531008
8 4531072
3 4531136
4 4531200
3 4531264
2 4531328
9 4531392
10 4531456
7 4531520
8 4531584
10 4531648
6 4531712
10 4531776
7 4531840
1 4531904
5 4531968
4 4532032
10 4532096
2 4532160
9 4532224
5 4532288
10 4532352
9 4532416
9 4532480
5 4532544
7 4532608
1 4532672
9 4532736
4 4532800
7 4532864
10 4532928
10 4532992
7 4533056
0 4533120
0 4533184
7 4533248
1 4533312
9 4533376
1 4533440
10 4533504
0 4533568
3 4533632
5 4533696
3 4533760
3 4533824
6 4533888
3 4533952
5 4534016
9 4534080
2 4534144
1 4534208
10 4534272
7 4534336
2 4534400
3 4534464
4 4534528
0 4534592
5 4534656
10 4534720
1 4534784
5 4534848
5 4534912
8 4534976
8 4535040
10 4535104
6 4535168
6 4535232
3 4535296
1 4535360
10 4535424
10 4535488
4 4535552
10 4535616
3 4535680
8 4535744
7 4535808
0 4535872
6 4535936
1 4536000
1 4536064
5 4536128
4 4536192
2 4536256
1 4536320
1 4536384
8 4536448
8 4536512
9 4536576
5 4536640
9 4536704
4 4536768
9 4536832
1 4536896
9 4536960
2 4537024
6 4537088
5 4537152
10 4537216
9 4537280
5 4537344
1 4537408
7 4537472
3 4537536
3 4537600
6 4537664
10 4537728
6 4537792
6 4537856
4 4537920
8 4537984
1 4538048
4 4538112
3 4538176
1 4538240
3 4538304
7 4538368
4 4538432
0 4538496
0 4538560
1 4538624
9 4538688
8 4538752
0 4538816
1 4538880
1 4538944
0 4539008
6 4539072
3 4539136
8 4539200
2 4539264
2 4539328
4 4539392
4 4539456
3 4539520
2 4539584
6 4539648
5 4539712
4 4539776
9 4539840
5 4539904
1 4539968
10 4540032
8 4540096
9 4540160
10 4540224
10 4540288
8 4540352
1 4540416
10 4540480
9 4540544
7 4540608
8 4540672
10 4540736
10 4540800
5 4540864
5 4540928
1 4540992
7 4541056
9 4541120
1 4541184
5 4541248
4 4541312
3 4541376
6 4541440
9 4541504
8 4541568
0 4541632
10 4541696
3 4541760
4 4541824
5 4541888
9 4541952
4 4542016
8 4542080
9 4542144
3 4542208
0 4542272
4 4542336
9 4542400
4 4542464
0 4542528
8 4542592
0 4542656
9 4542720
1 4542784
0 4542848
0 4542912
6 4542976
9 4543040
5 4543104
6 4543168
9 4543232
8 4543296
1 4543360
9 4543424
8 4543488
3 4543552
3 4543616
3 4543680
1 4543744
6 4543808
7 4543872
9 4543936
2 4544000
6 4544064
6 4544128
4 4544192
0 4544256
3 4544320
0 4544384
7 4544448
5 4544512
0 4544576
5 4544640
9 4544704
9 4544768
9 4544832
0 4544896
10 4544960
6 4545024
4 4545088
0 4545152
8 4545216
1 4545280
0 4545344
6 4545408
7 4545472
1 4545536
0 4545600
9 4545664
1 4545728
7 4545792
9 4545856
6 4545920
5 4545984
1 4546048
0 4546112
5 4546176
9 4546240
2 4546304
0 4546368
8 4546432
6 4546496
5 4546560
3 4546624
7 4546688
4 4546752
9 4546816
4 4546880
5 4546944
5 4547008
8 4547072
3 4547136
9 4547200
3 4547264
1 4547328
8 4547392
5 4547456
6 4547520
6 4547584
5 4547648
4 4547712
9 4547776
3 4547840
4 4547904
7 4547968
8 4548032
1 4548096
2 4548160
6 4548224
8 4548288
8 4548352
8 4548416
1 4548480
0 4548544
7 4548608
10 4548672
10 4548736
8 4548800
6 4548864
10 4548928
10 4548992
3 4549056
2 4549120
0 4549184
1 4549248
9 4549312
7 4549376
0 4549440
10 4549504
3 4549568
0 4549632
7 4549696
10 4549760
8 4549824
1 4549888
7 4549952
6 4550016
2 4550080
3 4550144
2 4550208
5 4550272
5 4550336
8 4550400
8 4550464
1 4550528
1 4550592
10 4550656
9 4550720
10 4550784
1 4550848
2 4550912
7 4550976
7 4551040
6 4551104
1 4551168
5 4551232
1 4551296
8 4551360
0 4551424
7 4551488
8 4551552
4 4551616
4 4551680
2 4551744
4 4551808
6 4551872
7 4551936
6 4552000
0 4552064
0 4552128
4 4552192
10 4552256
2 4552320
5 4552384
9 4552448
7 4552512
6 4552576
5 4552640
7 4552704
1 4552768
2 4552832
5 4552896
4 4552960
4 4553024
5 4553088
8 4553152
4 4553216
7 4553280
9 4553344
10 4553408
5 4553472
1 4553536
9 4553600
6 4553664
1 4553728
4 4553792
9 4553856
9 4553920
0 4553984
1 4554048
10 4554112
4 4554176
0 4554240
9 4554304
0 4554368
5 4554432
4 4554496
10 4554560
4 4554624
4 4554688
9 4554752
6 4554816
2 4554880
10 4554944
5 4555008
2 4555072
1 4555136
6 4555200
5 4555264
3 4555328
8 4555392
9 4555456
7 4555520
3 4555584
9 4555648
10 4555712
0 4555776
7 4555840
6 4555904
6 4555968
6 4556032
7 4556096
5 4556160
2 4556224
4 4556288
10 4556352
4 4556416
2 4556480
0 4556544
3 4556608
1 4556672
5 4556736
7 4556800
9 4556864
9 4556928
7 4556992
0 4557056
6 4557120
5 4557184
8 4557248
1 4557312
1 4557376
2 4557440
4 4557504
5 4557568
0 4557632
7 4557696
7 4557760
8 4557824
3 4557888
6 4557952
3 4558016
5 4558080
0 4558144
10 4558208
9 4558272
6 4558336
8 4558400
0 4558464
1 4558528
9 4558592
2 4558656
2 4558720
7 4558784
1 4558848
6 4558912
6 4558976
2 4559040
3 4559104
9 4559168
10 4559232
3 4559296
5 4559360
2 4559424
6 4559488
0 4559552
1 4559616
7 4559680
10 4559744
7 4559808
2 4559872
6 4559936
5 4560000
5 4560064
8 4560128
1 4560192
3 4560256
2 4560320
6 4560384
1 4560448
3 4560512
5 4560576
10 4560640
4 4560704
2 4560768
7 4560832
0 4560896
1 4560960
10 4561024
8 4561088
2 4561152
3 4561216
3 4561280
10 4561344
2 4561408
10 4561472
10 4561536
0 4561600
0 4561664
2 4561728
5 4561792
10 4561856
3 4561920
0 4561984
4 4562048
6 4562112
7 4562176
4 4562240
0 4562304
7 4562368
1 4562432
8 4562496
5 4562560
3 4562624
3 4562688
1 4562752
1 4562816
5 4562880
6 4562944
4 4563008
8 4563072
3 4563136
5 4563200
6 4563264
2 4563328
8 4563392
7 4563456
5 4563520
3 4563584
10 4563648
1 4563712
8 4563776
4 4563840
8 4563904
3 4563968
3 4564032
6 4564096
4 4564160
9 4564224
2 4564288
1 4564352
5 4564416
2 4564480
9 4564544
6 4564608
4 4564672
5 4564736
8 4564800
7 4564864
1 4564928
6 4564992
6 4565056
3 4565120
10 4565184
9 4565248
3 4565312
0 4565376
3 4565440
2 4565504
2 4565568
1 4565632
6 4565696
8 4565760
8 4565824
0 4565888
7 4565952
0 4566016
1 4566080
8 4566144
2 4566208
1 4566272
5 4566336
5 4566400
7 4566464
4 4566528
10 4566592
1 4566656
2 4566720
5 4566784
1 4566848
2 4566912
1 4566976
8 4567040
8 4567104
3 4567168
3 4567232
4 4567296
0 4567360
10 4567424
1 4567488
7 4567552
9 4567616
1 4567680
9 4567744
4 4567808
4 4567872
5 4567936
10 4568000
5 4568064
7 4568128
6 4568192
6 4568256
9 4568320
6 4568384
2 4568448
5 4568512
3 4568576
6 4568640
7 4568704
1 4568768
1 4568832
7 4568896
1 4568960
2 4569024
0 4569088
3 4569152
4 4569216
5 4569280
7 4569344
4 4569408
1 4569472
10 4569536
7 4569600
5 4569664
6 4569728
5 4569792
9 4569856
2 4569920
3 4569984
0 4570048
0 4570112
2 4570176
2 4570240
4 4570304
2 4570368
2 4570432
3 4570496
7 4570560
1 4570624
6 4570688
6 4570752
4 4570816
3 4570880
3 4570944
10 4571008
3 4571072
5 4571136
1 4571200
9 4571264
9 4571328
9 4571392
7 4571456
10 4571520
2 4571584
1 4571648
1 4571712
1 4571776
5 4571840
2 4571904
9 4571968
2 4572032
7 4572096
0 4572160
9 4572224
10 4572288
9 4572352
3 4572416
0 4572480
6 4572544
7 4572608
6 4572672
10 4572736
4 4572800
2 4572864
0 4572928
10 4572992
1 4573056
1 4573120
7 4573184
3 4573248
1 4573312
0 4573376
1 4573440
0 4573504
9 4573568
1 4573632
0 4573696
10 4573760
4 4573824
6 4573888
0 4573952
0 4574016
5 4574080
2 4574144
10 4574208
0 4574272
4 4574336
9 4574400
5 4574464
6 4574528
6 4574592
8 4574656
6 4574720
5 4574784
1 4574848
0 4574912
3 4574976
8 4575040
9 4575104
5 4575168
3 4575232
7 4575296
10 4575360
10 4575424
2 4575488
2 4575552
7 4575616
8 4575680
3 4575744
9 4575808
2 4575872
9 4575936
0 4576000
2 4576064
5 4576128
3 4576192
2 4576256
4 4576320
4 4576384
8 4576448
8 4576512
8 4576576
0 4576640
7 4576704
6 4576768
9 4576832
6 4576896
5 4576960
7 4577024
7 4577088
6 4577152
5 4577216
4 4577280
3 4577344
9 4577408
5 4577472
9 4577536
2 4577600
8 4577664
9 4577728
1 4577792
4 4577856
6 4577920
3 4577984
1 4578048
2 4578112
10 4578176
4 4578240
5 4578304
10 4578368
3 4578432
4 4578496
7 4578560
4 4578624
9 4578688
10 4578752
1 4578816
1 4578880
6 4578944
0 4579008
8 4579072
4 4579136
10 4579200
7 4579264
8 4579328
10 4579392
1 4579456
8 4579520
2 4579584
2 4579648
2 4579712
3 4579776
10 4579840
4 4579904
10 4579968
4 4580032
10 4580096
9 4580160
4 4580224
4 4580288
7 4580352
10 4580416
4 4580480
8 4580544
4 4580608
8 4580672
5 4580736
10 4580800
6 4580864
9 4580928
4 4580992
4 4581056
5 4581120
1 4581184
4 4581248
2 4581312
1 4581376
10 4581440
5 4581504
7 4581568
2 4581632
9 4581696
9 4581760
1 4581824
4 4581888
2 4581952
6 4582016
0 4582080
7 4582144
1 4582208
3 4582272
3 4582336
9 4582400
1 4582464
4 4582528
3 4582592
8 4582656
2 4582720
7 4582784
6 4582848
4 4582912
10 4582976
6 4583040
1 4583104
2 4583168
3 4583232
9 4583296
5 4583360
5 4583424
4 4583488
5 4583552
10 4583616
2 4583680
5 4583744
9 4583808
1 4583872
3 4583936
7 4584000
2 4584064
0 4584128
6 4584192
7 4584256
7 4584320
10 4584384
10 4584448
3 4584512
0 4584576
9 4584640
10 4584704
7 4584768
8 4584832
0 4584896
3 4584960
9 4585024
9 4585088
3 4585152
4 4585216
6 4585280
8 4585344
6 4585408
2 4585472
0 4585536
7 4585600
5 4585664
3 4585728
9 4585792
1 4585856
9 4585920
1 4585984
10 4586048
10 4586112
9 4586176
3 4586240
8 4586304
2 4586368
8 4586432
10 4586496
9 4586560
1 4586624
8 4586688
3 4586752
5 4586816
0 4586880
7 4586944
3 4587008
9 4587072
8 4587136
4 4587200
8 4587264
10 4587328
5 4587392
5 4587456
0 4587520
5 4587584
0 4587648
6 4587712
8 4587776
1 4587840
5 4587904
1 4587968
10 4588032
1 4588096
4 4588160
6 4588224
2 4588288
7 4588352
8 4588416
5 4588480
6 4588544
10 4588608
6 4588672
2 4588736
1 4588800
7 4588864
6 4588928
2 4588992
10 4589056
7 4589120
2 4589184
4 4589248
3 4589312
8 4589376
1 4589440
4 4589504
4 4589568
5 4589632
6 4589696
5 4589760
1 4589824
4 4589888
9 4589952
9 4590016
7 4590080
5 4590144
3 4590208
10 4590272
0 4590336
1 4590400
4 4590464
4 4590528
6 4590592
3 4590656
3 4590720
8 4590784
4 4590848
5 4590912
5 4590976
4 4591040
5 4591104
0 4591168
1 4591232
2 4591296
10 4591360
2 4591424
2 4591488
1 4591552
9 4591616
10 4591680
8 4591744
10 4591808
8 4591872
4 4591936
8 4592000
1 4592064
3 4592128
1 4592192
2 4592256
0 4592320
5 4592384
9 4592448
3 4592512
0 4592576
8 4592640
9 4592704
8 4592768
9 4592832
3 4592896
0 4592960
9 4593024
2 4593088
10 4593152
2 4593216
2 4593280
0 4593344
2 4593408
4 4593472
1 4593536
7 4593600
6 4593664
6 4593728
9 4593792
7 4593856
0 4593920
10 4593984
6 4594048
8 4594112
3 4594176
8 4594240
2 4594304
8 4594368
2 4594432
6 4594496
6 4594560
7 4594624
4 4594688
0 4594752
10 4594816
0 4594880
10 4594944
0 4595008
9 4595072
10 4595136
7 4595200
7 4595264
3 4595328
5 4595392
4 4595456
9 4595520
10 4595584
6 4595648
2 4595712
5 4595776
10 4595840
9 4595904
5 4595968
9 4596032
0 4596096
1 4596160
2 4596224
1 4596288
3 4596352
5 4596416
5 4596480
3 4596544
0 4596608
1 4596672
2 4596736
5 4596800
3 4596864
4 4596928
10 4596992
3 4597056
6 4597120
4 4597184
6 4597248
6 4597312
9 4597376
3 4597440
7 4597504
0 4597568
6 4597632
7 4597696
10 4597760
5 4597824
6 4597888
4 4597952
4 4598016
0 4598080
3 4598144
10 4598208
1 4598272
4 4598336
8 4598400
2 4598464
2 4598528
1 4598592
1 4598656
9 4598720
4 4598784
5 4598848
7 4598912
2 4598976
0 4599040
5 4599104
5 4599168
5 4599232
3 4599296
2 4599360
1 4599424
6 4599488
10 4599552
8 4599616
5 4599680
5 4599744
5 4599808
0 4599872
2 4599936
6 4600000
9 4600064
4 4600128
5 4600192
0 4600256
5 4600320
8 4600384
3 4600448
6 4600512
0 4600576
7 4600640
2 4600704
2 4600768
8 4600832
8 4600896
4 4600960
9 4601024
9 4601088
3 4601152
9 4601216
2 4601280
8 4601344
10 4601408
8 4601472
6 4601536
6 4601600
8 4601664
9 4601728
8 4601792
0 4601856
1 4601920
0 4601984
6 4602048
10 4602112
10 4602176
5 4602240
2 4602304
8 4602368
5 4602432
4 4602496
4 4602560
3 4602624
0 4602688
5 4602752
2 4602816
10 4602880
3 4602944
6 4603008
1 4603072
4 4603136
1 4603200
6 4603264
3 4603328
10 4603392
7 4603456
0 4603520
7 4603584
10 4603648
2 4603712
7 4603776
4 4603840
2 4603904
0 4603968
0 4604032
10 4604096
10 4604160
5 4604224
0 4604288
2 4604352
10 4604416
9 4604480
4 4604544
0 4604608
7 4604672
9 4604736
9 4604800
3 4604864
9 4604928
7 4604992
7 4605056
8 4605120
8 4605184
1 4605248
0 4605312
4 4605376
8 4605440
5 4605504
9 4605568
1 4605632
5 4605696
9 4605760
0 4605824
5 4605888
4 4605952
2 4606016
4 4606080
8 4606144
7 4606208
8 4606272
4 4606336
10 4606400
0 4606464
4 4606528
1 4606592
4 4606656
7 4606720
1 4606784
4 4606848
0 4606912
10 4606976
8 4607040
8 4607104
7 4607168
7 4607232
9 4607296
5 4607360
1 4607424
5 4607488
6 4607552
9 4607616
9 4607680
2 4607744
2 4607808
9 4607872
1 4607936
10 4608000
3 4608064
7 4608128
10 4608192
9 4608256
0 4608320
10 4608384
1 4608448
6 4608512
8 4608576
8 4608640
4 4608704
10 4608768
0 4608832
4 4608896
7 4608960
6 4609024
3 4609088
3 4609152
0 4609216
9 4609280
9 4609344
4 4609408
7 4609472
10 4609536
9 4609600
1 4609664
4 4609728
1 4609792
5 4609856
10 4609920
9 4609984
2 4610048
8 4610112
4 4610176
2 4610240
7 4610304
6 4610368
7 4610432
7 4610496
4 4610560
1 4610624
6 4610688
5 4610752
3 4610816
7 4610880
4 4610944
6 4611008
6 4611072
7 4611136
8 4611200
5 4611264
6 4611328
3 4611392
10 4611456
7 4611520
1 4611584
6 4611648
4 4611712
3 4611776
6 4611840
1 4611904
10 4611968
1 4612032
1 4612096
6 4612160
8 4612224
5 4612288
9 4612352
5 4612416
2 4612480
4 4612544
1 4612608
7 4612672
1 4612736
6 4612800
8 4612864
7 4612928
4 4612992
7 4613056
8 4613120
2 4613184
5 4613248
6 4613312
10 4613376
3 4613440
4 4613504
3 4613568
2 4613632
5 4613696
1 4613760
0 4613824
1 4613888
1 4613952
0 4614016
2 4614080
10 4614144
8 4614208
8 4614272
3 4614336
1 4614400
4 4614464
9 4614528
10 4614592
1 4614656
4 4614720
1 4614784
0 4614848
1 4614912
1 4614976
2 4615040
0 4615104
1 4615168
10 4615232
7 4615296
4 4615360
7 4615424
4 4615488
8 4615552
1 4615616
5 4615680
10 4615744
7 4615808
9 4615872
6 4615936
1 4616000
9 4616064
4 4616128
2 4616192
3 4616256
8 4616320
0 4616384
2 4616448
1 4616512
2 4616576
4 4616640
5 4616704
8 4616768
2 4616832
4 4616896
7 4616960
0 4617024
8 4617088
0 4617152
7 4617216
0 4617280
9 4617344
2 4617408
7 4617472
8 4617536
10 4617600
5 4617664
7 4617728
4 4617792
3 4617856
6 4617920
4 4617984
2 4618048
5 4618112
4 4618176
2 4618240
10 4618304
4 4618368
10 4618432
7 4618496
0 4618560
2 4618624
6 4618688
9 4618752
1 4618816
10 4618880
5 4618944
10 4619008
4 4619072
6 4619136
6 4619200
6 4619264
9 4619328
10 4619392
2 4619456
0 4619520
7 4619584
2 4619648
9 4619712
7 4619776
2 4619840
2 4619904
3 4619968
1 4620032
8 4620096
10 4620160
7 4620224
0 4620288
8 4620352
6 4620416
3 4620480
3 4620544
4 4620608
4 4620672
5 4620736
3 4620800
9 4620864
7 4620928
5 4620992
0 4621056
8 4621120
2 4621184
9 4621248
10 4621312
0 4621376
3 4621440
8 4621504
5 4621568
6 4621632
9 4621696
8 4621760
0 4621824
2 4621888
8 4621952
4 4622016
4 4622080
0 4622144
2 4622208
7 4622272
8 4622336
3 4622400
6 4622464
2 4622528
10 4622592
6 4622656
8 4622720
4 4622784
9 4622848
4 4622912
1 4622976
10 4623040
10 4623104
4 4623168
7 4623232
9 4623296
0 4623360
4 4623424
4 4623488
7 4623552
5 4623616
1 4623680
5 4623744
3 4623808
7 4623872
10 4623936
9 4624000
2 4624064
6 4624128
10 4624192
0 4624256
6 4624320
0 4624384
8 4624448
2 4624512
3 4624576
10 4624640
8 4624704
2 4624768
0 4624832
10 4624896
0 4624960
0 4625024
10 4625088
10 4625152
2 4625216
9 4625280
7 4625344
8 4625408
0 4625472
6 4625536
10 4625600
7 4625664
8 4625728
2 4625792
10 4625856
4 4625920
6 4625984
5 4626048
10 4626112
5 4626176
3 4626240
0 4626304
9 4626368
2 4626432
2 4626496
2 4626560
2 4626624
1 4626688
2 4626752
8 4626816
8 4626880
1 4626944
6 4627008
9 4627072
0 4627136
3 4627200
5 4627264
8 4627328
3 4627392
2 4627456
2 4627520
3 4627584
2 4627648
7 4627712
2 4627776
3 4627840
4 4627904
4 4627968
2 4628032
4 4628096
1 4628160
6 4628224
0 4628288
8 4628352
3 4628416
8 4628480
8 4628544
10 4628608
10 4628672
1 4628736
4 4628800
8 4628864
9 4628928
10 4628992
9 4629056
4 4629120
8 4629184
10 4629248
2 4629312
10 4629376
2 4629440
3 4629504
10 4629568
3 4629632
2 4629696
2 4629760
8 4629824
4 4629888
6 4629952
6 4630016
1 4630080
9 4630144
9 4630208
9 4630272
7 4630336
1 4630400
0 4630464
8 4630528
1 4630592
8 4630656
6 4630720
3 4630784
2 4630848
1 4630912
3 4630976
10 4631040
3 4631104
7 4631168
5 4631232
10 4631296
2 4631360
1 4631424
4 4631488
5 4631552
10 4631616
5 4631680
4 4631744
4 4631808
7 4631872
2 4631936
2 4632000
7 4632064
0 4632128
0 4632192
4 4632256
8 4632320
9 4632384
10 4632448
10 4632512
9 4632576
7 4632640
4 4632704
4 4632768
2 4632832
2 4632896
10 4632960
5 4633024
9 4633088
10 4633152
7 4633216
3 4633280
0 4633344
3 4633408
7 4633472
4 4633536
8 4633600
5 4633664
10 4633728
0 4633792
8 4633856
3 4633920
7 4633984
4 4634048
3 4634112
2 4634176
0 4634240
0 4634304
6 4634368
10 4634432
0 4634496
10 4634560
8 4634624
3 4634688
0 4634752
10 4634816
7 4634880
7 4634944
3 4635008
6 4635072
10 4635136
6 4635200
7 4635264
5 4635328
8 4635392
5 4635456
9 4635520
8 4635584
7 4635648
7 4635712
1 4635776
5 4635840
7 4635904
3 4635968
3 4636032
3 4636096
5 4636160
3 4636224
8 4636288
3 4636352
7 4636416
9 4636480
0 4636544
2 4636608
3 4636672
8 4636736
9 4636800
4 4636864
10 4636928
0 4636992
5 4637056
6 4637120
9 4637184
4 4637248
10 4637312
7 4637376
6 4637440
1 4637504
9 4637568
2 4637632
7 4637696
8 4637760
1 4637824
2 4637888
10 4637952
0 4638016
7 4638080
9 4638144
10 4638208
6 4638272
2 4638336
4 4638400
8 4638464
0 4638528
9 4638592
9 4638656
5 4638720
2 4638784
2 4638848
4 4638912
10 4638976
2 4639040
7 4639104
5 4639168
6 4639232
1 4639296
7 4639360
3 4639424
7 4639488
2 4639552
0 4639616
1 4639680
7 4639744
0 4639808
1 4639872
1 4639936
7 4640000
5 4640064
10 4640128
5 4640192
5 4640256
6 4640320
7 4640384
7 4640448
4 4640512
7 4640576
3 4640640
5 4640704
1 4640768
0 4640832
6 4640896
7 4640960
4 4641024
4 4641088
4 4641152
9 4641216
9 4641280
8 4641344
9 4641408
0 4641472
7 4641536
1 4641600
6 4641664
7 4641728
10 4641792
7 4641856
8 4641920
8 4641984
0 4642048
3 4642112
0 4642176
2 4642240
4 4642304
9 4642368
2 4642432
3 4642496
10 4642560
10 4642624
0 4642688
0 4642752
8 4642816
3 4642880
3 4642944
4 4643008
1 4643072
8 4643136
7 4643200
1 4643264
5 4643328
5 4643392
10 4643456
0 4643520
3 4643584
9 4643648
10 4643712
3 4643776
0 4643840
3 4643904
8 4643968
0 4644032
3 4644096
5 4644160
4 4644224
3 4644288
1 4644352
3 4644416
7 4644480
3 4644544
1 4644608
2 4644672
9 4644736
5 4644800
0 4644864
4 4644928
8 4644992
8 4645056
10 4645120
8 4645184
1 4645248
9 4645312
8 4645376
7 4645440
5 4645504
9 4645568
9 4645632
7 4645696
3 4645760
2 4645824
2 4645888
10 4645952
9 4646016
2 4646080
7 4646144
8 4646208
0 4646272
9 4646336
9 4646400
2 4646464
8 4646528
3 4646592
10 4646656
9 4646720
8 4646784
6 4646848
3 4646912
9 4646976
1 4647040
10 4647104
0 4647168
6 4647232
2 4647296
0 4647360
4 4647424
6 4647488
7 4647552
8 4647616
6 4647680
3 4647744
0 4647808
3 4647872
8 4647936
1 4648000
6 4648064
9 4648128
1 4648192
9 4648256
4 4648320
8 4648384
6 4648448
7 4648512
0 4648576
7 4648640
10 4648704
6 4648768
9 4648832
8 4648896
6 4648960
4 4649024
4 4649088
4 4649152
9 4649216
1 4649280
1 4649344
8 4649408
5 4649472
1 4649536
0 4649600
1 4649664
5 4649728
4 4649792
10 4649856
2 4649920
7 4649984
2 4650048
5 4650112
5 4650176
7 4650240
3 4650304
0 4650368
1 4650432
8 4650496
0 4650560
8 4650624
7 4650688
2 4650752
5 4650816
8 4650880
4 4650944
2 4651008
3 4651072
0 4651136
2 4651200
2 4651264
10 4651328
7 4651392
2 4651456
7 4651520
5 4651584
2 4651648
1 4651712
10 4651776
5 4651840
2 4651904
7 4651968
10 4652032
2 4652096
3 4652160
1 4652224
1 4652288
4 4652352
3 4652416
4 4652480
1 4652544
6 4652608
6 4652672
3 4652736
8 4652800
2 4652864
6 4652928
7 4652992
7 4653056
5 4653120
9 4653184
7 4653248
2 4653312
7 4653376
7 4653440
7 4653504
1 4653568
10 4653632
9 4653696
8 4653760
4 4653824
6 4653888
0 4653952
5 4654016
3 4654080
4 4654144
6 4654208
5 4654272
10 4654336
7 4654400
4 4654464
0 4654528
9 4654592
6 4654656
8 4654720
3 4654784
4 4654848
10 4654912
8 4654976
6 4655040
10 4655104
9 4655168
8 4655232
7 4655296
1 4655360
6 4655424
4 4655488
6 4655552
2 4655616
9 4655680
2 4655744
9 4655808
1 4655872
7 4655936
7 4656000
3 4656064
6 4656128
0 4656192
5 4656256
3 4656320
9 4656384
0 4656448
8 4656512
1 4656576
1 4656640
0 4656704
0 4656768
0 4656832
7 4656896
7 4656960
8 4657024
3 4657088
1 4657152
8 4657216
2 4657280
6 4657344
3 4657408
7 4657472
10 4657536
4 4657600
1 4657664
9 4657728
8 4657792
7 4657856
10 4657920
0 4657984
3 4658048
2 4658112
2 4658176
5 4658240
0 4658304
8 4658368
1 4658432
9 4658496
3 4658560
3 4658624
9 4658688
10 4658752
2 4658816
2 4658880
7 4658944
4 4659008
10 4659072
4 4659136
5 4659200
4 4659264
10 4659328
5 4659392
4 4659456
4 4659520
7 4659584
2 4659648
7 4659712
8 4659776
7 4659840
9 4659904
2 4659968
4 4660032
4 4660096
7 4660160
10 4660224
10 4660288
7 4660352
1 4660416
7 4660480
4 4660544
0 4660608
6 4660672
6 4660736
8 4660800
6 4660864
7 4660928
9 4660992
9 4661056
4 4661120
2 4661184
0 4661248
10 4661312
6 4661376
1 4661440
3 4661504
7 4661568
6 4661632
9 4661696
8 4661760
2 4661824
3 4661888
7 4661952
6 4662016
1 4662080
8 4662144
2 4662208
5 4662272
9 4662336
3 4662400
0 4662464
8 4662528
7 4662592
8 4662656
7 4662720
9 4662784
0 4662848
9 4662912
1 4662976
2 4663040
8 4663104
1 4663168
2 4663232
1 4663296
2 4663360
6 4663424
3 4663488
5 4663552
8 4663616
1 4663680
5 4663744
6 4663808
7 4663872
1 4663936
0 4664000
2 4664064
6 4664128
2 4664192
2 4664256
5 4664320
1 4664384
9 4664448
3 4664512
3 4664576
5 4664640
6 4664704
2 4664768
8 4664832
4 4664896
4 4664960
3 4665024
7 4665088
10 4665152
2 4665216
8 4665280
2 4665344
8 4665408
4 4665472
0 4665536
1 4665600
2 4665664
5 4665728
2 4665792
0 4665856
0 4665920
4 4665984
3 4666048
2 4666112
0 4666176
9 4666240
1 4666304
8 4666368
2 4666432
8 4666496
10 4666560
1 4666624
2 4666688
4 4666752
7 4666816
9 4666880
6 4666944
10 4667008
6 4667072
6 4667136
10 4667200
7 4667264
8 4667328
3 4667392
0 4667456
3 4667520
1 4667584
7 4667648
2 4667712
9 4667776
4 4667840
0 4667904
9 4667968
9 4668032
3 4668096
7 4668160
5 4668224
1 4668288
3 4668352
7 4668416
6 4668480
10 4668544
8 4668608
4 4668672
8 4668736
1 4668800
4 4668864
10 4668928
1 4668992
9 4669056
6 4669120
7 4669184
9 4669248
9 4669312
1 4669376
8 4669440
4 4669504
5 4669568
1 4669632
9 4669696
2 4669760
0 4669824
8 4669888
4 4669952
9 4670016
6 4670080
5 4670144
3 4670208
8 4670272
5 4670336
1 4670400
9 4670464
4 4670528
0 4670592
5 4670656
6 4670720
8 4670784
4 4670848
10 4670912
5 4670976
10 4671040
9 4671104
3 4671168
4 4671232
0 4671296
1 4671360
0 4671424
7 4671488
5 4671552
2 4671616
8 4671680
7 4671744
9 4671808
9 4671872
7 4671936
2 4672000
2 4672064
5 4672128
7 4672192
10 4672256
5 4672320
0 4672384
2 4672448
2 4672512
5 4672576
9 4672640
3 4672704
1 4672768
10 4672832
2 4672896
2 4672960
7 4673024
2 4673088
5 4673152
4 4673216
4 4673280
10 4673344
9 4673408
5 4673472
5 4673536
10 4673600
0 4673664
3 4673728
10 4673792
0 4673856
7 4673920
9 4673984
5 4674048
8 4674112
2 4674176
5 4674240
4 4674304
6 4674368
7 4674432
7 4674496
2 4674560
3 4674624
9 4674688
6 4674752
7 4674816
10 4674880
7 4674944
8 4675008
3 4675072
9 4675136
0 4675200
7 4675264
5 4675328
1 4675392
6 4675456
3 4675520
8 4675584
0 4675648
6 4675712
6 4675776
2 4675840
6 4675904
7 4675968
9 4676032
4 4676096
0 4676160
9 4676224
9 4676288
0 4676352
7 4676416
3 4676480
7 4676544
2 4676608
2 4676672
9 4676736
1 4676800
7 4676864
6 4676928
4 4676992
8 4677056
0 4677120
3 4677184
6 4677248
1 4677312
4 4677376
10 4677440
10 4677504
5 4677568
4 4677632
4 4677696
0 4677760
10 4677824
2 4677888
9 4677952
1 4678016
9 4678080
5 4678144
6 4678208
5 4678272
0 4678336
10 4678400
5 4678464
8 4678528
4 4678592
8 4678656
4 4678720
1 4678784
10 4678848
4 4678912
9 4678976
2 4679040
2 4679104
8 4679168
3 4679232
5 4679296
6 4679360
0 4679424
2 4679488
2 4679552
9 4679616
3 4679680
5 4679744
1 4679808
1 4679872
10 4679936
7 4680000
4 4680064
8 4680128
10 4680192
6 4680256
3 4680320
6 4680384
9 4680448
3 4680512
8 4680576
0 4680640
5 4680704
8 4680768
4 4680832
6 4680896
0 4680960
7 4681024
0 4681088
10 4681152
4 4681216
3 4681280
5 4681344
10 4681408
1 4681472
7 4681536
5 4681600
9 4681664
3 4681728
1 4681792
7 4681856
2 4681920
6 4681984
1 4682048
0 4682112
8 4682176
10 4682240
4 4682304
5 4682368
6 4682432
3 4682496
10 4682560
1 4682624
4 4682688
7 4682752
10 4682816
9 4682880
6 4682944
1 4683008
2 4683072
6 4683136
5 4683200
0 4683264
8 4683328
8 4683392
9 4683456
9 4683520
7 4683584
5 4683648
5 4683712
8 4683776
5 4683840
3 4683904
7 4683968
9 4684032
9 4684096
10 4684160
7 4684224
8 4684288
8 4684352
1 4684416
6 4684480
6 4684544
8 4684608
10 4684672
0 4684736
9 4684800
6 4684864
5 4684928
1 4684992
1 4685056
9 4685120
8 4685184
8 4685248
8 4685312
7 4685376
4 4685440
10 4685504
4 4685568
7 4685632
3 4685696
2 4685760
1 4685824
7 4685888
10 4685952
7 4686016
8 4686080
5 4686144
4 4686208
5 4686272
7 4686336
4 4686400
7 4686464
10 4686528
7 4686592
0 4686656
6 4686720
0 4686784
8 4686848
10 4686912
5 4686976
5 4687040
8 4687104
8 4687168
10 4687232
3 4687296
4 4687360
8 4687424
5 4687488
6 4687552
4 4687616
3 4687680
2 4687744
7 4687808
5 4687872
4 4687936
1 4688000
1 4688064
5 4688128
6 4688192
5 4688256
2 4688320
7 4688384
7 4688448
0 4688512
1 4688576
10 4688640
5 4688704
6 4688768
2 4688832
6 4688896
6 4688960
9 4689024
9 4689088
8 4689152
1 4689216
8 4689280
0 4689344
5 4689408
2 4689472
7 4689536
9 4689600
2 4689664
0 4689728
0 4689792
8 4689856
5 4689920
4 4689984
6 4690048
3 4690112
1 4690176
6 4690240
4 4690304
6 4690368
0 4690432
6 4690496
10 4690560
6 4690624
10 4690688
4 4690752
9 4690816
3 4690880
2 4690944
3 4691008
7 4691072
5 4691136
5 4691200
8 4691264
3 4691328
8 4691392
8 4691456
3 4691520
3 4691584
3 4691648
10 4691712
1 4691776
4 4691840
9 4691904
3 4691968
10 4692032
2 4692096
5 4692160
4 4692224
8 4692288
5 4692352
9 4692416
10 4692480
2 4692544
8 4692608
10 4692672
2 4692736
0 4692800
6 4692864
6 4692928
6 4692992
5 4693056
3 4693120
4 4693184
7 4693248
9 4693312
7 4693376
1 4693440
0 4693504
9 4693568
0 4693632
0 4693696
2 4693760
8 4693824
1 4693888
0 4693952
0 4694016
0 4694080
3 4694144
2 4694208
6 4694272
6 4694336
6 4694400
1 4694464
7 4694528
8 4694592
0 4694656
8 4694720
8 4694784
6 4694848
4 4694912
4 4694976
9 4695040
9 4695104
1 4695168
6 4695232
2 4695296
7 4695360
7 4695424
6 4695488
5 4695552
0 4695616
2 4695680
9 4695744
4 4695808
2 4695872
5 4695936
0 4696000
1 4696064
2 4696128
2 4696192
9 4696256
1 4696320
5 4696384
3 4696448
5 4696512
3 4696576
7 4696640
5 4696704
9 4696768
2 4696832
7 4696896
1 4696960
9 4697024
7 4697088
6 4697152
6 4697216
1 4697280
6 4697344
2 4697408
4 4697472
2 4697536
9 4697600
3 4697664
3 4697728
8 4697792
0 4697856
1 4697920
10 4697984
0 4698048
7 4698112
10 4698176
0 4698240
1 4698304
7 4698368
7 4698432
4 4698496
4 4698560
6 4698624
0 4698688
8 4698752
3 4698816
4 4698880
8 4698944
6 4699008
4 4699072
9 4699136
1 4699200
7 4699264
5 4699328
0 4699392
7 4699456
8 4699520
3 4699584
1 4699648
2 4699712
3 4699776
3 4699840
1 4699904
5 4699968
10 4700032
3 4700096
4 4700160
9 4700224
7 4700288
6 4700352
2 4700416
1 4700480
7 4700544
4 4700608
1 4700672
10 4700736
0 4700800
10 4700864
3 4700928
7 4700992
5 4701056
1 4701120
4 4701184
1 4701248
6 4701312
4 4701376
8 4701440
6 4701504
6 4701568
8 4701632
10 4701696
9 4701760
8 4701824
2 4701888
3 4701952
9 4702016
7 4702080
10 4702144
3 4702208
10 4702272
2 4702336
7 4702400
8 4702464
6 4702528
0 4702592
2 4702656
8 4702720
4 4702784
9 4702848
6 4702912
3 4702976
5 4703040
5 4703104
5 4703168
10 4703232
10 4703296
0 4703360
1 4703424
2 4703488
1 4703552
10 4703616
9 4703680
10 4703744
9 4703808
1 4703872
4 4703936
10 4704000
9 4704064
9 4704128
5 4704192
2 4704256
5 4704320
3 4704384
5 4704448
9 4704512
5 4704576
3 4704640
0 4704704
1 4704768
9 4704832
6 4704896
5 4704960
4 4705024
9 4705088
7 4705152
0 4705216
5 4705280
9 4705344
4 4705408
4 4705472
5 4705536
10 4705600
10 4705664
9 4705728
9 4705792
1 4705856
4 4705920
5 4705984
2 4706048
1 4706112
0 4706176
2 4706240
0 4706304
10 4706368
3 4706432
8 4706496
8 4706560
10 4706624
7 4706688
0 4706752
10 4706816
7 4706880
1 4706944
3 4707008
10 4707072
6 4707136
0 4707200
4 4707264
2 4707328
1 4707392
2 4707456
1 4707520
0 4707584
0 4707648
4 4707712
6 4707776
8 4707840
7 4707904
9 4707968
7 4708032
5 4708096
2 4708160
1 4708224
0 4708288
0 4708352
8 4708416
4 4708480
8 4708544
6 4708608
5 4708672
4 4708736
2 4708800
5 4708864
10 4708928
5 4708992
6 4709056
8 4709120
6 4709184
2 4709248
2 4709312
2 4709376
9 4709440
0 4709504
10 4709568
5 4709632
4 4709696
4 4709760
1 4709824
7 4709888
1 4709952
0 4710016
5 4710080
6 4710144
7 4710208
3 4710272
9 4710336
2 4710400
9 4710464
3 4710528
10 4710592
6 4710656
9 4710720
0 4710784
7 4710848
0 4710912
6 4710976
4 4711040
10 4711104
8 4711168
10 4711232
7 4711296
2 4711360
3 4711424
5 4711488
8 4711552
3 4711616
8 4711680
10 4711744
9 4711808
10 4711872
10 4711936
5 4712000
1 4712064
7 4712128
5 4712192
10 4712256
2 4712320
0 4712384
4 4712448
7 4712512
7 4712576
0 4712640
0 4712704
4 4712768
8 4712832
3 4712896
0 4712960
10 4713024
7 4713088
6 4713152
2 4713216
7 4713280
3 4713344
2 4713408
5 4713472
5 4713536
3 4713600
8 4713664
2 4713728
7 4713792
4 4713856
3 4713920
8 4713984
3 4714048
2 4714112
6 4714176
2 4714240
2 4714304
5 4714368
0 4714432
6 4714496
3 4714560
4 4714624
8 4714688
3 4714752
7 4714816
3 4714880
10 4714944
2 4715008
3 4715072
0 4715136
1 4715200
4 4715264
6 4715328
4 4715392
6 4715456
7 4715520
5 4715584
0 4715648
3 4715712
8 4715776
0 4715840
9 4715904
5 4715968
4 4716032
1 4716096
8 4716160
5 4716224
2 4716288
0 4716352
3 4716416
9 4716480
7 4716544
1 4716608
0 4716672
1 4716736
0 4716800
4 4716864
4 4716928
3 4716992
3 4717056
0 4717120
5 4717184
0 4717248
9 4717312
8 4717376
0 4717440
9 4717504
9 4717568
3 4717632
4 4717696
0 4717760
10 4717824
9 4717888
6 4717952
0 4718016
0 4718080
8 4718144
7 4718208
6 4718272
8 4718336
4 4718400
10 4718464
8 4718528
6 4718592
5 4718656
5 4718720
8 4718784
10 4718848
4 4718912
2 4718976
2 4719040
5 4719104
2 4719168
7 4719232
7 4719296
6 4719360
8 4719424
5 4719488
7 4719552
5 4719616
5 4719680
6 4719744
4 4719808
4 4719872
2 4719936
9 4720000
2 4720064
7 4720128
7 4720192
5 4720256
0 4720320
1 4720384
9 4720448
3 4720512
2 4720576
5 4720640
2 4720704
6 4720768
7 4720832
4 4720896
9 4720960
4 4721024
2 4721088
2 4721152
2 4721216
1 4721280
6 4721344
6 4721408
0 4721472
9 4721536
5 4721600
2 4721664
3 4721728
8 4721792
1 4721856
4 4721920
9 4721984
8 4722048
7 4722112
1 4722176
4 4722240
2 4722304
0 4722368
3 4722432
10 4722496
5 4722560
7 4722624
7 4722688
7 4722752
9 4722816
3 4722880
1 4722944
2 4723008
4 4723072
0 4723136
4 4723200
9 4723264
3 4723328
8 4723392
6 4723456
3 4723520
6 4723584
2 4723648
3 4723712
1 4723776
7 4723840
5 4723904
10 4723968
5 4724032
3 4724096
3 4724160
7 4724224
3 4724288
10 4724352
4 4724416
7 4724480
7 4724544
10 4724608
6 4724672
3 4724736
0 4724800
6 4724864
5 4724928
8 4724992
5 4725056
8 4725120
2 4725184
7 4725248
6 4725312
5 4725376
4 4725440
10 4725504
6 4725568
9 4725632
9 4725696
1 4725760
5 4725824
10 4725888
10 4725952
8 4726016
9 4726080
7 4726144
3 4726208
10 4726272
0 4726336
10 4726400
3 4726464
7 4726528
8 4726592
5 4726656
8 4726720
1 4726784
4 4726848
10 4726912
10 4726976
10 4727040
4 4727104
10 4727168
2 4727232
9 4727296
8 4727360
3 4727424
6 4727488
8 4727552
7 4727616
6 4727680
1 4727744
9 4727808
0 4727872
7 4727936
5 4728000
0 4728064
5 4728128
6 4728192
1 4728256
1 4728320
5 4728384
5 4728448
5 4728512
1 4728576
0 4728640
7 4728704
4 4728768
9 4728832
10 4728896
8 4728960
1 4729024
8 4729088
8 4729152
6 4729216
9 4729280
6 4729344
1 4729408
1 4729472
5 4729536
8 4729600
8 4729664
9 4729728
0 4729792
1 4729856
7 4729920
1 4729984
8 4730048
7 4730112
2 4730176
9 4730240
7 4730304
0 4730368
1 4730432
2 4730496
6 4730560
8 4730624
3 4730688
10 4730752
1 4730816
5 4730880
6 4730944
2 4731008
10 4731072
4 4731136
2 4731200
0 4731264
6 4731328
0 4731392
5 4731456
10 4731520
1 4731584
1 4731648
6 4731712
9 4731776
7 4731840
6 4731904
9 4731968
0 4732032
5 4732096
4 4732160
3 4732224
5 4732288
2 4732352
6 4732416
8 4732480
2 4732544
1 4732608
9 4732672
4 4732736
7 4732800
1 4732864
9 4732928
0 4732992
2 4733056
10 4733120
3 4733184
2 4733248
7 4733312
1 4733376
0 4733440
7 4733504
3 4733568
2 4733632
5 4733696
7 4733760
5 4733824
9 4733888
2 4733952
1 4734016
2 4734080
3 4734144
0 4734208
3 4734272
4 4734336
8 4734400
9 4734464
9 4734528
10 4734592
0 4734656
5 4734720
6 4734784
4 4734848
3 4734912
1 4734976
7 4735040
2 4735104
1 4735168
0 4735232
10 4735296
10 4735360
4 4735424
6 4735488
3 4735552
1 4735616
1 4735680
8 4735744
6 4735808
7 4735872
0 4735936
10 4736000
1 4736064
9 4736128
8 4736192
7 4736256
8 4736320
3 4736384
5 4736448
0 4736512
10 4736576
5 4736640
4 4736704
4 4736768
5 4736832
9 4736896
3 4736960
1 4737024
8 4737088
1 4737152
3 4737216
1 4737280
2 4737344
5 4737408
4 4737472
7 4737536
0 4737600
9 4737664
9 4737728
7 4737792
3 4737856
4 4737920
1 4737984
3 4738048
5 4738112
10 4738176
0 4738240
5 4738304
4 4738368
0 4738432
7 4738496
6 4738560
4 4738624
7 4738688
1 4738752
10 4738816
8 4738880
10 4738944
6 4739008
2 4739072
10 4739136
9 4739200
4 4739264
3 4739328
6 4739392
8 4739456
1 4739520
3 4739584
1 4739648
4 4739712
5 4739776
3 4739840
9 4739904
4 4739968
8 4740032
10 4740096
0 4740160
7 4740224
2 4740288
0 4740352
7 4740416
8 4740480
4 4740544
5 4740608
10 4740672
8 4740736
4 4740800
5 4740864
8 4740928
4 4740992
0 4741056
2 4741120
2 4741184
2 4741248
7 4741312
7 4741376
6 4741440
10 4741504
0 4741568
2 4741632
1 4741696
8 4741760
0 4741824
6 4741888
6 4741952
7 4742016
2 4742080
5 4742144
2 4742208
7 4742272
9 4742336
3 4742400
4 4742464
4 4742528
4 4742592
5 4742656
1 4742720
9 4742784
0 4742848
6 4742912
7 4742976
7 4743040
4 4743104
10 4743168
2 4743232
1 4743296
0 4743360
8 4743424
3 4743488
0 4743552
6 4743616
3 4743680
4 4743744
4 4743808
3 4743872
7 4743936
1 4744000
0 4744064
10 4744128
10 4744192
8 4744256
4 4744320
2 4744384
5 4744448
7 4744512
5 4744576
4 4744640
2 4744704
3 4744768
7 4744832
3 4744896
5 4744960
3 4745024
4 4745088
9 4745152
7 4745216
2 4745280
4 4745344
8 4745408
6 4745472
8 4745536
9 4745600
8 4745664
10 4745728
10 4745792
3 4745856
2 4745920
2 4745984
5 4746048
3 4746112
5 4746176
0 4746240
2 4746304
2 4746368
7 4746432
7 4746496
4 4746560
10 4746624
6 4746688
10 4746752
9 4746816
0 4746880
3 4746944
3 4747008
8 4747072
4 4747136
7 4747200
1 4747264
3 4747328
7 4747392
0 4747456
5 4747520
8 4747584
7 4747648
10 4747712
7 4747776
5 4747840
2 4747904
2 4747968
2 4748032
1 4748096
10 4748160
10 4748224
10 4748288
2 4748352
0 4748416
0 4748480
4 4748544
0 4748608
10 4748672
2 4748736
3 4748800
10 4748864
4 4748928
2 4748992
0 4749056
3 4749120
3 4749184
10 4749248
8 4749312
7 4749376
10 4749440
3 4749504
8 4749568
4 4749632
5 4749696
3 4749760
5 4749824
0 4749888
0 4749952
2 4750016
1 4750080
5 4750144
10 4750208
6 4750272
3 4750336
8 4750400
3 4750464
6 4750528
6 4750592
6 4750656
9 4750720
4 4750784
10 4750848
3 4750912
6 4750976
5 4751040
8 4751104
6 4751168
9 4751232
4 4751296
9 4751360
1 4751424
9 4751488
9 4751552
7 4751616
8 4751680
5 4751744
1 4751808
3 4751872
10 4751936
4 4752000
4 4752064
5 4752128
5 4752192
3 4752256
2 4752320
9 4752384
6 4752448
7 4752512
7 4752576
3 4752640
7 4752704
5 4752768
9 4752832
4 4752896
2 4752960
8 4753024
3 4753088
1 4753152
8 4753216
10 4753280
8 4753344
8 4753408
10 4753472
6 4753536
1 4753600
6 4753664
6 4753728
6 4753792
3 4753856
3 4753920
4 4753984
2 4754048
8 4754112
0 4754176
9 4754240
1 4754304
1 4754368
5 4754432
4 4754496
1 4754560
6 4754624
8 4754688
2 4754752
4 4754816
9 4754880
7 4754944
7 4755008
0 4755072
5 4755136
10 4755200
4 4755264
10 4755328
9 4755392
1 4755456
1 4755520
10 4755584
10 4755648
4 4755712
0 4755776
6 4755840
5 4755904
10 4755968
4 4756032
7 4756096
6 4756160
5 4756224
1 4756288
2 4756352
6 4756416
7 4756480
10 4756544
10 4756608
10 4756672
4 4756736
9 4756800
0 4756864
7 4756928
5 4756992
3 4757056
5 4757120
1 4757184
3 4757248
8 4757312
3 4757376
4 4757440
5 4757504
6 4757568
2 4757632
9 4757696
3 4757760
3 4757824
4 4757888
10 4757952
9 4758016
5 4758080
6 4758144
5 4758208
1 4758272
5 4758336
8 4758400
2 4758464
2 4758528
3 4758592
0 4758656
9 4758720
4 4758784
7 4758848
6 4758912
0 4758976
5 4759040
9 4759104
6 4759168
7 4759232
6 4759296
5 4759360
10 4759424
6 4759488
1 4759552
2 4759616
4 4759680
9 4759744
8 4759808
10 4759872
3 4759936
3 4760000
4 4760064
4 4760128
1 4760192
4 4760256
6 4760320
7 4760384
9 4760448
6 4760512
9 4760576
3 4760640
8 4760704
9 4760768
2 4760832
5 4760896
10 4760960
2 4761024
9 4761088
1 4761152
4 4761216
10 4761280
9 4761344
3 4761408
7 4761472
3 4761536
5 4761600
10 4761664
10 4761728
10 4761792
2 4761856
9 4761920
0 4761984
8 4762048
3 4762112
1 4762176
1 4762240
6 4762304
10 4762368
8 4762432
6 4762496
7 4762560
4 4762624
4 4762688
7 4762752
8 4762816
6 4762880
8 4762944
7 4763008
3 4763072
2 4763136
0 4763200
7 4763264
1 4763328
8 4763392
1 4763456
1 4763520
6 4763584
9 4763648
4 4763712
4 4763776
1 4763840
10 4763904
8 4763968
2 4764032
6 4764096
9 4764160
7 4764224
10 4764288
1 4764352
8 4764416
7 4764480
10 4764544
0 4764608
1 4764672
5 4764736
3 4764800
9 4764864
8 4764928
10 4764992
7 4765056
4 4765120
0 4765184
5 4765248
4 4765312
1 4765376
9 4765440
1 4765504
9 4765568
9 4765632
9 4765696
4 4765760
9 4765824
8 4765888
10 4765952
5 4766016
10 4766080
1 4766144
1 4766208
7 4766272
4 4766336
2 4766400
6 4766464
1 4766528
4 4766592
2 4766656
2 4766720
7 4766784
4 4766848
0 4766912
4 4766976
5 4767040
1 4767104
2 4767168
2 4767232
8 4767296
10 4767360
5 4767424
8 4767488
9 4767552
10 4767616
3 4767680
10 4767744
7 4767808
0 4767872
8 4767936
1 4768000
0 4768064
3 4768128
5 4768192
7 4768256
10 4768320
4 4768384
3 4768448
1 4768512
8 4768576
9 4768640
1 4768704
0 4768768
0 4768832
4 4768896
10 4768960
9 4769024
2 4769088
4 4769152
6 4769216
0 4769280
1 4769344
2 4769408
8 4769472
10 4769536
5 4769600
4 4769664
10 4769728
10 4769792
9 4769856
9 4769920
10 4769984
7 4770048
2 4770112
6 4770176
3 4770240
1 4770304
10 4770368
5 4770432
0 4770496
8 4770560
1 4770624
0 4770688
8 4770752
6 4770816
6 4770880
7 4770944
0 4771008
4 4771072
10 4771136
2 4771200
9 4771264
5 4771328
10 4771392
7 4771456
9 4771520
0 4771584
3 4771648
5 4771712
4 4771776
10 4771840
0 4771904
6 4771968
4 4772032
2 4772096
10 4772160
8 4772224
2 4772288
3 4772352
5 4772416
9 4772480
8 4772544
4 4772608
8 4772672
8 4772736
7 4772800
6 4772864
9 4772928
10 4772992
1 4773056
8 4773120
6 4773184
4 4773248
8 4773312
4 4773376
1 4773440
2 4773504
1 4773568
2 4773632
3 4773696
4 4773760
9 4773824
6 4773888
0 4773952
5 4774016
9 4774080
10 4774144
3 4774208
7 4774272
0 4774336
6 4774400
2 4774464
7 4774528
2 4774592
3 4774656
5 4774720
2 4774784
6 4774848
4 4774912
3 4774976
6 4775040
1 4775104
1 4775168
3 4775232
8 4775296
8 4775360
7 4775424
0 4775488
5 4775552
7 4775616
1 4775680
6 4775744
2 4775808
9 4775872
8 4775936
4 4776000
7 4776064
5 4776128
4 4776192
8 4776256
7 4776320
0 4776384
0 4776448
9 4776512
6 4776576
4 4776640
6 4776704
1 4776768
4 4776832
6 4776896
9 4776960
9 4777024
4 4777088
8 4777152
3 4777216
8 4777280
10 4777344
5 4777408
6 4777472
0 4777536
1 4777600
6 4777664
6 4777728
8 4777792
5 4777856
8 4777920
6 4777984
7 4778048
7 4778112
8 4778176
9 4778240
5 4778304
3 4778368
2 4778432
4 4778496
9 4778560
7 4778624
5 4778688
3 4778752
9 4778816
3 4778880
0 4778944
3 4779008
10 4779072
6 4779136
1 4779200
9 4779264
9 4779328
9 4779392
3 4779456
2 4779520
6 4779584
0 4779648
3 4779712
8 4779776
6 4779840
1 4779904
10 4779968
5 4780032
7 4780096
10 4780160
4 4780224
2 4780288
3 4780352
6 4780416
8 4780480
3 4780544
7 4780608
8 4780672
0 4780736
10 4780800
3 4780864
7 4780928
1 4780992
7 4781056
1 4781120
8 4781184
6 4781248
5 4781312
8 4781376
8 4781440
0 4781504
7 4781568
4 4781632
6 4781696
1 4781760
2 4781824
0 4781888
4 4781952
6 4782016
5 4782080
4 4782144
5 4782208
6 4782272
5 4782336
6 4782400
6 4782464
3 4782528
6 4782592
3 4782656
6 4782720
3 4782784
8 4782848
10 4782912
1 4782976
3 4783040
9 4783104
2 4783168
10 4783232
2 4783296
2 4783360
3 4783424
0 4783488
4 4783552
2 4783616
1 4783680
0 4783744
3 4783808
7 4783872
9 4783936
9 4784000
8 4784064
2 4784128
0 4784192
4 4784256
10 4784320
8 4784384
7 4784448
9 4784512
3 4784576
7 4784640
0 4784704
1 4784768
2 4784832
3 4784896
3 4784960
5 4785024
7 4785088
9 4785152
3 4785216
7 4785280
10 4785344
7 4785408
5 4785472
9 4785536
0 4785600
1 4785664
2 4785728
9 4785792
2 4785856
9 4785920
10 4785984
9 4786048
2 4786112
9 4786176
2 4786240
0 4786304
1 4786368
3 4786432
3 4786496
7 4786560
0 4786624
4 4786688
5 4786752
7 4786816
4 4786880
0 4786944
10 4787008
8 4787072
5 4787136
0 4787200
7 4787264
4 4787328
9 4787392
10 4787456
1 4787520
1 4787584
3 4787648
9 4787712
2 4787776
8 4787840
2 4787904
3 4787968
6 4788032
9 4788096
6 4788160
4 4788224
9 4788288
3 4788352
8 4788416
2 4788480
6 4788544
8 4788608
3 4788672
1 4788736
3 4788800
8 4788864
0 4788928
0 4788992
10 4789056
3 4789120
3 4789184
8 4789248
3 4789312
3 4789376
6 4789440
7 4789504
3 4789568
6 4789632
1 4789696
4 4789760
0 4789824
4 4789888
7 4789952
10 4790016
6 4790080
1 4790144
9 4790208
4 4790272
5 4790336
6 4790400
1 4790464
10 4790528
5 4790592
8 4790656
1 4790720
8 4790784
1 4790848
10 4790912
1 4790976
0 4791040
6 4791104
9 4791168
9 4791232
4 4791296
10 4791360
2 4791424
9 4791488
2 4791552
2 4791616
3 4791680
1 4791744
9 4791808
7 4791872
8 4791936
9 4792000
5 4792064
10 4792128
8 4792192
9 4792256
3 4792320
10 4792384
10 4792448
2 4792512
0 4792576
1 4792640
0 4792704
10 4792768
8 4792832
9 4792896
8 4792960
1 4793024
0 4793088
7 4793152
2 4793216
3 4793280
2 4793344
2 4793408
10 4793472
10 4793536
7 4793600
4 4793664
7 4793728
8 4793792
3 4793856
0 4793920
1 4793984
9 4794048
4 4794112
4 4794176
1 4794240
0 4794304
8 4794368
8 4794432
3 4794496
4 4794560
4 4794624
4 4794688
2 4794752
5 4794816
3 4794880
7 4794944
4 4795008
2 4795072
4 4795136
9 4795200
4 4795264
1 4795328
7 4795392
8 4795456
5 4795520
8 4795584
4 4795648
7 4795712
7 4795776
0 4795840
2 4795904
3 4795968
9 4796032
2 4796096
8 4796160
10 4796224
10 4796288
3 4796352
1 4796416
0 4796480
9 4796544
1 4796608
5 4796672
7 4796736
1 4796800
9 4796864
1 4796928
0 4796992
4 4797056
10 4797120
3 4797184
9 4797248
7 4797312
9 4797376
2 4797440
3 4797504
4 4797568
1 4797632
0 4797696
10 4797760
2 4797824
4 4797888
2 4797952
5 4798016
0 4798080
5 4798144
9 4798208
10 4798272
6 4798336
3 4798400
1 4798464
0 4798528
6 4798592
2 4798656
6 4798720
8 4798784
4 4798848
4 4798912
1 4798976
8 4799040
7 4799104
7 4799168
6 4799232
10 4799296
8 4799360
9 4799424
6 4799488
1 4799552
7 4799616
6 4799680
10 4799744
8 4799808
7 4799872
2 4799936
9 4800000
6 4800064
2 4800128
0 4800192
4 4800256
2 4800320
9 4800384
7 4800448
5 4800512
8 4800576
10 4800640
1 4800704
0 4800768
1 4800832
4 4800896
1 4800960
0 4801024
0 4801088
8 4801152
2 4801216
5 4801280
9 4801344
10 4801408
2 4801472
3 4801536
0 4801600
6 4801664
5 4801728
1 4801792
1 4801856
7 4801920
6 4801984
8 4802048
2 4802112
5 4802176
1 4802240
5 4802304
2 4802368
8 4802432
8 4802496
0 4802560
0 4802624
4 4802688
9 4802752
6 4802816
0 4802880
5 4802944
4 4803008
6 4803072
9 4803136
0 4803200
5 4803264
0 4803328
8 4803392
4 4803456
10 4803520
10 4803584
9 4803648
5 4803712
10 4803776
1 4803840
7 4803904
0 4803968
4 4804032
2 4804096
0 4804160
4 4804224
7 4804288
3 4804352
0 4804416
8 4804480
7 4804544
8 4804608
8 4804672
7 4804736
5 4804800
2 4804864
6 4804928
3 4804992
2 4805056
2 4805120
8 4805184
4 4805248
4 4805312
1 4805376
3 4805440
3 4805504
10 4805568
3 4805632
5 4805696
8 4805760
10 4805824
0 4805888
2 4805952
10 4806016
1 4806080
0 4806144
3 4806208
7 4806272
7 4806336
0 4806400
0 4806464
2 4806528
3 4806592
3 4806656
5 4806720
8 4806784
2 4806848
3 4806912
5 4806976
0 4807040
6 4807104
2 4807168
7 4807232
4 4807296
10 4807360
1 4807424
5 4807488
7 4807552
0 4807616
8 4807680
8 4807744
3 4807808
2 4807872
8 4807936
6 4808000
0 4808064
4 4808128
1 4808192
6 4808256
1 4808320
4 4808384
3 4808448
5 4808512
4 4808576
3 4808640
4 4808704
9 4808768
1 4808832
10 4808896
8 4808960
9 4809024
2 4809088
4 4809152
5 4809216
10 4809280
5 4809344
7 4809408
4 4809472
10 4809536
6 4809600
10 4809664
4 4809728
3 4809792
3 4809856
3 4809920
0 4809984
4 4810048
0 4810112
3 4810176
0 4810240
10 4810304
10 4810368
5 4810432
8 4810496
1 4810560
8 4810624
1 4810688
5 4810752
10 4810816
8 4810880
5 4810944
3 4811008
5 4811072
0 4811136
6 4811200
2 4811264
9 4811328
2 4811392
5 4811456
8 4811520
10 4811584
0 4811648
9 4811712
9 4811776
4 4811840
9 4811904
1 4811968
9 4812032
10 4812096
4 4812160
3 4812224
7 4812288
3 4812352
3 4812416
3 4812480
1 4812544
2 4812608
9 4812672
3 4812736
8 4812800
6 4812864
5 4812928
5 4812992
6 4813056
8 4813120
5 4813184
10 4813248
0 4813312
2 4813376
2 4813440
0 4813504
10 4813568
8 4813632
0 4813696
5 4813760
3 4813824
8 4813888
4 4813952
7 4814016
10 4814080
10 4814144
9 4814208
2 4814272
7 4814336
9 4814400
5 4814464
1 4814528
3 4814592
2 4814656
4 4814720
6 4814784
5 4814848
1 4814912
8 4814976
3 4815040
10 4815104
5 4815168
9 4815232
1 4815296
4 4815360
6 4815424
1 4815488
10 4815552
2 4815616
0 4815680
1 4815744
4 4815808
0 4815872
7 4815936
9 4816000
8 4816064
3 4816128
4 4816192
0 4816256
0 4816320
7 4816384
7 4816448
1 4816512
10 4816576
10 4816640
6 4816704
10 4816768
0 4816832
1 4816896
0 4816960
8 4817024
3 4817088
1 4817152
7 4817216
3 4817280
4 4817344
9 4817408
9 4817472
6 4817536
3 4817600
2 4817664
1 4817728
5 4817792
5 4817856
3 4817920
10 4817984
3 4818048
9 4818112
7 4818176
5 4818240
3 4818304
1 4818368
7 4818432
5 4818496
2 4818560
8 4818624
6 4818688
1 4818752
2 4818816
10 4818880
2 4818944
4 4819008
0 4819072
10 4819136
10 4819200
0 4819264
0 4819328
2 4819392
5 4819456
9 4819520
3 4819584
7 4819648
5 4819712
8 4819776
1 4819840
8 4819904
3 4819968
5 4820032
0 4820096
10 4820160
0 4820224
2 4820288
2 4820352
8 4820416
7 4820480
4 4820544
0 4820608
10 4820672
8 4820736
9 4820800
7 4820864
5 4820928
10 4820992
7 4821056
8 4821120
4 4821184
2 4821248
3 4821312
5 4821376
1 4821440
10 4821504
8 4821568
10 4821632
0 4821696
2 4821760
6 4821824
4 4821888
2 4821952
1 4822016
10 4822080
4 4822144
9 4822208
2 4822272
8 4822336
8 4822400
4 4822464
1 4822528
6 4822592
3 4822656
4 4822720
4 4822784
7 4822848
7 4822912
10 4822976
9 4823040
2 4823104
7 4823168
10 4823232
9 4823296
6 4823360
9 4823424
3 4823488
9 4823552
10 4823616
2 4823680
0 4823744
5 4823808
5 4823872
1 4823936
5 4824000
10 4824064
7 4824128
0 4824192
4 4824256
5 4824320
3 4824384
3 4824448
0 4824512
4 4824576
3 4824640
4 4824704
9 4824768
4 4824832
8 4824896
1 4824960
5 4825024
9 4825088
8 4825152
8 4825216
2 4825280
6 4825344
8 4825408
7 4825472
4 4825536
4 4825600
3 4825664
3 4825728
10 4825792
7 4825856
3 4825920
1 4825984
4 4826048
10 4826112
0 4826176
2 4826240
9 4826304
0 4826368
3 4826432
0 4826496
0 4826560
8 4826624
1 4826688
10 4826752
0 4826816
3 4826880
9 4826944
1 4827008
1 4827072
1 4827136
10 4827200
4 4827264
0 4827328
7 4827392
5 4827456
5 4827520
9 4827584
7 4827648
8 4827712
6 4827776
2 4827840
1 4827904
6 4827968
3 4828032
4 4828096
8 4828160
4 4828224
4 4828288
3 4828352
0 4828416
5 4828480
3 4828544
4 4828608
4 4828672
10 4828736
7 4828800
5 4828864
5 4828928
0 4828992
8 4829056
2 4829120
3 4829184
8 4829248
2 4829312
8 4829376
10 4829440
8 4829504
8 4829568
1 4829632
6 4829696
1 4829760
3 4829824
7 4829888
10 4829952
1 4830016
9 4830080
5 4830144
10 4830208
8 4830272
8 4830336
0 4830400
7 4830464
3 4830528
2 4830592
7 4830656
1 4830720
4 4830784
6 4830848
3 4830912
5 4830976
5 4831040
4 4831104
2 4831168
8 4831232
4 4831296
6 4831360
8 4831424
6 4831488
3 4831552
10 4831616
8 4831680
7 4831744
2 4831808
0 4831872
3 4831936
2 4832000
3 4832064
8 4832128
3 4832192
2 4832256
2 4832320
7 4832384
0 4832448
4 4832512
9 4832576
4 4832640
3 4832704
2 4832768
7 4832832
4 4832896
0 4832960
2 4833024
6 4833088
5 4833152
5 4833216
8 4833280
5 4833344
9 4833408
2 4833472
4 4833536
5 4833600
8 4833664
0 4833728
2 4833792
3 4833856
3 4833920
1 4833984
0 4834048
8 4834112
1 4834176
8 4834240
5 4834304
10 4834368
4 4834432
8 4834496
0 4834560
5 4834624
10 4834688
1 4834752
4 4834816
3 4834880
10 4834944
8 4835008
8 4835072
2 4835136
7 4835200
3 4835264
7 4835328
10 4835392
4 4835456
9 4835520
0 4835584
9 4835648
9 4835712
4 4835776
10 4835840
4 4835904
7 4835968
1 4836032
8 4836096
10 4836160
1 4836224
3 4836288
2 4836352
4 4836416
0 4836480
6 4836544
2 4836608
1 4836672
4 4836736
6 4836800
1 4836864
3 4836928
3 4836992
5 4837056
4 4837120
7 4837184
3 4837248
3 4837312
7 4837376
0 4837440
2 4837504
5 4837568
5 4837632
5 4837696
6 4837760
3 4837824
4 4837888
10 4837952
8 4838016
1 4838080
4 4838144
1 4838208
10 4838272
5 4838336
7 4838400
7 4838464
10 4838528
1 4838592
8 4838656
0 4838720
7 4838784
4 4838848
9 4838912
2 4838976
2 4839040
10 4839104
10 4839168
3 4839232
9 4839296
6 4839360
6 4839424
5 4839488
2 4839552
8 4839616
10 4839680
5 4839744
1 4839808
10 4839872
4 4839936
1 4840000
9 4840064
0 4840128
8 4840192
2 4840256
7 4840320
4 4840384
5 4840448
10 4840512
7 4840576
4 4840640
5 4840704
6 4840768
5 4840832
9 4840896
10 4840960
9 4841024
2 4841088
5 4841152
0 4841216
7 4841280
6 4841344
3 4841408
3 4841472
7 4841536
3 4841600
6 4841664
4 4841728
3 4841792
5 4841856
3 4841920
7 4841984
1 4842048
2 4842112
1 4842176
4 4842240
6 4842304
3 4842368
0 4842432
7 4842496
0 4842560
10 4842624
0 4842688
9 4842752
5 4842816
8 4842880
3 4842944
0 4843008
4 4843072
2 4843136
8 4843200
6 4843264
3 4843328
2 4843392
3 4843456
1 4843520
0 4843584
2 4843648
6 4843712
5 4843776
5 4843840
7 4843904
4 4843968
7 4844032
4 4844096
10 4844160
4 4844224
9 4844288
3 4844352
6 4844416
6 4844480
7 4844544
3 4844608
5 4844672
2 4844736
1 4844800
6 4844864
0 4844928
8 4844992
3 4845056
4 4845120
0 4845184
2 4845248
8 4845312
9 4845376
7 4845440
4 4845504
0 4845568
9 4845632
3 4845696
10 4845760
9 4845824
3 4845888
4 4845952
9 4846016
6 4846080
4 4846144
7 4846208
9 4846272
3 4846336
5 4846400
3 4846464
9 4846528
5 4846592
6 4846656
2 4846720
1 4846784
5 4846848
4 4846912
2 4846976
6 4847040
2 4847104
6 4847168
7 4847232
1 4847296
8 4847360
8 4847424
9 4847488
10 4847552
2 4847616
6 4847680
7 4847744
0 4847808
1 4847872
3 4847936
6 4848000
1 4848064
9 4848128
1 4848192
6 4848256
6 4848320
7 4848384
3 4848448
2 4848512
2 4848576
1 4848640
10 4848704
7 4848768
10 4848832
7 4848896
5 4848960
9 4849024
4 4849088
1 4849152
4 4849216
4 4849280
7 4849344
7 4849408
2 4849472
0 4849536
4 4849600
5 4849664
3 4849728
3 4849792
7 4849856
6 4849920
9 4849984
7 4850048
9 4850112
1 4850176
6 4850240
2 4850304
7 4850368
6 4850432
2 4850496
4 4850560
3 4850624
9 4850688
6 4850752
10 4850816
0 4850880
6 4850944
3 4851008
0 4851072
0 4851136
7 4851200
9 4851264
8 4851328
2 4851392
3 4851456
3 4851520
10 4851584
8 4851648
9 4851712
1 4851776
7 4851840
8 4851904
7 4851968
3 4852032
10 4852096
10 4852160
5 4852224
6 4852288
3 4852352
9 4852416
2 4852480
1 4852544
1 4852608
8 4852672
7 4852736
8 4852800
1 4852864
6 4852928
2 4852992
6 4853056
10 4853120
9 4853184
8 4853248
7 4853312
7 4853376
3 4853440
5 4853504
10 4853568
1 4853632
0 4853696
5 4853760
10 4853824
10 4853888
9 4853952
7 4854016
3 4854080
4 4854144
4 4854208
6 4854272
8 4854336
5 4854400
0 4854464
0 4854528
9 4854592
4 4854656
7 4854720
9 4854784
10 4854848
4 4854912
7 4854976
10 4855040
9 4855104
2 4855168
9 4855232
3 4855296
10 4855360
6 4855424
10 4855488
1 4855552
6 4855616
6 4855680
2 4855744
9 4855808
0 4855872
8 4855936
7 4856000
9 4856064
2 4856128
9 4856192
6 4856256
8 4856320
6 4856384
3 4856448
10 4856512
6 4856576
7 4856640
7 4856704
6 4856768
3 4856832
9 4856896
6 4856960
6 4857024
3 4857088
5 4857152
2 4857216
7 4857280
3 4857344
6 4857408
0 4857472
0 4857536
7 4857600
5 4857664
5 4857728
0 4857792
4 4857856
0 4857920
10 4857984
8 4858048
4 4858112
1 4858176
3 4858240
8 4858304
3 4858368
8 4858432
9 4858496
0 4858560
1 4858624
1 4858688
7 4858752
5 4858816
2 4858880
8 4858944
10 4859008
2 4859072
0 4859136
10 4859200
7 4859264
9 4859328
0 4859392
7 4859456
7 4859520
10 4859584
9 4859648
10 4859712
8 4859776
8 4859840
10 4859904
6 4859968
1 4860032
8 4860096
2 4860160
5 4860224
6 4860288
1 4860352
6 4860416
6 4860480
4 4860544
0 4860608
2 4860672
8 4860736
10 4860800
0 4860864
2 4860928
8 4860992
0 4861056
2 4861120
2 4861184
2 4861248
10 4861312
4 4861376
4 4861440
6 4861504
6 4861568
1 4861632
6 4861696
5 4861760
1 4861824
7 4861888
5 4861952
8 4862016
6 4862080
6 4862144
6 4862208
2 4862272
6 4862336
5 4862400
7 4862464
0 4862528
4 4862592
3 4862656
8 4862720
8 4862784
3 4862848
3 4862912
9 4862976
2 4863040
3 4863104
10 4863168
8 4863232
4 4863296
0 4863360
9 4863424
9 4863488
1 4863552
2 4863616
6 4863680
9 4863744
1 4863808
7 4863872
6 4863936
4 4864000
9 4864064
8 4864128
5 4864192
7 4864256
7 4864320
4 4864384
2 4864448
7 4864512
3 4864576
5 4864640
9 4864704
8 4864768
4 4864832
0 4864896
10 4864960
10 4865024
10 4865088
7 4865152
0 4865216
5 4865280
4 4865344
7 4865408
2 4865472
0 4865536
9 4865600
2 4865664
6 4865728
4 4865792
6 4865856
5 4865920
2 4865984
9 4866048
6 4866112
7 4866176
9 4866240
4 4866304
7 4866368
1 4866432
8 4866496
9 4866560
1 4866624
6 4866688
6 4866752
8 4866816
0 4866880
7 4866944
3 4867008
1 4867072
0 4867136
0 4867200
1 4867264
7 4867328
9 4867392
7 4867456
7 4867520
6 4867584
6 4867648
10 4867712
0 4867776
0 4867840
2 4867904
2 4867968
0 4868032
0 4868096
10 4868160
3 4868224
6 4868288
4 4868352
2 4868416
3 4868480
8 4868544
2 4868608
2 4868672
3 4868736
5 4868800
5 4868864
2 4868928
2 4868992
0 4869056
9 4869120
4 4869184
1 4869248
2 4869312
4 4869376
5 4869440
10 4869504
6 4869568
2 4869632
10 4869696
10 4869760
1 4869824
2 4869888
0 4869952
2 4870016
5 4870080
4 4870144
10 4870208
0 4870272
9 4870336
4 4870400
1 4870464
1 4870528
3 4870592
9 4870656
6 4870720
5 4870784
4 4870848
5 4870912
2 4870976
5 4871040
5 4871104
1 4871168
7 4871232
6 4871296
5 4871360
6 4871424
9 4871488
8 4871552
3 4871616
6 4871680
4 4871744
9 4871808
5 4871872
0 4871936
9 4872000
10 4872064
2 4872128
6 4872192
2 4872256
8 4872320
9 4872384
7 4872448
5 4872512
10 4872576
7 4872640
2 4872704
0 4872768
10 4872832
3 4872896
1 4872960
4 4873024
3 4873088
0 4873152
6 4873216
1 4873280
4 4873344
3 4873408
2 4873472
8 4873536
8 4873600
5 4873664
8 4873728
9 4873792
9 4873856
4 4873920
7 4873984
0 4874048
9 4874112
10 4874176
9 4874240
0 4874304
6 4874368
9 4874432
9 4874496
8 4874560
1 4874624
8 4874688
9 4874752
2 4874816
3 4874880
7 4874944
1 4875008
0 4875072
4 4875136
4 4875200
9 4875264
0 4875328
7 4875392
1 4875456
10 4875520
1 4875584
3 4875648
10 4875712
6 4875776
4 4875840
6 4875904
8 4875968
9 4876032
0 4876096
6 4876160
8 4876224
8 4876288
7 4876352
8 4876416
5 4876480
8 4876544
0 4876608
3 4876672
9 4876736
1 4876800
2 4876864
10 4876928
7 4876992
7 4877056
9 4877120
0 4877184
5 4877248
3 4877312
10 4877376
8 4877440
7 4877504
5 4877568
1 4877632
8 4877696
9 4877760
5 4877824
3 4877888
4 4877952
2 4878016
9 4878080
7 4878144
10 4878208
0 4878272
3 4878336
9 4878400
7 4878464
7 4878528
3 4878592
3 4878656
8 4878720
0 4878784
0 4878848
4 4878912
1 4878976
4 4879040
10 4879104
3 4879168
2 4879232
10 4879296
6 4879360
10 4879424
10 4879488
9 4879552
4 4879616
10 4879680
4 4879744
1 4879808
0 4879872
4 4879936
2 4880000
3 4880064
2 4880128
0 4880192
0 4880256
10 4880320
8 4880384
6 4880448
5 4880512
8 4880576
6 4880640
2 4880704
3 4880768
3 4880832
4 4880896
8 4880960
7 4881024
8 4881088
1 4881152
9 4881216
3 4881280
4 4881344
2 4881408
1 4881472
1 4881536
4 4881600
7 4881664
10 4881728
4 4881792
6 4881856
7 4881920
5 4881984
7 4882048
3 4882112
2 4882176
5 4882240
1 4882304
10 4882368
4 4882432
1 4882496
5 4882560
6 4882624
1 4882688
7 4882752
3 4882816
1 4882880
2 4882944
4 4883008
3 4883072
2 4883136
1 4883200
9 4883264
7 4883328
9 4883392
2 4883456
4 4883520
7 4883584
6 4883648
1 4883712
7 4883776
4 4883840
0 4883904
3 4883968
5 4884032
10 4884096
3 4884160
0 4884224
0 4884288
5 4884352
6 4884416
8 4884480
4 4884544
1 4884608
7 4884672
2 4884736
7 4884800
3 4884864
4 4884928
0 4884992
6 4885056
9 4885120
7 4885184
5 4885248
4 4885312
1 4885376
3 4885440
2 4885504
6 4885568
3 4885632
0 4885696
10 4885760
1 4885824
5 4885888
0 4885952
8 4886016
10 4886080
9 4886144
2 4886208
2 4886272
9 4886336
8 4886400
3 4886464
0 4886528
9 4886592
2 4886656
2 4886720
1 4886784
3 4886848
3 4886912
7 4886976
0 4887040
4 4887104
10 4887168
5 4887232
0 4887296
3 4887360
10 4887424
8 4887488
6 4887552
0 4887616
7 4887680
2 4887744
9 4887808
4 4887872
3 4887936
0 4888000
6 4888064
2 4888128
8 4888192
7 4888256
3 4888320
4 4888384
5 4888448
1 4888512
2 4888576
9 4888640
5 4888704
1 4888768
9 4888832
7 4888896
10 4888960
10 4889024
2 4889088
8 4889152
5 4889216
5 4889280
8 4889344
6 4889408
7 4889472
9 4889536
3 4889600
1 4889664
6 4889728
0 4889792
10 4889856
2 4889920
7 4889984
8 4890048
6 4890112
3 4890176
4 4890240
8 4890304
7 4890368
6 4890432
5 4890496
6 4890560
1 4890624
2 4890688
8 4890752
0 4890816
6 4890880
9 4890944
5 4891008
5 4891072
2 4891136
1 4891200
1 4891264
0 4891328
9 4891392
5 4891456
3 4891520
1 4891584
6 4891648
1 4891712
5 4891776
6 4891840
6 4891904
7 4891968
8 4892032
10 4892096
5 4892160
9 4892224
7 4892288
1 4892352
3 4892416
4 4892480
1 4892544
1 4892608
2 4892672
9 4892736
2 4892800
10 4892864
8 4892928
10 4892992
8 4893056
1 4893120
0 4893184
4 4893248
2 4893312
3 4893376
8 4893440
10 4893504
10 4893568
5 4893632
10 4893696
2 4893760
4 4893824
7 4893888
9 4893952
6 4894016
5 4894080
5 4894144
4 4894208
5 4894272
0 4894336
8 4894400
5 4894464
5 4894528
4 4894592
8 4894656
8 4894720
5 4894784
9 4894848
8 4894912
10 4894976
0 4895040
6 4895104
9 4895168
0 4895232
4 4895296
3 4895360
9 4895424
8 4895488
7 4895552
8 4895616
8 4895680
8 4895744
9 4895808
9 4895872
9 4895936
4 4896000
9 4896064
10 4896128
8 4896192
4 4896256
4 4896320
0 4896384
6 4896448
0 4896512
2 4896576
6 4896640
9 4896704
0 4896768
9 4896832
10 4896896
5 4896960
9 4897024
4 4897088
0 4897152
5 4897216
10 4897280
10 4897344
2 4897408
1 4897472
9 4897536
8 4897600
9 4897664
9 4897728
0 4897792
2 4897856
0 4897920
7 4897984
7 4898048
7 4898112
3 4898176
0 4898240
8 4898304
8 4898368
1 4898432
5 4898496
3 4898560
0 4898624
2 4898688
9 4898752
3 4898816
3 4898880
3 4898944
6 4899008
7 4899072
7 4899136
0 4899200
5 4899264
2 4899328
9 4899392
7 4899456
9 4899520
2 4899584
5 4899648
3 4899712
8 4899776
4 4899840
1 4899904
2 4899968
7 4900032
9 4900096
10 4900160
1 4900224
3 4900288
2 4900352
5 4900416
3 4900480
3 4900544
2 4900608
5 4900672
8 4900736
8 4900800
8 4900864
4 4900928
10 4900992
0 4901056
4 4901120
1 4901184
6 4901248
2 4901312
7 4901376
4 4901440
2 4901504
2 4901568
1 4901632
2 4901696
10 4901760
1 4901824
1 4901888
5 4901952
4 4902016
10 4902080
4 4902144
4 4902208
10 4902272
8 4902336
5 4902400
0 4902464
2 4902528
10 4902592
4 4902656
6 4902720
1 4902784
0 4902848
10 4902912
1 4902976
6 4903040
8 4903104
1 4903168
0 4903232
7 4903296
1 4903360
3 4903424
7 4903488
7 4903552
10 4903616
9 4903680
7 4903744
3 4903808
0 4903872
9 4903936
10 4904000
10 4904064
5 4904128
1 4904192
4 4904256
10 4904320
6 4904384
0 4904448
7 4904512
3 4904576
7 4904640
2 4904704
0 4904768
4 4904832
0 4904896
3 4904960
10 4905024
2 4905088
10 4905152
4 4905216
0 4905280
4 4905344
4 4905408
0 4905472
1 4905536
2 4905600
1 4905664
7 4905728
8 4905792
5 4905856
6 4905920
10 4905984
3 4906048
10 4906112
4 4906176
3 4906240
6 4906304
1 4906368
4 4906432
5 4906496
5 4906560
0 4906624
1 4906688
2 4906752
9 4906816
0 4906880
4 4906944
3 4907008
1 4907072
2 4907136
8 4907200
6 4907264
8 4907328
6 4907392
6 4907456
7 4907520
7 4907584
5 4907648
6 4907712
4 4907776
6 4907840
9 4907904
8 4907968
10 4908032
3 4908096
6 4908160
3 4908224
3 4908288
2 4908352
0 4908416
9 4908480
4 4908544
8 4908608
1 4908672
6 4908736
8 4908800
5 4908864
3 4908928
1 4908992
9 4909056
9 4909120
10 4909184
9 4909248
0 4909312
8 4909376
7 4909440
0 4909504
1 4909568
4 4909632
6 4909696
1 4909760
8 4909824
7 4909888
0 4909952
10 4910016
2 4910080
7 4910144
3 4910208
9 4910272
2 4910336
4 4910400
6 4910464
7 4910528
8 4910592
3 4910656
1 4910720
4 4910784
6 4910848
4 4910912
2 4910976
5 4911040
0 4911104
8 4911168
8 4911232
2 4911296
3 4911360
2 4911424
4 4911488
10 4911552
3 4911616
9 4911680
6 4911744
9 4911808
6 4911872
10 4911936
4 4912000
10 4912064
7 4912128
10 4912192
7 4912256
3 4912320
2 4912384
3 4912448
7 4912512
2 4912576
4 4912640
9 4912704
2 4912768
9 4912832
2 4912896
10 4912960
1 4913024
3 4913088
3 4913152
2 4913216
4 4913280
0 4913344
6 4913408
1 4913472
8 4913536
6 4913600
10 4913664
9 4913728
10 4913792
4 4913856
6 4913920
0 4913984
5 4914048
6 4914112
9 4914176
2 4914240
7 4914304
4 4914368
5 4914432
0 4914496
5 4914560
6 4914624
9 4914688
5 4914752
10 4914816
8 4914880
2 4914944
6 4915008
1 4915072
6 4915136
9 4915200
1 4915264
3 4915328
4 4915392
3 4915456
10 4915520
8 4915584
10 4915648
1 4915712
2 4915776
5 4915840
8 4915904
0 4915968
2 4916032
5 4916096
6 4916160
2 4916224
1 4916288
9 4916352
7 4916416
4 4916480
7 4916544
6 4916608
0 4916672
4 4916736
4 4916800
0 4916864
4 4916928
2 4916992
4 4917056
1 4917120
4 4917184
2 4917248
10 4917312
6 4917376
5 4917440
6 4917504
2 4917568
6 4917632
1 4917696
6 4917760
0 4917824
4 4917888
6 4917952
4 4918016
3 4918080
0 4918144
0 4918208
7 4918272
2 4918336
4 4918400
7 4918464
6 4918528
6 4918592
0 4918656
5 4918720
3 4918784
1 4918848
3 4918912
9 4918976
7 4919040
8 4919104
3 4919168
7 4919232
4 4919296
7 4919360
6 4919424
6 4919488
9 4919552
3 4919616
7 4919680
7 4919744
7 4919808
2 4919872
4 4919936
2 4920000
4 4920064
2 4920128
7 4920192
8 4920256
4 4920320
1 4920384
2 4920448
8 4920512
10 4920576
7 4920640
10 4920704
6 4920768
1 4920832
2 4920896
8 4920960
2 4921024
6 4921088
1 4921152
2 4921216
4 4921280
9 4921344
9 4921408
8 4921472
7 4921536
7 4921600
9 4921664
9 4921728
9 4921792
4 4921856
10 4921920
8 4921984
1 4922048
9 4922112
4 4922176
0 4922240
6 4922304
8 4922368
1 4922432
2 4922496
7 4922560
5 4922624
6 4922688
1 4922752
0 4922816
4 4922880
0 4922944
8 4923008
6 4923072
7 4923136
3 4923200
2 4923264
5 4923328
8 4923392
6 4923456
8 4923520
4 4923584
8 4923648
1 4923712
0 4923776
6 4923840
2 4923904
4 4923968
7 4924032
1 4924096
6 4924160
5 4924224
6 4924288
9 4924352
3 4924416
10 4924480
8 4924544
6 4924608
5 4924672
1 4924736
2 4924800
0 4924864
5 4924928
4 4924992
1 4925056
5 4925120
2 4925184
8 4925248
0 4925312
7 4925376
8 4925440
6 4925504
4 4925568
7 4925632
7 4925696
0 4925760
1 4925824
6 4925888
9 4925952
6 4926016
2 4926080
0 4926144
2 4926208
10 4926272
3 4926336
3 4926400
6 4926464
2 4926528
7 4926592
0 4926656
6 4926720
5 4926784
3 4926848
10 4926912
8 4926976
1 4927040
3 4927104
7 4927168
8 4927232
9 4927296
5 4927360
6 4927424
2 4927488
3 4927552
5 4927616
4 4927680
3 4927744
5 4927808
10 4927872
1 4927936
2 4928000
9 4928064
0 4928128
4 4928192
5 4928256
8 4928320
9 4928384
6 4928448
3 4928512
8 4928576
5 4928640
9 4928704
5 4928768
2 4928832
4 4928896
0 4928960
5 4929024
0 4929088
0 4929152
4 4929216
5 4929280
1 4929344
0 4929408
6 4929472
10 4929536
6 4929600
6 4929664
0 4929728
5 4929792
8 4929856
8 4929920
0 4929984
9 4930048
5 4930112
9 4930176
2 4930240
10 4930304
4 4930368
3 4930432
9 4930496
10 4930560
10 4930624
8 4930688
1 4930752
5 4930816
8 4930880
10 4930944
8 4931008
3 4931072
2 4931136
2 4931200
5 4931264
7 4931328
0 4931392
2 4931456
1 4931520
1 4931584
6 4931648
8 4931712
6 4931776
6 4931840
10 4931904
0 4931968
2 4932032
8 4932096
9 4932160
10 4932224
2 4932288
8 4932352
1 4932416
4 4932480
9 4932544
8 4932608
9 4932672
6 4932736
5 4932800
6 4932864
10 4932928
9 4932992
10 4933056
1 4933120
7 4933184
8 4933248
1 4933312
5 4933376
4 4933440
10 4933504
8 4933568
3 4933632
6 4933696
1 4933760
1 4933824
5 4933888
3 4933952
8 4934016
3 4934080
3 4934144
6 4934208
6 4934272
10 4934336
4 4934400
4 4934464
9 4934528
3 4934592
4 4934656
7 4934720
4 4934784
3 4934848
0 4934912
3 4934976
4 4935040
10 4935104
2 4935168
6 4935232
7 4935296
8 4935360
4 4935424
5 4935488
6 4935552
6 4935616
1 4935680
1 4935744
5 4935808
5 4935872
6 4935936
8 4936000
10 4936064
1 4936128
6 4936192
0 4936256
9 4936320
6 4936384
4 4936448
10 4936512
0 4936576
5 4936640
7 4936704
8 4936768
7 4936832
6 4936896
6 4936960
0 4937024
1 4937088
7 4937152
8 4937216
2 4937280
10 4937344
9 4937408
6 4937472
1 4937536
4 4937600
10 4937664
7 4937728
3 4937792
0 4937856
7 4937920
4 4937984
8 4938048
0 4938112
2 4938176
7 4938240
9 4938304
7 4938368
2 4938432
7 4938496
3 4938560
0 4938624
1 4938688
9 4938752
9 4938816
6 4938880
9 4938944
9 4939008
4 4939072
6 4939136
5 4939200
2 4939264
1 4939328
7 4939392
4 4939456
5 4939520
10 4939584
6 4939648
5 4939712
8 4939776
9 4939840
8 4939904
8 4939968
4 4940032
3 4940096
8 4940160
6 4940224
8 4940288
4 4940352
4 4940416
3 4940480
8 4940544
0 4940608
10 4940672
6 4940736
8 4940800
4 4940864
1 4940928
4 4940992
5 4941056
7 4941120
9 4941184
5 4941248
5 4941312
7 4941376
3 4941440
8 4941504
1 4941568
5 4941632
10 4941696
6 4941760
7 4941824
9 4941888
9 4941952
7 4942016
10 4942080
2 4942144
8 4942208
1 4942272
5 4942336
6 4942400
1 4942464
3 4942528
10 4942592
0 4942656
2 4942720
10 4942784
3 4942848
2 4942912
7 4942976
6 4943040
3 4943104
9 4943168
1 4943232
6 4943296
10 4943360
9 4943424
4 4943488
9 4943552
7 4943616
3 4943680
9 4943744
7 4943808
6 4943872
8 4943936
7 4944000
10 4944064
6 4944128
5 4944192
9 4944256
6 4944320
4 4944384
7 4944448
1 4944512
8 4944576
1 4944640
10 4944704
7 4944768
5 4944832
3 4944896
4 4944960
0 4945024
9 4945088
6 4945152
1 4945216
10 4945280
9 4945344
10 4945408
9 4945472
7 4945536
10 4945600
5 4945664
1 4945728
1 4945792
7 4945856
5 4945920
6 4945984
3 4946048
4 4946112
4 4946176
0 4946240
6 4946304
0 4946368
2 4946432
1 4946496
0 4946560
9 4946624
1 4946688
6 4946752
2 4946816
6 4946880
9 4946944
6 4947008
9 4947072
6 4947136
7 4947200
2 4947264
7 4947328
8 4947392
3 4947456
3 4947520
2 4947584
2 4947648
6 4947712
3 4947776
7 4947840
3 4947904
1 4947968
9 4948032
6 4948096
8 4948160
2 4948224
4 4948288
3 4948352
6 4948416
9 4948480
8 4948544
1 4948608
2 4948672
0 4948736
0 4948800
6 4948864
7 4948928
8 4948992
9 4949056
7 4949120
2 4949184
6 4949248
7 4949312
1 4949376
5 4949440
6 4949504
9 4949568
1 4949632
10 4949696
4 4949760
7 4949824
0 4949888
1 4949952
2 4950016
9 4950080
8 4950144
3 4950208
10 4950272
9 4950336
4 4950400
10 4950464
5 4950528
4 4950592
1 4950656
6 4950720
4 4950784
6 4950848
0 4950912
7 4950976
10 4951040
1 4951104
5 4951168
0 4951232
0 4951296
6 4951360
10 4951424
10 4951488
6 4951552
5 4951616
2 4951680
8 4951744
5 4951808
3 4951872
0 4951936
0 4952000
4 4952064
5 4952128
5 4952192
7 4952256
10 4952320
8 4952384
6 4952448
8 4952512
5 4952576
9 4952640
2 4952704
2 4952768
2 4952832
2 4952896
0 4952960
0 4953024
6 4953088
5 4953152
10 4953216
9 4953280
7 4953344
10 4953408
7 4953472
4 4953536
10 4953600
1 4953664
4 4953728
4 4953792
2 4953856
10 4953920
0 4953984
1 4954048
8 4954112
10 4954176
0 4954240
3 4954304
4 4954368
2 4954432
0 4954496
6 4954560
8 4954624
7 4954688
2 4954752
1 4954816
7 4954880
0 4954944
4 4955008
6 4955072
6 4955136
8 4955200
7 4955264
10 4955328
0 4955392
10 4955456
10 4955520
8 4955584
1 4955648
7 4955712
9 4955776
6 4955840
2 4955904
1 4955968
1 4956032
6 4956096
7 4956160
1 4956224
2 4956288
3 4956352
0 4956416
4 4956480
6 4956544
5 4956608
8 4956672
3 4956736
6 4956800
5 4956864
9 4956928
9 4956992
8 4957056
0 4957120
10 4957184
10 4957248
1 4957312
6 4957376
10 4957440
6 4957504
5 4957568
8 4957632
10 4957696
1 4957760
3 4957824
6 4957888
6 4957952
2 4958016
2 4958080
2 4958144
0 4958208
8 4958272
6 4958336
1 4958400
10 4958464
0 4958528
2 4958592
1 4958656
3 4958720
0 4958784
5 4958848
0 4958912
9 4958976
6 4959040
3 4959104
9 4959168
9 4959232
4 4959296
7 4959360
8 4959424
3 4959488
4 4959552
8 4959616
8 4959680
1 4959744
4 4959808
6 4959872
0 4959936
10 4960000
8 4960064
2 4960128
4 4960192
7 4960256
4 4960320
0 4960384
7 4960448
9 4960512
4 4960576
3 4960640
4 4960704
4 4960768
4 4960832
1 4960896
10 4960960
7 4961024
5 4961088
6 4961152
6 4961216
6 4961280
1 4961344
9 4961408
6 4961472
2 4961536
1 4961600
3 4961664
2 4961728
3 4961792
9 4961856
2 4961920
9 4961984
5 4962048
0 4962112
1 4962176
10 4962240
9 4962304
7 4962368
6 4962432
1 4962496
0 4962560
3 4962624
2 4962688
1 4962752
6 4962816
5 4962880
8 4962944
0 4963008
8 4963072
7 4963136
2 4963200
6 4963264
10 4963328
7 4963392
10 4963456
0 4963520
5 4963584
10 4963648
1 4963712
1 4963776
9 4963840
3 4963904
8 4963968
8 4964032
3 4964096
10 4964160
0 4964224
9 4964288
0 4964352
4 4964416
5 4964480
10 4964544
8 4964608
1 4964672
6 4964736
10 4964800
7 4964864
2 4964928
9 4964992
1 4965056
9 4965120
3 4965184
0 4965248
4 4965312
2 4965376
0 4965440
1 4965504
8 4965568
5 4965632
9 4965696
0 4965760
5 4965824
2 4965888
7 4965952
3 4966016
1 4966080
1 4966144
8 4966208
7 4966272
6 4966336
5 4966400
6 4966464
7 4966528
2 4966592
2 4966656
4 4966720
1 4966784
2 4966848
8 4966912
6 4966976
5 4967040
0 4967104
3 4967168
8 4967232
4 4967296
1 4967360
0 4967424
1 4967488
10 4967552
9 4967616
5 4967680
9 4967744
9 4967808
10 4967872
2 4967936
2 4968000
2 4968064
4 4968128
9 4968192
2 4968256
4 4968320
4 4968384
4 4968448
0 4968512
6 4968576
6 4968640
1 4968704
5 4968768
9 4968832
10 4968896
2 4968960
2 4969024
2 4969088
0 4969152
9 4969216
7 4969280
6 4969344
10 4969408
4 4969472
8 4969536
6 4969600
1 4969664
8 4969728
3 4969792
8 4969856
2 4969920
5 4969984
5 4970048
9 4970112
1 4970176
4 4970240
3 4970304
2 4970368
1 4970432
1 4970496
7 4970560
2 4970624
4 4970688
5 4970752
6 4970816
0 4970880
5 4970944
1 4971008
8 4971072
2 4971136
0 4971200
8 4971264
10 4971328
0 4971392
8 4971456
6 4971520
1 4971584
7 4971648
8 4971712
0 4971776
8 4971840
7 4971904
1 4971968
3 4972032
5 4972096
3 4972160
8 4972224
4 4972288
7 4972352
3 4972416
2 4972480
4 4972544
2 4972608
0 4972672
5 4972736
7 4972800
0 4972864
3 4972928
6 4972992
5 4973056
9 4973120
5 4973184
9 4973248
2 4973312
5 4973376
7 4973440
0 4973504
7 4973568
2 4973632
7 4973696
10 4973760
9 4973824
2 4973888
9 4973952
0 4974016
4 4974080
6 4974144
9 4974208
9 4974272
8 4974336
1 4974400
1 4974464
7 4974528
2 4974592
1 4974656
10 4974720
3 4974784
7 4974848
0 4974912
2 4974976
6 4975040
1 4975104
6 4975168
7 4975232
1 4975296
6 4975360
7 4975424
2 4975488
7 4975552
0 4975616
2 4975680
2 4975744
4 4975808
1 4975872
0 4975936
2 4976000
6 4976064
2 4976128
1 4976192
0 4976256
8 4976320
3 4976384
0 4976448
8 4976512
3 4976576
2 4976640
0 4976704
9 4976768
1 4976832
4 4976896
3 4976960
10 4977024
1 4977088
9 4977152
3 4977216
8 4977280
4 4977344
1 4977408
5 4977472
3 4977536
1 4977600
10 4977664
1 4977728
8 4977792
9 4977856
2 4977920
3 4977984
0 4978048
7 4978112
3 4978176
1 4978240
3 4978304
9 4978368
7 4978432
2 4978496
9 4978560
8 4978624
8 4978688
7 4978752
2 4978816
8 4978880
7 4978944
7 4979008
1 4979072
3 4979136
0 4979200
4 4979264
2 4979328
3 4979392
8 4979456
7 4979520
10 4979584
6 4979648
8 4979712
0 4979776
9 4979840
0 4979904
0 4979968
7 4980032
10 4980096
7 4980160
9 4980224
6 4980288
4 4980352
2 4980416
7 4980480
7 4980544
0 4980608
9 4980672
7 4980736
8 4980800
5 4980864
2 4980928
5 4980992
3 4981056
9 4981120
9 4981184
1 4981248
3 4981312
8 4981376
5 4981440
4 4981504
1 4981568
3 4981632
1 4981696
7 4981760
10 4981824
10 4981888
4 4981952
4 4982016
8 4982080
10 4982144
10 4982208
5 4982272
1 4982336
9 4982400
5 4982464
4 4982528
4 4982592
2 4982656
10 4982720
3 4982784
3 4982848
4 4982912
4 4982976
0 4983040
2 4983104
5 4983168
8 4983232
10 4983296
8 4983360
5 4983424
5 4983488
1 4983552
0 4983616
8 4983680
8 4983744
9 4983808
2 4983872
10 4983936
1 4984000
7 4984064
1 4984128
0 4984192
8 4984256
10 4984320
7 4984384
4 4984448
8 4984512
5 4984576
3 4984640
1 4984704
5 4984768
9 4984832
10 4984896
9 4984960
6 4985024
4 4985088
10 4985152
6 4985216
0 4985280
8 4985344
7 4985408
10 4985472
2 4985536
5 4985600
4 4985664
7 4985728
7 4985792
7 4985856
5 4985920
3 4985984
8 4986048
8 4986112
1 4986176
7 4986240
6 4986304
8 4986368
3 4986432
5 4986496
3 4986560
2 4986624
4 4986688
7 4986752
8 4986816
1 4986880
1 4986944
0 4987008
10 4987072
1 4987136
6 4987200
2 4987264
1 4987328
9 4987392
8 4987456
9 4987520
7 4987584
4 4987648
4 4987712
6 4987776
9 4987840
3 4987904
1 4987968
6 4988032
8 4988096
1 4988160
5 4988224
10 4988288
10 4988352
1 4988416
6 4988480
4 4988544
9 4988608
1 4988672
9 4988736
0 4988800
7 4988864
0 4988928
10 4988992
4 4989056
4 4989120
5 4989184
1 4989248
9 4989312
6 4989376
4 4989440
9 4989504
2 4989568
3 4989632
0 4989696
6 4989760
6 4989824
1 4989888
9 4989952
0 4990016
1 4990080
7 4990144
10 4990208
4 4990272
8 4990336
4 4990400
2 4990464
5 4990528
2 4990592
4 4990656
6 4990720
7 4990784
1 4990848
9 4990912
3 4990976
0 4991040
6 4991104
10 4991168
4 4991232
7 4991296
3 4991360
9 4991424
0 4991488
8 4991552
7 4991616
5 4991680
3 4991744
5 4991808
8 4991872
10 4991936
9 4992000
8 4992064
3 4992128
2 4992192
4 4992256
3 4992320
5 4992384
10 4992448
9 4992512
5 4992576
1 4992640
3 4992704
3 4992768
3 4992832
1 4992896
6 4992960
9 4993024
5 4993088
4 4993152
3 4993216
2 4993280
3 4993344
2 4993408
4 4993472
6 4993536
9 4993600
3 4993664
5 4993728
5 4993792
1 4993856
6 4993920
9 4993984
7 4994048
8 4994112
8 4994176
3 4994240
10 4994304
7 4994368
7 4994432
7 4994496
2 4994560
0 4994624
4 4994688
3 4994752
9 4994816
7 4994880
1 4994944
8 4995008
8 4995072
8 4995136
10 4995200
4 4995264
2 4995328
7 4995392
1 4995456
6 4995520
9 4995584
6 4995648
5 4995712
6 4995776
4 4995840
5 4995904
5 4995968
3 4996032
9 4996096
2 4996160
8 4996224
4 4996288
0 4996352
3 4996416
4 4996480
7 4996544
6 4996608
9 4996672
6 4996736
4 4996800
5 4996864
4 4996928
4 4996992
0 4997056
6 4997120
6 4997184
8 4997248
9 4997312
9 4997376
4 4997440
2 4997504
5 4997568
3 4997632
2 4997696
8 4997760
3 4997824
6 4997888
9 4997952
3 4998016
0 4998080
10 4998144
8 4998208
0 4998272
1 4998336
1 4998400
10 4998464
10 4998528
8 4998592
7 4998656
2 4998720
1 4998784
10 4998848
3 4998912
9 4998976
8 4999040
3 4999104
0 4999168
2 4999232
0 4999296
0 4999360
5 4999424
6 4999488
10 4999552
10 4999616
5 4999680
7 4999744
2 4999808
10 4999872
3 4999936
8 5000000
6 5000064
10 5000128
1 5000192
6 5000256
0 5000320
1 5000384
8 5000448
6 5000512
1 5000576
9 5000640
1 5000704
3 5000768
6 5000832
10 5000896
4 5000960
0 5001024
6 5001088
9 5001152
5 5001216
8 5001280
0 5001344
5 5001408
1 5001472
8 5001536
4 5001600
0 5001664
4 5001728
10 5001792
7 5001856
7 5001920
3 5001984
5 5002048
0 5002112
3 5002176
1 5002240
8 5002304
8 5002368
4 5002432
9 5002496
7 5002560
4 5002624
1 5002688
6 5002752
3 5002816
2 5002880
2 5002944
8 5003008
5 5003072
5 5003136
6 5003200
3 5003264
3 5003328
6 5003392
6 5003456
10 5003520
0 5003584
2 5003648
3 5003712
5 5003776
2 5003840
1 5003904
7 5003968
10 5004032
9 5004096
10 5004160
2 5004224
1 5004288
1 5004352
8 5004416
2 5004480
8 5004544
9 5004608
1 5004672
3 5004736
0 5004800
5 5004864
1 5004928
0 5004992
2 5005056
7 5005120
1 5005184
9 5005248
0 5005312
5 5005376
10 5005440
8 5005504
1 5005568
4 5005632
7 5005696
10 5005760
9 5005824
6 5005888
10 5005952
0 5006016
5 5006080
6 5006144
2 5006208
3 5006272
3 5006336
0 5006400
9 5006464
4 5006528
7 5006592
9 5006656
7 5006720
6 5006784
8 5006848
8 5006912
5 5006976
4 5007040
3 5007104
4 5007168
10 5007232
6 5007296
4 5007360
5 5007424
8 5007488
2 5007552
9 5007616
5 5007680
4 5007744
6 5007808
3 5007872
7 5007936
3 5008000
3 5008064
3 5008128
0 5008192
0 5008256
3 5008320
0 5008384
4 5008448
7 5008512
1 5008576
6 5008640
10 5008704
6 5008768
2 5008832
3 5008896
4 5008960
10 5009024
2 5009088
5 5009152
3 5009216
10 5009280
0 5009344
1 5009408
2 5009472
10 5009536
8 5009600
10 5009664
1 5009728
9 5009792
4 5009856
0 5009920
0 5009984
1 5010048
1 5010112
2 5010176
9 5010240
5 5010304
2 5010368
0 5010432
7 5010496
10 5010560
8 5010624
1 5010688
8 5010752
7 5010816
10 5010880
4 5010944
1 5011008
4 5011072
6 5011136
5 5011200
6 5011264
6 5011328
10 5011392
3 5011456
7 5011520
0 5011584
7 5011648
0 5011712
10 5011776
4 5011840
3 5011904
10 5011968
10 5012032
7 5012096
3 5012160
7 5012224
5 5012288
1 5012352
4 5012416
3 5012480
5 5012544
3 5012608
5 5012672
5 5012736
4 5012800
6 5012864
2 5012928
2 5012992
2 5013056
10 5013120
8 5013184
4 5013248
7 5013312
6 5013376
6 5013440
0 5013504
0 5013568
9 5013632
7 5013696
4 5013760
9 5013824
0 5013888
9 5013952
1 5014016
10 5014080
2 5014144
6 5014208
1 5014272
9 5014336
3 5014400
5 5014464
8 5014528
1 5014592
5 5014656
1 5014720
4 5014784
1 5014848
8 5014912
5 5014976
9 5015040
4 5015104
0 5015168
0 5015232
4 5015296
8 5015360
9 5015424
6 5015488
5 5015552
6 5015616
0 5015680
8 5015744
4 5015808
6 5015872
9 5015936
5 5016000
4 5016064
10 5016128
4 5016192
9 5016256
5 5016320
6 5016384
9 5016448
7 5016512
7 5016576
5 5016640
5 5016704
6 5016768
1 5016832
2 5016896
3 5016960
4 5017024
0 5017088
0 5017152
1 5017216
5 5017280
2 5017344
2 5017408
9 5017472
0 5017536
4 5017600
0 5017664
10 5017728
1 5017792
5 5017856
0 5017920
7 5017984
6 5018048
2 5018112
9 5018176
4 5018240
2 5018304
0 5018368
1 5018432
2 5018496
1 5018560
7 5018624
2 5018688
2 5018752
0 5018816
9 5018880
4 5018944
3 5019008
4 5019072
2 5019136
2 5019200
0 5019264
8 5019328
2 5019392
4 5019456
1 5019520
10 5019584
9 5019648
8 5019712
10 5019776
5 5019840
7 5019904
7 5019968
8 5020032
7 5020096
3 5020160
4 5020224
1 5020288
10 5020352
3 5020416
7 5020480
2 5020544
3 5020608
0 5020672
7 5020736
3 5020800
5 5020864
7 5020928
1 5020992
10 5021056
3 5021120
6 5021184
1 5021248
8 5021312
7 5021376
7 5021440
4 5021504
9 5021568
7 5021632
8 5021696
9 5021760
5 5021824
3 5021888
10 5021952
5 5022016
2 5022080
5 5022144
8 5022208
5 5022272
3 5022336
5 5022400
5 5022464
10 5022528
9 5022592
9 5022656
5 5022720
1 5022784
5 5022848
4 5022912
1 5022976
4 5023040
3 5023104
6 5023168
0 5023232
4 5023296
3 5023360
8 5023424
7 5023488
2 5023552
4 5023616
3 5023680
0 5023744
8 5023808
8 5023872
4 5023936
8 5024000
6 5024064
0 5024128
6 5024192
4 5024256
10 5024320
1 5024384
4 5024448
4 5024512
2 5024576
5 5024640
0 5024704
9 5024768
10 5024832
6 5024896
9 5024960
3 5025024
3 5025088
7 5025152
5 5025216
7 5025280
9 5025344
10 5025408
0 5025472
1 5025536
5 5025600
5 5025664
0 5025728
8 5025792
8 5025856
0 5025920
6 5025984
3 5026048
9 5026112
5 5026176
8 5026240
4 5026304
5 5026368
4 5026432
5 5026496
0 5026560
10 5026624
5 5026688
10 5026752
10 5026816
2 5026880
9 5026944
6 5027008
5 5027072
3 5027136
7 5027200
0 5027264
4 5027328
7 5027392
6 5027456
8 5027520
0 5027584
9 5027648
8 5027712
5 5027776
6 5027840
8 5027904
3 5027968
5 5028032
0 5028096
5 5028160
1 5028224
8 5028288
3 5028352
4 5028416
4 5028480
0 5028544
2 5028608
7 5028672
5 5028736
5 5028800
4 5028864
10 5028928
7 5028992
10 5029056
0 5029120
1 5029184
4 5029248
2 5029312
9 5029376
5 5029440
0 5029504
3 5029568
10 5029632
3 5029696
6 5029760
9 5029824
3 5029888
6 5029952
8 5030016
3 5030080
4 5030144
0 5030208
2 5030272
1 5030336
1 5030400
0 5030464
4 5030528
5 5030592
4 5030656
9 5030720
8 5030784
0 5030848
10 5030912
10 5030976
10 5031040
4 5031104
6 5031168
0 5031232
6 5031296
5 5031360
3 5031424
4 5031488
10 5031552
9 5031616
3 5031680
0 5031744
9 5031808
6 5031872
6 5031936
6 5032000
3 5032064
4 5032128
9 5032192
1 5032256
6 5032320
6 5032384
0 5032448
5 5032512
5 5032576
7 5032640
7 5032704
3 5032768
9 5032832
0 5032896
4 5032960
5 5033024
5 5033088
10 5033152
4 5033216
3 5033280
6 5033344
2 5033408
3 5033472
3 5033536
1 5033600
9 5033664
10 5033728
3 5033792
1 5033856
2 5033920
10 5033984
1 5034048
0 5034112
8 5034176
1 5034240
1 5034304
10 5034368
0 5034432
3 5034496
8 5034560
7 5034624
7 5034688
3 5034752
8 5034816
0 5034880
0 5034944
7 5035008
7 5035072
8 5035136
9 5035200
8 5035264
1 5035328
9 5035392
6 5035456
8 5035520
7 5035584
0 5035648
6 5035712
6 5035776
6 5035840
8 5035904
10 5035968
8 5036032
4 5036096
3 5036160
3 5036224
1 5036288
6 5036352
5 5036416
0 5036480
9 5036544
8 5036608
3 5036672
3 5036736
8 5036800
1 5036864
10 5036928
2 5036992
7 5037056
2 5037120
4 5037184
9 5037248
0 5037312
1 5037376
4 5037440
0 5037504
5 5037568
4 5037632
3 5037696
9 5037760
3 5037824
4 5037888
6 5037952
9 5038016
8 5038080
9 5038144
8 5038208
4 5038272
7 5038336
10 5038400
3 5038464
8 5038528
4 5038592
3 5038656
9 5038720
5 5038784
3 5038848
7 5038912
2 5038976
5 5039040
8 5039104
0 5039168
1 5039232
5 5039296
3 5039360
10 5039424
5 5039488
8 5039552
4 5039616
9 5039680
6 5039744
2 5039808
0 5039872
0 5039936
3 5040000
2 5040064
3 5040128
0 5040192
2 5040256
0 5040320
1 5040384
9 5040448
2 5040512
6 5040576
10 5040640
8 5040704
6 5040768
0 5040832
1 5040896
7 5040960
3 5041024
8 5041088
5 5041152
5 5041216
5 5041280
5 5041344
5 5041408
0 5041472
5 5041536
1 5041600
10 5041664
8 5041728
1 5041792
7 5041856
10 5041920
6 5041984
1 5042048
4 5042112
2 5042176
6 5042240
6 5042304
2 5042368
4 5042432
4 5042496
3 5042560
6 5042624
7 5042688
7 5042752
0 5042816
4 5042880
10 5042944
1 5043008
1 5043072
0 5043136
8 5043200
0 5043264
0 5043328
10 5043392
2 5043456
10 5043520
6 5043584
4 5043648
9 5043712
1 5043776
3 5043840
5 5043904
10 5043968
9 5044032
7 5044096
4 5044160
8 5044224
9 5044288
5 5044352
6 5044416
4 5044480
2 5044544
5 5044608
2 5044672
7 5044736
5 5044800
3 5044864
1 5044928
7 5044992
7 5045056
9 5045120
1 5045184
0 5045248
5 5045312
3 5045376
7 5045440
2 5045504
5 5045568
6 5045632
5 5045696
6 5045760
3 5045824
3 5045888
7 5045952
3 5046016
4 5046080
3 5046144
4 5046208
8 5046272
8 5046336
9 5046400
1 5046464
9 5046528
0 5046592
0 5046656
0 5046720
0 5046784
2 5046848
4 5046912
2 5046976
0 5047040
1 5047104
2 5047168
7 5047232
7 5047296
6 5047360
0 5047424
6 5047488
6 5047552
2 5047616
5 5047680
10 5047744
9 5047808
5 5047872
7 5047936
8 5048000
7 5048064
4 5048128
4 5048192
1 5048256
1 5048320
2 5048384
8 5048448
4 5048512
8 5048576
4 5048640
2 5048704
1 5048768
7 5048832
2 5048896
7 5048960
4 5049024
10 5049088
2 5049152
1 5049216
9 5049280
4 5049344
0 5049408
10 5049472
4 5049536
7 5049600
8 5049664
9 5049728
10 5049792
1 5049856
3 5049920
6 5049984
7 5050048
1 5050112
6 5050176
1 5050240
10 5050304
6 5050368
8 5050432
4 5050496
9 5050560
10 5050624
8 5050688
10 5050752
9 5050816
9 5050880
10 5050944
1 5051008
10 5051072
2 5051136
6 5051200
3 5051264
8 5051328
2 5051392
7 5051456
9 5051520
4 5051584
1 5051648
4 5051712
5 5051776
10 5051840
5 5051904
0 5051968
9 5052032
7 5052096
3 5052160
3 5052224
3 5052288
0 5052352
9 5052416
8 5052480
7 5052544
0 5052608
3 5052672
8 5052736
2 5052800
4 5052864
2 5052928
9 5052992
8 5053056
5 5053120
2 5053184
7 5053248
0 5053312
4 5053376
9 5053440
7 5053504
10 5053568
10 5053632
3 5053696
4 5053760
4 5053824
4 5053888
6 5053952
3 5054016
10 5054080
4 5054144
6 5054208
4 5054272
7 5054336
4 5054400
9 5054464
6 5054528
5 5054592
9 5054656
1 5054720
3 5054784
1 5054848
1 5054912
0 5054976
1 5055040
5 5055104
2 5055168
2 5055232
1 5055296
10 5055360
8 5055424
1 5055488
5 5055552
9 5055616
5 5055680
8 5055744
8 5055808
1 5055872
2 5055936
3 5056000
6 5056064
8 5056128
8 5056192
6 5056256
6 5056320
0 5056384
8 5056448
10 5056512
8 5056576
2 5056640
3 5056704
2 5056768
3 5056832
5 5056896
1 5056960
1 5057024
3 5057088
10 5057152
9 5057216
5 5057280
2 5057344
2 5057408
5 5057472
4 5057536
9 5057600
10 5057664
4 5057728
5 5057792
7 5057856
0 5057920
3 5057984
1 5058048
7 5058112
6 5058176
8 5058240
10 5058304
1 5058368
0 5058432
1 5058496
10 5058560
3 5058624
2 5058688
4 5058752
7 5058816
0 5058880
7 5058944
3 5059008
0 5059072
8 5059136
1 5059200
4 5059264
1 5059328
4 5059392
2 5059456
3 5059520
7 5059584
5 5059648
7 5059712
4 5059776
5 5059840
10 5059904
4 5059968
5 5060032
10 5060096
1 5060160
7 5060224
3 5060288
10 5060352
3 5060416
0 5060480
1 5060544
6 5060608
5 5060672
4 5060736
8 5060800
7 5060864
6 5060928
5 5060992
7 5061056
8 5061120
1 5061184
5 5061248
9 5061312
1 5061376
6 5061440
6 5061504
5 5061568
5 5061632
10 5061696
10 5061760
1 5061824
7 5061888
2 5061952
8 5062016
6 5062080
4 5062144
2 5062208
1 5062272
3 5062336
6 5062400
0 5062464
1 5062528
7 5062592
1 5062656
4 5062720
7 5062784
2 5062848
2 5062912
10 5062976
2 5063040
9 5063104
4 5063168
5 5063232
3 5063296
1 5063360
9 5063424
6 5063488
5 5063552
1 5063616
6 5063680
4 5063744
4 5063808
1 5063872
8 5063936
10 5064000
0 5064064
5 5064128
4 5064192
0 5064256
0 5064320
8 5064384
5 5064448
3 5064512
8 5064576
0 5064640
10 5064704
10 5064768
9 5064832
4 5064896
2 5064960
0 5065024
7 5065088
9 5065152
6 5065216
1 5065280
9 5065344
9 5065408
0 5065472
10 5065536
9 5065600
7 5065664
9 5065728
8 5065792
9 5065856
6 5065920
5 5065984
9 5066048
1 5066112
3 5066176
1 5066240
1 5066304
8 5066368
7 5066432
0 5066496
10 5066560
8 5066624
7 5066688
8 5066752
1 5066816
5 5066880
7 5066944
4 5067008
9 5067072
10 5067136
1 5067200
6 5067264
7 5067328
1 5067392
6 5067456
5 5067520
6 5067584
7 5067648
0 5067712
10 5067776
9 5067840
8 5067904
6 5067968
6 5068032
7 5068096
8 5068160
8 5068224
5 5068288
1 5068352
6 5068416
8 5068480
2 5068544
0 5068608
3 5068672
8 5068736
5 5068800
2 5068864
10 5068928
8 5068992
5 5069056
7 5069120
9 5069184
4 5069248
0 5069312
1 5069376
5 5069440
4 5069504
1 5069568
10 5069632
5 5069696
0 5069760
6 5069824
8 5069888
9 5069952
8 5070016
5 5070080
1 5070144
1 5070208
8 5070272
8 5070336
10 5070400
1 5070464
1 5070528
6 5070592
10 5070656
7 5070720
8 5070784
7 5070848
3 5070912
4 5070976
8 5071040
0 5071104
8 5071168
5 5071232
1 5071296
4 5071360
9 5071424
6 5071488
6 5071552
7 5071616
5 5071680
7 5071744
10 5071808
1 5071872
6 5071936
9 5072000
5 5072064
4 5072128
0 5072192
2 5072256
3 5072320
1 5072384
3 5072448
4 5072512
2 5072576
10 5072640
6 5072704
8 5072768
3 5072832
9 5072896
10 5072960
10 5073024
6 5073088
9 5073152
9 5073216
5 5073280
7 5073344
1 5073408
3 5073472
10 5073536
10 5073600
9 5073664
5 5073728
7 5073792
0 5073856
0 5073920
1 5073984
6 5074048
8 5074112
4 5074176
5 5074240
1 5074304
10 5074368
2 5074432
2 5074496
4 5074560
10 5074624
0 5074688
2 5074752
3 5074816
8 5074880
7 5074944
8 5075008
9 5075072
10 5075136
3 5075200
0 5075264
3 5075328
8 5075392
1 5075456
4 5075520
7 5075584
6 5075648
0 5075712
4 5075776
0 5075840
9 5075904
6 5075968
2 5076032
6 5076096
2 5076160
9 5076224
2 5076288
2 5076352
5 5076416
9 5076480
5 5076544
3 5076608
7 5076672
6 5076736
2 5076800
1 5076864
0 5076928
9 5076992
8 5077056
5 5077120
3 5077184
2 5077248
7 5077312
2 5077376
7 5077440
2 5077504
0 5077568
6 5077632
6 5077696
7 5077760
5 5077824
4 5077888
9 5077952
10 5078016
0 5078080
5 5078144
9 5078208
7 5078272
3 5078336
0 5078400
3 5078464
7 5078528
5 5078592
10 5078656
3 5078720
7 5078784
4 5078848
5 5078912
0 5078976
8 5079040
8 5079104
3 5079168
0 5079232
6 5079296
8 5079360
2 5079424
9 5079488
4 5079552
8 5079616
1 5079680
7 5079744
0 5079808
4 5079872
9 5079936
6 5080000
7 5080064
2 5080128
9 5080192
4 5080256
2 5080320
7 5080384
9 5080448
1 5080512
9 5080576
1 5080640
6 5080704
3 5080768
7 5080832
9 5080896
8 5080960
0 5081024
0 5081088
4 5081152
7 5081216
2 5081280
0 5081344
2 5081408
8 5081472
8 5081536
8 5081600
2 5081664
3 5081728
9 5081792
7 5081856
9 5081920
7 5081984
0 5082048
8 5082112
7 5082176
7 5082240
0 5082304
1 5082368
5 5082432
10 5082496
2 5082560
4 5082624
10 5082688
2 5082752
4 5082816
4 5082880
3 5082944
1 5083008
0 5083072
2 5083136
9 5083200
9 5083264
3 5083328
2 5083392
1 5083456
0 5083520
3 5083584
6 5083648
7 5083712
10 5083776
4 5083840
0 5083904
0 5083968
9 5084032
2 5084096
5 5084160
10 5084224
4 5084288
2 5084352
7 5084416
0 5084480
9 5084544
8 5084608
3 5084672
1 5084736
8 5084800
1 5084864
8 5084928
0 5084992
3 5085056
4 5085120
3 5085184
0 5085248
7 5085312
1 5085376
4 5085440
8 5085504
8 5085568
10 5085632
3 5085696
0 5085760
5 5085824
4 5085888
5 5085952
0 5086016
8 5086080
2 5086144
7 5086208
10 5086272
5 5086336
10 5086400
9 5086464
8 5086528
6 5086592
8 5086656
5 5086720
8 5086784
1 5086848
9 5086912
7 5086976
4 5087040
8 5087104
8 5087168
10 5087232
4 5087296
6 5087360
10 5087424
7 5087488
4 5087552
8 5087616
2 5087680
2 5087744
3 5087808
2 5087872
8 5087936
6 5088000
4 5088064
2 5088128
5 5088192
0 5088256
4 5088320
6 5088384
4 5088448
7 5088512
1 5088576
7 5088640
4 5088704
2 5088768
6 5088832
5 5088896
8 5088960
8 5089024
4 5089088
0 5089152
6 5089216
6 5089280
1 5089344
2 5089408
4 5089472
5 5089536
0 5089600
1 5089664
1 5089728
6 5089792
10 5089856
0 5089920
1 5089984
2 5090048
10 5090112
4 5090176
1 5090240
8 5090304
1 5090368
1 5090432
6 5090496
0 5090560
7 5090624
6 5090688
2 5090752
1 5090816
0 5090880
9 5090944
6 5091008
9 5091072
10 5091136
2 5091200
6 5091264
2 5091328
1 5091392
6 5091456
8 5091520
4 5091584
7 5091648
2 5091712
0 5091776
2 5091840
0 5091904
6 5091968
3 5092032
1 5092096
4 5092160
1 5092224
0 5092288
9 5092352
2 5092416
4 5092480
4 5092544
3 5092608
2 5092672
9 5092736
5 5092800
4 5092864
0 5092928
10 5092992
5 5093056
6 5093120
8 5093184
6 5093248
4 5093312
2 5093376
9 5093440
6 5093504
1 5093568
7 5093632
2 5093696
4 5093760
7 5093824
2 5093888
7 5093952
10 5094016
3 5094080
1 5094144
8 5094208
8 5094272
9 5094336
7 5094400
0 5094464
6 5094528
0 5094592
4 5094656
4 5094720
6 5094784
2 5094848
0 5094912
3 5094976
7 5095040
4 5095104
4 5095168
5 5095232
7 5095296
1 5095360
9 5095424
9 5095488
1 5095552
10 5095616
6 5095680
10 5095744
7 5095808
3 5095872
4 5095936
2 5096000
10 5096064
1 5096128
4 5096192
2 5096256
1 5096320
1 5096384
4 5096448
0 5096512
7 5096576
10 5096640
8 5096704
1 5096768
3 5096832
6 5096896
10 5096960
6 5097024
4 5097088
9 5097152
2 5097216
9 5097280
0 5097344
7 5097408
0 5097472
3 5097536
8 5097600
3 5097664
9 5097728
4 5097792
2 5097856
7 5097920
1 5097984
3 5098048
4 5098112
2 5098176
4 5098240
7 5098304
0 5098368
6 5098432
10 5098496
4 5098560
10 5098624
10 5098688
9 5098752
2 5098816
2 5098880
2 5098944
5 5099008
7 5099072
1 5099136
6 5099200
4 5099264
0 5099328
0 5099392
4 5099456
8 5099520
9 5099584
5 5099648
2 5099712
4 5099776
1 5099840
4 5099904
3 5099968
10 5100032
4 5100096
5 5100160
6 5100224
4 5100288
6 5100352
6 5100416
3 5100480
9 5100544
7 5100608
1 5100672
8 5100736
0 5100800
1 5100864
2 5100928
0 5100992
6 5101056
3 5101120
3 5101184
5 5101248
7 5101312
5 5101376
10 5101440
9 5101504
9 5101568
7 5101632
9 5101696
4 5101760
9 5101824
7 5101888
5 5101952
6 5102016
7 5102080
5 5102144
6 5102208
4 5102272
6 5102336
10 5102400
6 5102464
7 5102528
6 5102592
6 5102656
7 5102720
4 5102784
9 5102848
1 5102912
3 5102976
4 5103040
8 5103104
1 5103168
6 5103232
9 5103296
4 5103360
0 5103424
3 5103488
2 5103552
4 5103616
2 5103680
2 5103744
1 5103808
6 5103872
4 5103936
5 5104000
3 5104064
2 5104128
10 5104192
4 5104256
4 5104320
10 5104384
2 5104448
1 5104512
4 5104576
6 5104640
1 5104704
0 5104768
0 5104832
4 5104896
9 5104960
8 5105024
3 5105088
5 5105152
9 5105216
0 5105280
0 5105344
5 5105408
8 5105472
1 5105536
9 5105600
8 5105664
3 5105728
6 5105792
5 5105856
1 5105920
4 5105984
6 5106048
9 5106112
0 5106176
5 5106240
9 5106304
10 5106368
1 5106432
8 5106496
3 5106560
7 5106624
6 5106688
5 5106752
3 5106816
9 5106880
7 5106944
9 5107008
0 5107072
0 5107136
5 5107200
7 5107264
8 5107328
3 5107392
4 5107456
1 5107520
0 5107584
8 5107648
0 5107712
7 5107776
5 5107840
0 5107904
9 5107968
5 5108032
0 5108096
10 5108160
3 5108224
5 5108288
4 5108352
5 5108416
1 5108480
3 5108544
6 5108608
4 5108672
0 5108736
2 5108800
9 5108864
4 5108928
2 5108992
2 5109056
0 5109120
10 5109184
10 5109248
8 5109312
5 5109376
9 5109440
5 5109504
0 5109568
3 5109632
1 5109696
2 5109760
1 5109824
5 5109888
5 5109952
9 5110016
5 5110080
9 5110144
9 5110208
5 5110272
9 5110336
2 5110400
4 5110464
1 5110528
9 5110592
7 5110656
1 5110720
6 5110784
6 5110848
5 5110912
5 5110976
3 5111040
6 5111104
0 5111168
1 5111232
8 5111296
1 5111360
1 5111424
10 5111488
7 5111552
0 5111616
3 5111680
2 5111744
8 5111808
0 5111872
10 5111936
3 5112000
2 5112064
5 5112128
3 5112192
8 5112256
3 5112320
6 5112384
1 5112448
4 5112512
4 5112576
9 5112640
1 5112704
7 5112768
9 5112832
2 5112896
1 5112960
10 5113024
6 5113088
5 5113152
1 5113216
4 5113280
8 5113344
1 5113408
1 5113472
1 5113536
4 5113600
6 5113664
8 5113728
7 5113792
2 5113856
6 5113920
1 5113984
1 5114048
7 5114112
3 5114176
7 5114240
0 5114304
2 5114368
1 5114432
5 5114496
3 5114560
8 5114624
4 5114688
5 5114752
0 5114816
3 5114880
5 5114944
5 5115008
10 5115072
9 5115136
9 5115200
6 5115264
7 5115328
3 5115392
1 5115456
3 5115520
10 5115584
1 5115648
2 5115712
1 5115776
3 5115840
1 5115904
2 5115968
4 5116032
3 5116096
4 5116160
10 5116224
6 5116288
6 5116352
6 5116416
2 5116480
9 5116544
1 5116608
3 5116672
6 5116736
2 5116800
1 5116864
5 5116928
3 5116992
9 5117056
4 5117120
4 5117184
0 5117248
6 5117312
0 5117376
1 5117440
4 5117504
6 5117568
1 5117632
2 5117696
0 5117760
5 5117824
8 5117888
4 5117952
9 5118016
8 5118080
4 5118144
4 5118208
7 5118272
5 5118336
3 5118400
9 5118464
3 5118528
6 5118592
0 5118656
0 5118720
7 5118784
4 5118848
8 5118912
1 5118976
3 5119040
10 5119104
3 5119168
5 5119232
3 5119296
3 5119360
3 5119424
6 5119488
9 5119552
4 5119616
1 5119680
7 5119744
5 5119808
1 5119872
8 5119936
0 5120000
10 5120064
0 5120128
7 5120192
10 5120256
5 5120320
6 5120384
5 5120448
8 5120512
2 5120576
5 5120640
5 5120704
4 5120768
8 5120832
3 5120896
8 5120960
6 5121024
8 5121088
6 5121152
1 5121216
2 5121280
3 5121344
10 5121408
5 5121472
8 5121536
7 5121600
9 5121664
0 5121728
5 5121792
0 5121856
7 5121920
3 5121984
0 5122048
9 5122112
0 5122176
7 5122240
2 5122304
9 5122368
4 5122432
10 5122496
10 5122560
8 5122624
5 5122688
6 5122752
3 5122816
6 5122880
6 5122944
6 5123008
7 5123072
3 5123136
1 5123200
3 5123264
9 5123328
6 5123392
2 5123456
8 5123520
6 5123584
3 5123648
3 5123712
8 5123776
9 5123840
7 5123904
5 5123968
4 5124032
7 5124096
0 5124160
1 5124224
10 5124288
1 5124352
2 5124416
1 5124480
4 5124544
3 5124608
5 5124672
9 5124736
3 5124800
9 5124864
3 5124928
9 5124992
4 5125056
2 5125120
7 5125184
2 5125248
8 5125312
2 5125376
8 5125440
8 5125504
1 5125568
5 5125632
6 5125696
5 5125760
9 5125824
6 5125888
0 5125952
4 5126016
0 5126080
2 5126144
8 5126208
10 5126272
7 5126336
4 5126400
4 5126464
7 5126528
7 5126592
0 5126656
6 5126720
4 5126784
8 5126848
1 5126912
3 5126976
3 5127040
5 5127104
7 5127168
8 5127232
2 5127296
9 5127360
9 5127424
2 5127488
4 5127552
4 5127616
2 5127680
3 5127744
5 5127808
0 5127872
6 5127936
8 5128000
8 5128064
4 5128128
3 5128192
9 5128256
3 5128320
9 5128384
3 5128448
10 5128512
9 5128576
6 5128640
0 5128704
6 5128768
2 5128832
6 5128896
3 5128960
8 5129024
2 5129088
3 5129152
9 5129216
1 5129280
9 5129344
2 5129408
9 5129472
4 5129536
7 5129600
8 5129664
10 5129728
10 5129792
7 5129856
4 5129920
5 5129984
4 5130048
5 5130112
6 5130176
10 5130240
0 5130304
3 5130368
10 5130432
1 5130496
10 5130560
10 5130624
8 5130688
6 5130752
8 5130816
6 5130880
5 5130944
9 5131008
2 5131072
7 5131136
9 5131200
9 5131264
4 5131328
8 5131392
1 5131456
10 5131520
2 5131584
9 5131648
10 5131712
6 5131776
4 5131840
5 5131904
4 5131968
8 5132032
2 5132096
7 5132160
7 5132224
1 5132288
9 5132352
5 5132416
9 5132480
1 5132544
10 5132608
1 5132672
9 5132736
9 5132800
4 5132864
1 5132928
3 5132992
6 5133056
4 5133120
4 5133184
10 5133248
7 5133312
7 5133376
2 5133440
9 5133504
1 5133568
1 5133632
8 5133696
8 5133760
4 5133824
4 5133888
0 5133952
1 5134016
4 5134080
7 5134144
0 5134208
8 5134272
2 5134336
3 5134400
1 5134464
10 5134528
9 5134592
6 5134656
1 5134720
7 5134784
10 5134848
2 5134912
5 5134976
8 5135040
8 5135104
2 5135168
10 5135232
10 5135296
8 5135360
4 5135424
4 5135488
2 5135552
7 5135616
1 5135680
10 5135744
8 5135808
0 5135872
4 5135936
5 5136000
5 5136064
9 5136128
1 5136192
2 5136256
8 5136320
9 5136384
9 5136448
5 5136512
1 5136576
2 5136640
1 5136704
10 5136768
10 5136832
7 5136896
4 5136960
10 5137024
4 5137088
7 5137152
5 5137216
6 5137280
3 5137344
6 5137408
5 5137472
1 5137536
8 5137600
3 5137664
7 5137728
0 5137792
4 5137856
7 5137920
0 5137984
2 5138048
3 5138112
7 5138176
1 5138240
10 5138304
2 5138368
5 5138432
0 5138496
6 5138560
8 5138624
2 5138688
1 5138752
2 5138816
0 5138880
3 5138944
5 5139008
8 5139072
1 5139136
3 5139200
9 5139264
10 5139328
10 5139392
7 5139456
9 5139520
10 5139584
5 5139648
1 5139712
9 5139776
10 5139840
6 5139904
10 5139968
2 5140032
4 5140096
5 5140160
2 5140224
4 5140288
0 5140352
5 5140416
5 5140480
8 5140544
9 5140608
7 5140672
2 5140736
3 5140800
5 5140864
9 5140928
1 5140992
9 5141056
10 5141120
9 5141184
8 5141248
8 5141312
5 5141376
5 5141440
2 5141504
2 5141568
9 5141632
2 5141696
9 5141760
7 5141824
7 5141888
0 5141952
2 5142016
5 5142080
10 5142144
9 5142208
8 5142272
4 5142336
5 5142400
8 5142464
5 5142528
5 5142592
4 5142656
2 5142720
2 5142784
0 5142848
5 5142912
4 5142976
8 5143040
7 5143104
2 5143168
9 5143232
1 5143296
2 5143360
9 5143424
8 5143488
10 5143552
10 5143616
9 5143680
6 5143744
7 5143808
3 5143872
3 5143936
10 5144000
5 5144064
10 5144128
10 5144192
3 5144256
7 5144320
0 5144384
10 5144448
6 5144512
3 5144576
2 5144640
3 5144704
0 5144768
0 5144832
10 5144896
1 5144960
7 5145024
1 5145088
9 5145152
5 5145216
5 5145280
7 5145344
6 5145408
3 5145472
2 5145536
9 5145600
5 5145664
10 5145728
1 5145792
6 5145856
6 5145920
2 5145984
1 5146048
5 5146112
6 5146176
10 5146240
7 5146304
4 5146368
8 5146432
6 5146496
3 5146560
7 5146624
4 5146688
7 5146752
0 5146816
3 5146880
10 5146944
0 5147008
3 5147072
6 5147136
6 5147200
3 5147264
8 5147328
6 5147392
10 5147456
0 5147520
2 5147584
6 5147648
10 5147712
8 5147776
7 5147840
1 5147904
10 5147968
7 5148032
5 5148096
8 5148160
4 5148224
0 5148288
5 5148352
3 5148416
1 5148480
8 5148544
10 5148608
8 5148672
6 5148736
5 5148800
8 5148864
5 5148928
2 5148992
2 5149056
8 5149120
8 5149184
10 5149248
7 5149312
6 5149376
1 5149440
7 5149504
2 5149568
7 5149632
4 5149696
6 5149760
0 5149824
0 5149888
3 5149952
4 5150016
1 5150080
0 5150144
5 5150208
8 5150272
8 5150336
2 5150400
8 5150464
7 5150528
0 5150592
3 5150656
5 5150720
1 5150784
7 5150848
1 5150912
9 5150976
9 5151040
4 5151104
10 5151168
9 5151232
7 5151296
4 5151360
5 5151424
0 5151488
0 5151552
9 5151616
7 5151680
0 5151744
6 5151808
4 5151872
10 5151936
4 5152000
0 5152064
7 5152128
10 5152192
1 5152256
10 5152320
2 5152384
10 5152448
5 5152512
3 5152576
4 5152640
6 5152704
1 5152768
1 5152832
5 5152896
5 5152960
10 5153024
5 5153088
2 5153152
4 5153216
10 5153280
0 5153344
2 5153408
7 5153472
8 5153536
10 5153600
2 5153664
0 5153728
1 5153792
5 5153856
8 5153920
1 5153984
1 5154048
3 5154112
0 5154176
8 5154240
10 5154304
3 5154368
9 5154432
5 5154496
3 5154560
1 5154624
1 5154688
6 5154752
10 5154816
9 5154880
5 5154944
10 5155008
10 5155072
1 5155136
5 5155200
2 5155264
2 5155328
3 5155392
4 5155456
5 5155520
0 5155584
8 5155648
9 5155712
6 5155776
0 5155840
10 5155904
7 5155968
1 5156032
3 5156096
7 5156160
6 5156224
6 5156288
7 5156352
0 5156416
10 5156480
8 5156544
0 5156608
6 5156672
0 5156736
6 5156800
0 5156864
5 5156928
0 5156992
6 5157056
4 5157120
0 5157184
5 5157248
1 5157312
1 5157376
8 5157440
3 5157504
2 5157568
8 5157632
4 5157696
0 5157760
1 5157824
10 5157888
4 5157952
4 5158016
0 5158080
7 5158144
9 5158208
0 5158272
4 5158336
3 5158400
8 5158464
9 5158528
3 5158592
5 5158656
3 5158720
1 5158784
7 5158848
3 5158912
2 5158976
4 5159040
6 5159104
1 5159168
5 5159232
10 5159296
5 5159360
2 5159424
2 5159488
4 5159552
10 5159616
1 5159680
1 5159744
3 5159808
4 5159872
1 5159936
4 5160000
8 5160064
1 5160128
2 5160192
6 5160256
8 5160320
9 5160384
2 5160448
6 5160512
5 5160576
8 5160640
3 5160704
5 5160768
10 5160832
2 5160896
7 5160960
3 5161024
8 5161088
3 5161152
10 5161216
9 5161280
6 5161344
8 5161408
8 5161472
5 5161536
6 5161600
0 5161664
6 5161728
9 5161792
4 5161856
5 5161920
6 5161984
8 5162048
10 5162112
4 5162176
7 5162240
0 5162304
9 5162368
3 5162432
1 5162496
9 5162560
5 5162624
7 5162688
9 5162752
10 5162816
9 5162880
6 5162944
5 5163008
9 5163072
1 5163136
2 5163200
10 5163264
3 5163328
9 5163392
4 5163456
4 5163520
10 5163584
9 5163648
4 5163712
9 5163776
3 5163840
0 5163904
7 5163968
10 5164032
8 5164096
4 5164160
5 5164224
7 5164288
8 5164352
4 5164416
4 5164480
9 5164544
10 5164608
0 5164672
2 5164736
3 5164800
0 5164864
7 5164928
7 5164992
1 5165056
4 5165120
10 5165184
6 5165248
5 5165312
10 5165376
0 5165440
10 5165504
10 5165568
2 5165632
8 5165696
6 5165760
0 5165824
1 5165888
1 5165952
8 5166016
3 5166080
7 5166144
6 5166208
9 5166272
1 5166336
0 5166400
8 5166464
1 5166528
8 5166592
9 5166656
8 5166720
1 5166784
10 5166848
3 5166912
7 5166976
8 5167040
0 5167104
1 5167168
1 5167232
0 5167296
4 5167360
7 5167424
0 5167488
8 5167552
10 5167616
10 5167680
4 5167744
4 5167808
4 5167872
4 5167936
5 5168000
3 5168064
10 5168128
2 5168192
5 5168256
6 5168320
7 5168384
2 5168448
1 5168512
1 5168576
9 5168640
10 5168704
5 5168768
1 5168832
1 5168896
0 5168960
9 5169024
4 5169088
5 5169152
10 5169216
10 5169280
2 5169344
6 5169408
5 5169472
8 5169536
10 5169600
2 5169664
1 5169728
6 5169792
5 5169856
5 5169920
1 5169984
4 5170048
6 5170112
2 5170176
10 5170240
0 5170304
0 5170368
0 5170432
8 5170496
8 5170560
8 5170624
8 5170688
10 5170752
7 5170816
10 5170880
6 5170944
4 5171008
1 5171072
4 5171136
3 5171200
7 5171264
7 5171328
2 5171392
2 5171456
2 5171520
8 5171584
5 5171648
5 5171712
6 5171776
9 5171840
10 5171904
3 5171968
1 5172032
4 5172096
9 5172160
3 5172224
5 5172288
4 5172352
8 5172416
8 5172480
1 5172544
0 5172608
7 5172672
3 5172736
2 5172800
7 5172864
6 5172928
1 5172992
9 5173056
10 5173120
9 5173184
0 5173248
3 5173312
7 5173376
7 5173440
7 5173504
3 5173568
1 5173632
1 5173696
0 5173760
2 5173824
5 5173888
3 5173952
7 5174016
10 5174080
5 5174144
9 5174208
3 5174272
3 5174336
5 5174400
8 5174464
5 5174528
1 5174592
5 5174656
10 5174720
1 5174784
10 5174848
4 5174912
9 5174976
4 5175040
0 5175104
10 5175168
0 5175232
7 5175296
4 5175360
6 5175424
7 5175488
2 5175552
3 5175616
9 5175680
7 5175744
9 5175808
8 5175872
8 5175936
1 5176000
1 5176064
8 5176128
8 5176192
2 5176256
1 5176320
0 5176384
7 5176448
6 5176512
10 5176576
0 5176640
5 5176704
10 5176768
9 5176832
5 5176896
5 5176960
8 5177024
10 5177088
10 5177152
10 5177216
10 5177280
7 5177344
0 5177408
4 5177472
2 5177536
5 5177600
3 5177664
7 5177728
7 5177792
6 5177856
9 5177920
6 5177984
7 5178048
3 5178112
2 5178176
5 5178240
4 5178304
9 5178368
6 5178432
6 5178496
0 5178560
7 5178624
0 5178688
2 5178752
8 5178816
10 5178880
7 5178944
3 5179008
7 5179072
2 5179136
3 5179200
8 5179264
0 5179328
5 5179392
7 5179456
1 5179520
2 5179584
1 5179648
6 5179712
6 5179776
2 5179840
9 5179904
6 5179968
10 5180032
6 5180096
8 5180160
10 5180224
2 5180288
7 5180352
3 5180416
4 5180480
2 5180544
8 5180608
9 5180672
0 5180736
10 5180800
4 5180864
2 5180928
6 5180992
8 5181056
5 5181120
10 5181184
4 5181248
4 5181312
6 5181376
0 5181440
10 5181504
10 5181568
10 5181632
10 5181696
6 5181760
8 5181824
8 5181888
9 5181952
5 5182016
8 5182080
9 5182144
9 5182208
3 5182272
2 5182336
1 5182400
9 5182464
1 5182528
10 5182592
3 5182656
3 5182720
0 5182784
4 5182848
4 5182912
2 5182976
1 5183040
7 5183104
9 5183168
5 5183232
3 5183296
4 5183360
8 5183424
5 5183488
6 5183552
4 5183616
5 5183680
0 5183744
4 5183808
4 5183872
6 5183936
2 5184000
4 5184064
0 5184128
4 5184192
10 5184256
10 5184320
4 5184384
1 5184448
6 5184512
3 5184576
1 5184640
6 5184704
10 5184768
6 5184832
4 5184896
1 5184960
7 5185024
0 5185088
0 5185152
0 5185216
3 5185280
3 5185344
7 5185408
9 5185472
0 5185536
4 5185600
7 5185664
4 5185728
2 5185792
1 5185856
2 5185920
0 5185984
6 5186048
10 5186112
6 5186176
0 5186240
5 5186304
10 5186368
8 5186432
0 5186496
8 5186560
5 5186624
6 5186688
9 5186752
0 5186816
2 5186880
8 5186944
10 5187008
9 5187072
1 5187136
10 5187200
7 5187264
0 5187328
8 5187392
8 5187456
8 5187520
0 5187584
7 5187648
2 5187712
4 5187776
2 5187840
0 5187904
7 5187968
5 5188032
3 5188096
0 5188160
8 5188224
7 5188288
7 5188352
2 5188416
2 5188480
6 5188544
9 5188608
6 5188672
6 5188736
7 5188800
3 5188864
4 5188928
9 5188992
5 5189056
8 5189120
6 5189184
0 5189248
1 5189312
5 5189376
0 5189440
0 5189504
8 5189568
5 5189632
8 5189696
5 5189760
4 5189824
9 5189888
1 5189952
4 5190016
6 5190080
5 5190144
1 5190208
6 5190272
7 5190336
9 5190400
2 5190464
1 5190528
2 5190592
7 5190656
1 5190720
9 5190784
5 5190848
2 5190912
6 5190976
1 5191040
7 5191104
1 5191168
8 5191232
6 5191296
7 5191360
0 5191424
10 5191488
9 5191552
6 5191616
8 5191680
3 5191744
7 5191808
2 5191872
0 5191936
1 5192000
6 5192064
4 5192128
8 5192192
10 5192256
5 5192320
4 5192384
7 5192448
1 5192512
3 5192576
3 5192640
2 5192704
10 5192768
5 5192832
8 5192896
1 5192960
9 5193024
6 5193088
3 5193152
4 5193216
8 5193280
1 5193344
3 5193408
0 5193472
0 5193536
4 5193600
10 5193664
3 5193728
6 5193792
2 5193856
5 5193920
10 5193984
6 5194048
9 5194112
1 5194176
10 5194240
5 5194304
3 5194368
10 5194432
9 5194496
10 5194560
3 5194624
0 5194688
5 5194752
8 5194816
1 5194880
8 5194944
7 5195008
6 5195072
2 5195136
4 5195200
0 5195264
4 5195328
6 5195392
6 5195456
1 5195520
0 5195584
1 5195648
0 5195712
6 5195776
10 5195840
1 5195904
9 5195968
5 5196032
8 5196096
1 5196160
6 5196224
1 5196288
8 5196352
9 5196416
3 5196480
2 5196544
9 5196608
8 5196672
6 5196736
5 5196800
3 5196864
6 5196928
6 5196992
1 5197056
4 5197120
5 5197184
0 5197248
10 5197312
1 5197376
8 5197440
1 5197504
8 5197568
7 5197632
8 5197696
5 5197760
0 5197824
3 5197888
7 5197952
4 5198016
3 5198080
6 5198144
10 5198208
1 5198272
2 5198336
5 5198400
1 5198464
4 5198528
2 5198592
10 5198656
10 5198720
6 5198784
1 5198848
8 5198912
9 5198976
10 5199040
1 5199104
2 5199168
4 5199232
1 5199296
5 5199360
2 5199424
1 5199488
2 5199552
1 5199616
10 5199680
10 5199744
9 5199808
3 5199872
3 5199936
8 5200000
7 5200064
3 5200128
0 5200192
0 5200256
10 5200320
6 5200384
0 5200448
3 5200512
10 5200576
2 5200640
8 5200704
9 5200768
7 5200832
9 5200896
5 5200960
7 5201024
3 5201088
7 5201152
7 5201216
5 5201280
6 5201344
10 5201408
4 5201472
10 5201536
1 5201600
0 5201664
8 5201728
9 5201792
4 5201856
5 5201920
2 5201984
0 5202048
7 5202112
2 5202176
5 5202240
9 5202304
4 5202368
0 5202432
3 5202496
7 5202560
6 5202624
4 5202688
9 5202752
4 5202816
1 5202880
3 5202944
3 5203008
0 5203072
9 5203136
8 5203200
4 5203264
5 5203328
5 5203392
2 5203456
2 5203520
5 5203584
5 5203648
4 5203712
9 5203776
4 5203840
2 5203904
2 5203968
8 5204032
5 5204096
1 5204160
4 5204224
1 5204288
3 5204352
6 5204416
3 5204480
2 5204544
5 5204608
5 5204672
8 5204736
6 5204800
1 5204864
3 5204928
3 5204992
3 5205056
10 5205120
3 5205184
0 5205248
5 5205312
6 5205376
1 5205440
10 5205504
3 5205568
1 5205632
1 5205696
1 5205760
10 5205824
10 5205888
3 5205952
7 5206016
2 5206080
3 5206144
6 5206208
7 5206272
9 5206336
0 5206400
8 5206464
2 5206528
1 5206592
3 5206656
5 5206720
10 5206784
2 5206848
2 5206912
1 5206976
1 5207040
1 5207104
1 5207168
8 5207232
9 5207296
0 5207360
9 5207424
8 5207488
3 5207552
10 5207616
0 5207680
8 5207744
7 5207808
9 5207872
9 5207936
3 5208000
3 5208064
3 5208128
0 5208192
9 5208256
10 5208320
1 5208384
3 5208448
8 5208512
10 5208576
9 5208640
1 5208704
10 5208768
10 5208832
9 5208896
8 5208960
6 5209024
0 5209088
2 5209152
0 5209216
8 5209280
2 5209344
8 5209408
9 5209472
6 5209536
10 5209600
10 5209664
8 5209728
10 5209792
1 5209856
8 5209920
1 5209984
4 5210048
3 5210112
3 5210176
5 5210240
10 5210304
8 5210368
6 5210432
2 5210496
8 5210560
3 5210624
5 5210688
8 5210752
8 5210816
0 5210880
5 5210944
8 5211008
8 5211072
7 5211136
7 5211200
10 5211264
9 5211328
6 5211392
8 5211456
0 5211520
7 5211584
6 5211648
8 5211712
7 5211776
9 5211840
0 5211904
2 5211968
4 5212032
4 5212096
6 5212160
4 5212224
4 5212288
2 5212352
3 5212416
10 5212480
5 5212544
9 5212608
8 5212672
10 5212736
6 5212800
4 5212864
8 5212928
4 5212992
0 5213056
9 5213120
2 5213184
10 5213248
7 5213312
0 5213376
2 5213440
9 5213504
0 5213568
7 5213632
5 5213696
4 5213760
2 5213824
2 5213888
10 5213952
4 5214016
8 5214080
9 5214144
8 5214208
0 5214272
1 5214336
4 5214400
7 5214464
6 5214528
8 5214592
9 5214656
8 5214720
3 5214784
6 5214848
3 5214912
10 5214976
10 5215040
9 5215104
1 5215168
5 5215232
9 5215296
6 5215360
5 5215424
8 5215488
6 5215552
6 5215616
10 5215680
8 5215744
1 5215808
4 5215872
0 5215936
3 5216000
4 5216064
8 5216128
4 5216192
5 5216256
4 5216320
5 5216384
3 5216448
6 5216512
7 5216576
9 5216640
3 5216704
10 5216768
2 5216832
6 5216896
3 5216960
3 5217024
4 5217088
5 5217152
10 5217216
7 5217280
0 5217344
8 5217408
10 5217472
1 5217536
1 5217600
7 5217664
5 5217728
9 5217792
6 5217856
6 5217920
1 5217984
4 5218048
4 5218112
10 5218176
6 5218240
6 5218304
5 5218368
8 5218432
10 5218496
4 5218560
9 5218624
0 5218688
8 5218752
9 5218816
5 5218880
7 5218944
1 5219008
0 5219072
7 5219136
0 5219200
6 5219264
1 5219328
1 5219392
4 5219456
0 5219520
2 5219584
2 5219648
10 5219712
3 5219776
10 5219840
5 5219904
9 5219968
6 5220032
0 5220096
6 5220160
5 5220224
8 5220288
5 5220352
5 5220416
2 5220480
2 5220544
9 5220608
5 5220672
0 5220736
9 5220800
10 5220864
4 5220928
4 5220992
3 5221056
6 5221120
0 5221184
4 5221248
8 5221312
8 5221376
4 5221440
8 5221504
10 5221568
10 5221632
6 5221696
1 5221760
8 5221824
1 5221888
7 5221952
4 5222016
5 5222080
7 5222144
5 5222208
7 5222272
6 5222336
8 5222400
2 5222464
6 5222528
10 5222592
3 5222656
6 5222720
9 5222784
10 5222848
0 5222912
10 5222976
0 5223040
8 5223104
9 5223168
10 5223232
7 5223296
3 5223360
10 5223424
0 5223488
3 5223552
6 5223616
5 5223680
9 5223744
0 5223808
7 5223872
7 5223936
4 5224000
6 5224064
7 5224128
4 5224192
3 5224256
3 5224320
4 5224384
0 5224448
9 5224512
10 5224576
7 5224640
0 5224704
5 5224768
5 5224832
5 5224896
0 5224960
1 5225024
10 5225088
3 5225152
3 5225216
3 5225280
4 5225344
3 5225408
1 5225472
7 5225536
2 5225600
10 5225664
7 5225728
4 5225792
9 5225856
6 5225920
3 5225984
1 5226048
8 5226112
8 5226176
5 5226240
3 5226304
4 5226368
0 5226432
2 5226496
6 5226560
1 5226624
10 5226688
0 5226752
1 5226816
5 5226880
8 5226944
5 5227008
2 5227072
6 5227136
3 5227200
2 5227264
3 5227328
1 5227392
0 5227456
7 5227520
8 5227584
10 5227648
5 5227712
7 5227776
7 5227840
8 5227904
8 5227968
4 5228032
6 5228096
2 5228160
0 5228224
5 5228288
4 5228352
2 5228416
0 5228480
1 5228544
1 5228608
8 5228672
6 5228736
6 5228800
8 5228864
2 5228928
7 5228992
2 5229056
6 5229120
3 5229184
4 5229248
0 5229312
1 5229376
8 5229440
8 5229504
1 5229568
4 5229632
9 5229696
7 5229760
7 5229824
4 5229888
1 5229952
8 5230016
1 5230080
8 5230144
2 5230208
7 5230272
1 5230336
10 5230400
5 5230464
1 5230528
3 5230592
1 5230656
9 5230720
4 5230784
8 5230848
2 5230912
8 5230976
8 5231040
2 5231104
7 5231168
6 5231232
3 5231296
4 5231360
3 5231424
9 5231488
4 5231552
6 5231616
3 5231680
5 5231744
7 5231808
1 5231872
8 5231936
8 5232000
6 5232064
10 5232128
8 5232192
3 5232256
5 5232320
4 5232384
7 5232448
3 5232512
7 5232576
4 5232640
5 5232704
7 5232768
1 5232832
4 5232896
7 5232960
2 5233024
7 5233088
4 5233152
10 5233216
7 5233280
9 5233344
3 5233408
1 5233472
10 5233536
9 5233600
8 5233664
0 5233728
7 5233792
1 5233856
2 5233920
3 5233984
3 5234048
6 5234112
7 5234176
8 5234240
1 5234304
10 5234368
2 5234432
1 5234496
5 5234560
5 5234624
4 5234688
2 5234752
3 5234816
7 5234880
3 5234944
9 5235008
10 5235072
9 5235136
7 5235200
7 5235264
10 5235328
0 5235392
4 5235456
10 5235520
1 5235584
4 5235648
5 5235712
8 5235776
8 5235840
6 5235904
1 5235968
3 5236032
6 5236096
4 5236160
3 5236224
2 5236288
3 5236352
5 5236416
9 5236480
0 5236544
6 5236608
3 5236672
2 5236736
8 5236800
7 5236864
7 5236928
5 5236992
5 5237056
4 5237120
8 5237184
4 5237248
0 5237312
0 5237376
4 5237440
2 5237504
1 5237568
0 5237632
10 5237696
9 5237760
9 5237824
7 5237888
9 5237952
8 5238016
8 5238080
5 5238144
7 5238208
6 5238272
0 5238336
1 5238400
10 5238464
9 5238528
6 5238592
6 5238656
10 5238720
6 5238784
10 5238848
7 5238912
9 5238976
3 5239040
9 5239104
9 5239168
2 5239232
7 5239296
8 5239360
10 5239424
3 5239488
6 5239552
10 5239616
0 5239680
7 5239744
9 5239808
8 5239872
9 5239936
0 5240000
9 5240064
7 5240128
10 5240192
8 5240256
9 5240320
10 5240384
2 5240448
0 5240512
7 5240576
10 5240640
9 5240704
8 5240768
3 5240832
3 5240896
8 5240960
1 5241024
0 5241088
1 5241152
3 5241216
6 5241280
2 5241344
4 5241408
0 5241472
8 5241536
3 5241600
1 5241664
9 5241728
5 5241792
10 5241856
2 5241920
6 5241984
4 5242048
6 5242112
7 5242176
4 5242240
4 5242304
5 5242368
6 5242432
3 5242496
2 5242560
2 5242624
10 5242688
5 5242752
0 5242816
5 5242880
4 5242944
10 5243008
6 5243072
7 5243136
8 5243200
8 5243264
10 5243328
4 5243392
8 5243456
8 5243520
0 5243584
5 5243648
9 5243712
5 5243776
4 5243840
7 5243904
4 5243968
2 5244032
0 5244096
0 5244160
2 5244224
8 5244288
9 5244352
2 5244416
3 5244480
4 5244544
3 5244608
10 5244672
7 5244736
1 5244800
4 5244864
2 5244928
4 5244992
3 5245056
10 5245120
8 5245184
10 5245248
8 5245312
0 5245376
1 5245440
3 5245504
7 5245568
2 5245632
10 5245696
4 5245760
9 5245824
2 5245888
8 5245952
8 5246016
4 5246080
0 5246144
9 5246208
6 5246272
9 5246336
6 5246400
5 5246464
7 5246528
3 5246592
8 5246656
10 5246720
5 5246784
3 5246848
10 5246912
7 5246976
5 5247040
1 5247104
2 5247168
2 5247232
0 5247296
7 5247360
2 5247424
1 5247488
5 5247552
9 5247616
10 5247680
8 5247744
10 5247808
0 5247872
5 5247936
6 5248000
0 5248064
2 5248128
2 5248192
2 5248256
4 5248320
7 5248384
10 5248448
0 5248512
3 5248576
2 5248640
10 5248704
1 5248768
3 5248832
3 5248896
7 5248960
8 5249024
0 5249088
0 5249152
6 5249216
8 5249280
4 5249344
0 5249408
9 5249472
10 5249536
6 5249600
4 5249664
2 5249728
9 5249792
3 5249856
8 5249920
5 5249984
5 5250048
5 5250112
0 5250176
7 5250240
10 5250304
9 5250368
3 5250432
2 5250496
0 5250560
0 5250624
8 5250688
2 5250752
10 5250816
2 5250880
4 5250944
4 5251008
10 5251072
9 5251136
1 5251200
3 5251264
0 5251328
10 5251392
6 5251456
1 5251520
0 5251584
8 5251648
5 5251712
5 5251776
10 5251840
7 5251904
0 5251968
4 5252032
1 5252096
9 5252160
3 5252224
6 5252288
4 5252352
0 5252416
6 5252480
4 5252544
1 5252608
5 5252672
1 5252736
1 5252800
8 5252864
2 5252928
2 5252992
2 5253056
4 5253120
1 5253184
3 5253248
10 5253312
2 5253376
9 5253440
5 5253504
0 5253568
1 5253632
0 5253696
2 5253760
3 5253824
2 5253888
3 5253952
2 5254016
1 5254080
3 5254144
9 5254208
9 5254272
10 5254336
10 5254400
2 5254464
8 5254528
5 5254592
8 5254656
1 5254720
4 5254784
2 5254848
7 5254912
3 5254976
5 5255040
0 5255104
2 5255168
2 5255232
1 5255296
4 5255360
9 5255424
1 5255488
6 5255552
1 5255616
0 5255680
1 5255744
9 5255808
9 5255872
5 5255936
3 5256000
10 5256064
2 5256128
1 5256192
0 5256256
5 5256320
9 5256384
7 5256448
8 5256512
10 5256576
4 5256640
10 5256704
2 5256768
10 5256832
8 5256896
1 5256960
4 5257024
10 5257088
3 5257152
10 5257216
5 5257280
1 5257344
10 5257408
9 5257472
10 5257536
4 5257600
1 5257664
9 5257728
9 5257792
7 5257856
9 5257920
8 5257984
1 5258048
7 5258112
6 5258176
3 5258240
0 5258304
10 5258368
1 5258432
9 5258496
10 5258560
1 5258624
1 5258688
5 5258752
4 5258816
3 5258880
1 5258944
6 5259008
7 5259072
0 5259136
1 5259200
10 5259264
4 5259328
1 5259392
0 5259456
4 5259520
10 5259584
8 5259648
8 5259712
2 5259776
0 5259840
6 5259904
4 5259968
10 5260032
5 5260096
6 5260160
2 5260224
10 5260288
10 5260352
0 5260416
10 5260480
0 5260544
9 5260608
8 5260672
3 5260736
10 5260800
2 5260864
7 5260928
3 5260992
6 5261056
5 5261120
2 5261184
10 5261248
10 5261312
9 5261376
3 5261440
9 5261504
7 5261568
2 5261632
5 5261696
10 5261760
2 5261824
0 5261888
10 5261952
5 5262016
6 5262080
5 5262144
6 5262208
7 5262272
9 5262336
1 5262400
6 5262464
7 5262528
1 5262592
2 5262656
7 5262720
9 5262784
4 5262848
4 5262912
0 5262976
1 5263040
3 5263104
0 5263168
5 5263232
9 5263296
7 5263360
2 5263424
5 5263488
3 5263552
3 5263616
10 5263680
2 5263744
4 5263808
10 5263872
9 5263936
7 5264000
0 5264064
7 5264128
10 5264192
3 5264256
0 5264320
6 5264384
8 5264448
6 5264512
8 5264576
8 5264640
7 5264704
8 5264768
6 5264832
1 5264896
9 5264960
2 5265024
0 5265088
10 5265152
2 5265216
2 5265280
8 5265344
5 5265408
4 5265472
0 5265536
4 5265600
0 5265664
2 5265728
6 5265792
1 5265856
6 5265920
6 5265984
8 5266048
10 5266112
4 5266176
5 5266240
10 5266304
0 5266368
1 5266432
5 5266496
6 5266560
10 5266624
2 5266688
2 5266752
5 5266816
8 5266880
4 5266944
8 5267008
1 5267072
9 5267136
0 5267200
6 5267264
0 5267328
4 5267392
5 5267456
10 5267520
9 5267584
8 5267648
2 5267712
7 5267776
8 5267840
1 5267904
4 5267968
7 5268032
0 5268096
5 5268160
10 5268224
6 5268288
4 5268352
9 5268416
7 5268480
10 5268544
1 5268608
7 5268672
2 5268736
9 5268800
1 5268864
2 5268928
6 5268992
9 5269056
8 5269120
1 5269184
5 5269248
3 5269312
3 5269376
4 5269440
5 5269504
3 5269568
3 5269632
8 5269696
4 5269760
3 5269824
0 5269888
9 5269952
10 5270016
2 5270080
6 5270144
9 5270208
7 5270272
8 5270336
8 5270400
10 5270464
3 5270528
3 5270592
1 5270656
0 5270720
2 5270784
0 5270848
8 5270912
5 5270976
2 5271040
0 5271104
10 5271168
5 5271232
6 5271296
4 5271360
5 5271424
9 5271488
8 5271552
0 5271616
3 5271680
4 5271744
4 5271808
0 5271872
5 5271936
8 5272000
5 5272064
6 5272128
5 5272192
9 5272256
5 5272320
1 5272384
9 5272448
7 5272512
4 5272576
3 5272640
9 5272704
5 5272768
0 5272832
4 5272896
4 5272960
10 5273024
10 5273088
10 5273152
4 5273216
9 5273280
2 5273344
10 5273408
0 5273472
9 5273536
5 5273600
4 5273664
5 5273728
5 5273792
4 5273856
9 5273920
1 5273984
2 5274048
8 5274112
3 5274176
1 5274240
1 5274304
7 5274368
9 5274432
4 5274496
9 5274560
4 5274624
4 5274688
2 5274752
2 5274816
8 5274880
3 5274944
2 5275008
9 5275072
10 5275136
9 5275200
5 5275264
10 5275328
8 5275392
7 5275456
4 5275520
2 5275584
7 5275648
9 5275712
6 5275776
3 5275840
0 5275904
4 5275968
9 5276032
5 5276096
10 5276160
5 5276224
0 5276288
9 5276352
4 5276416
7 5276480
8 5276544
10 5276608
10 5276672
6 5276736
4 5276800
1 5276864
6 5276928
3 5276992
8 5277056
8 5277120
2 5277184
8 5277248
10 5277312
1 5277376
0 5277440
5 5277504
9 5277568
2 5277632
5 5277696
1 5277760
2 5277824
1 5277888
1 5277952
8 5278016
9 5278080
4 5278144
6 5278208
2 5278272
3 5278336
1 5278400
1 5278464
6 5278528
6 5278592
5 5278656
5 5278720
6 5278784
3 5278848
10 5278912
6 5278976
3 5279040
0 5279104
0 5279168
10 5279232
4 5279296
10 5279360
3 5279424
3 5279488
5 5279552
9 5279616
0 5279680
1 5279744
5 5279808
6 5279872
4 5279936
0 5280000
7 5280064
10 5280128
10 5280192
5 5280256
5 5280320
6 5280384
9 5280448
4 5280512
1 5280576
4 5280640
6 5280704
7 5280768
3 5280832
5 5280896
9 5280960
2 5281024
8 5281088
3 5281152
10 5281216
9 5281280
6 5281344
2 5281408
5 5281472
7 5281536
7 5281600
4 5281664
1 5281728
10 5281792
6 5281856
1 5281920
6 5281984
5 5282048
6 5282112
10 5282176
6 5282240
5 5282304
7 5282368
6 5282432
4 5282496
0 5282560
6 5282624
3 5282688
3 5282752
6 5282816
5 5282880
5 5282944
8 5283008
6 5283072
1 5283136
7 5283200
1 5283264
1 5283328
0 5283392
6 5283456
9 5283520
6 5283584
7 5283648
9 5283712
6 5283776
9 5283840
3 5283904
9 5283968
2 5284032
4 5284096
9 5284160
10 5284224
6 5284288
2 5284352
3 5284416
4 5284480
4 5284544
3 5284608
6 5284672
9 5284736
2 5284800
8 5284864
5 5284928
1 5284992
5 5285056
6 5285120
2 5285184
8 5285248
3 5285312
7 5285376
9 5285440
4 5285504
7 5285568
7 5285632
10 5285696
4 5285760
1 5285824
7 5285888
3 5285952
3 5286016
3 5286080
6 5286144
0 5286208
1 5286272
0 5286336
7 5286400
8 5286464
6 5286528
7 5286592
6 5286656
10 5286720
0 5286784
5 5286848
3 5286912
4 5286976
5 5287040
0 5287104
3 5287168
5 5287232
8 5287296
1 5287360
6 5287424
10 5287488
10 5287552
10 5287616
5 5287680
4 5287744
9 5287808
8 5287872
10 5287936
10 5288000
0 5288064
10 5288128
10 5288192
6 5288256
1 5288320
8 5288384
4 5288448
6 5288512
4 5288576
8 5288640
7 5288704
6 5288768
0 5288832
8 5288896
10 5288960
5 5289024
7 5289088
6 5289152
4 5289216
6 5289280
0 5289344
3 5289408
6 5289472
3 5289536
10 5289600
2 5289664
4 5289728
2 5289792
8 5289856
6 5289920
6 5289984
2 5290048
2 5290112
7 5290176
1 5290240
9 5290304
10 5290368
2 5290432
1 5290496
7 5290560
3 5290624
6 5290688
6 5290752
5 5290816
6 5290880
6 5290944
7 5291008
3 5291072
9 5291136
0 5291200
6 5291264
10 5291328
0 5291392
7 5291456
2 5291520
7 5291584
10 5291648
7 5291712
2 5291776
10 5291840
3 5291904
6 5291968
5 5292032
7 5292096
6 5292160
1 5292224
4 5292288
7 5292352
6 5292416
6 5292480
5 5292544
7 5292608
10 5292672
1 5292736
6 5292800
4 5292864
0 5292928
2 5292992
2 5293056
6 5293120
1 5293184
10 5293248
2 5293312
3 5293376
4 5293440
9 5293504
4 5293568
5 5293632
7 5293696
2 5293760
4 5293824
4 5293888
9 5293952
1 5294016
7 5294080
6 5294144
4 5294208
8 5294272
2 5294336
6 5294400
1 5294464
4 5294528
8 5294592
10 5294656
1 5294720
0 5294784
9 5294848
9 5294912
5 5294976
10 5295040
7 5295104
8 5295168
1 5295232
8 5295296
3 5295360
3 5295424
8 5295488
10 5295552
0 5295616
7 5295680
0 5295744
3 5295808
10 5295872
3 5295936
1 5296000
5 5296064
6 5296128
6 5296192
7 5296256
0 5296320
5 5296384
3 5296448
3 5296512
10 5296576
10 5296640
0 5296704
8 5296768
5 5296832
1 5296896
9 5296960
8 5297024
3 5297088
8 5297152
10 5297216
6 5297280
0 5297344
6 5297408
9 5297472
6 5297536
2 5297600
4 5297664
9 5297728
8 5297792
9 5297856
5 5297920
6 5297984
9 5298048
1 5298112
1 5298176
0 5298240
3 5298304
0 5298368
8 5298432
9 5298496
7 5298560
5 5298624
8 5298688
6 5298752
3 5298816
8 5298880
10 5298944
0 5299008
4 5299072
0 5299136
4 5299200
4 5299264
1 5299328
6 5299392
1 5299456
6 5299520
6 5299584
10 5299648
10 5299712
10 5299776
1 5299840
3 5299904
0 5299968
6 5300032
3 5300096
5 5300160
4 5300224
8 5300288
5 5300352
3 5300416
9 5300480
6 5300544
1 5300608
10 5300672
0 5300736
4 5300800
8 5300864
0 5300928
8 5300992
8 5301056
0 5301120
5 5301184
10 5301248
7 5301312
4 5301376
10 5301440
9 5301504
8 5301568
7 5301632
5 5301696
8 5301760
4 5301824
0 5301888
2 5301952
4 5302016
9 5302080
3 5302144
8 5302208
7 5302272
1 5302336
3 5302400
8 5302464
9 5302528
9 5302592
2 5302656
7 5302720
9 5302784
3 5302848
5 5302912
10 5302976
4 5303040
4 5303104
10 5303168
4 5303232
5 5303296
8 5303360
9 5303424
0 5303488
5 5303552
7 5303616
3 5303680
10 5303744
0 5303808
1 5303872
9 5303936
9 5304000
5 5304064
2 5304128
6 5304192
1 5304256
4 5304320
5 5304384
10 5304448
7 5304512
10 5304576
8 5304640
2 5304704
4 5304768
5 5304832
10 5304896
6 5304960
6 5305024
3 5305088
6 5305152
3 5305216
0 5305280
5 5305344
1 5305408
2 5305472
8 5305536
1 5305600
6 5305664
3 5305728
7 5305792
9 5305856
9 5305920
6 5305984
3 5306048
1 5306112
7 5306176
3 5306240
3 5306304
3 5306368
8 5306432
5 5306496
6 5306560
8 5306624
10 5306688
3 5306752
6 5306816
9 5306880
10 5306944
5 5307008
7 5307072
0 5307136
10 5307200
0 5307264
1 5307328
5 5307392
10 5307456
0 5307520
3 5307584
4 5307648
3 5307712
1 5307776
6 5307840
2 5307904
9 5307968
2 5308032
3 5308096
5 5308160
6 5308224
2 5308288
1 5308352
3 5308416
4 5308480
3 5308544
3 5308608
5 5308672
7 5308736
1 5308800
2 5308864
0 5308928
5 5308992
7 5309056
4 5309120
9 5309184
2 5309248
1 5309312
3 5309376
10 5309440
8 5309504
6 5309568
0 5309632
6 5309696
8 5309760
2 5309824
8 5309888
9 5309952
7 5310016
2 5310080
10 5310144
10 5310208
8 5310272
7 5310336
0 5310400
2 5310464
4 5310528
5 5310592
6 5310656
4 5310720
5 5310784
3 5310848
1 5310912
10 5310976
0 5311040
7 5311104
6 5311168
10 5311232
9 5311296
0 5311360
7 5311424
0 5311488
0 5311552
10 5311616
9 5311680
6 5311744
0 5311808
8 5311872
9 5311936
6 5312000
7 5312064
4 5312128
4 5312192
3 5312256
10 5312320
5 5312384
9 5312448
3 5312512
4 5312576
5 5312640
10 5312704
7 5312768
1 5312832
6 5312896
10 5312960
1 5313024
5 5313088
10 5313152
10 5313216
6 5313280
3 5313344
3 5313408
6 5313472
0 5313536
6 5313600
10 5313664
1 5313728
0 5313792
10 5313856
1 5313920
3 5313984
10 5314048
2 5314112
3 5314176
1 5314240
2 5314304
3 5314368
0 5314432
3 5314496
6 5314560
7 5314624
2 5314688
6 5314752
8 5314816
4 5314880
7 5314944
3 5315008
0 5315072
8 5315136
1 5315200
6 5315264
9 5315328
0 5315392
3 5315456
5 5315520
0 5315584
3 5315648
4 5315712
2 5315776
0 5315840
6 5315904
2 5315968
8 5316032
9 5316096
5 5316160
8 5316224
0 5316288
4 5316352
2 5316416
4 5316480
8 5316544
5 5316608
1 5316672
10 5316736
1 5316800
10 5316864
6 5316928
8 5316992
8 5317056
3 5317120
9 5317184
2 5317248
1 5317312
1 5317376
4 5317440
3 5317504
10 5317568
6 5317632
7 5317696
8 5317760
5 5317824
8 5317888
7 5317952
3 5318016
3 5318080
10 5318144
4 5318208
6 5318272
6 5318336
7 5318400
6 5318464
6 5318528
8 5318592
2 5318656
9 5318720
3 5318784
0 5318848
0 5318912
7 5318976
3 5319040
7 5319104
0 5319168
3 5319232
8 5319296
7 5319360
7 5319424
4 5319488
6 5319552
4 5319616
3 5319680
8 5319744
10 5319808
5 5319872
0 5319936
8 5320000
8 5320064
2 5320128
5 5320192
10 5320256
7 5320320
0 5320384
4 5320448
4 5320512
5 5320576
5 5320640
4 5320704
2 5320768
8 5320832
3 5320896
5 5320960
10 5321024
8 5321088
8 5321152
7 5321216
10 5321280
4 5321344
2 5321408
1 5321472
0 5321536
9 5321600
4 5321664
3 5321728
8 5321792
0 5321856
5 5321920
4 5321984
10 5322048
7 5322112
9 5322176
10 5322240
4 5322304
8 5322368
9 5322432
8 5322496
3 5322560
0 5322624
1 5322688
8 5322752
6 5322816
0 5322880
8 5322944
0 5323008
7 5323072
5 5323136
3 5323200
9 5323264
3 5323328
10 5323392
9 5323456
8 5323520
5 5323584
6 5323648
7 5323712
6 5323776
0 5323840
0 5323904
4 5323968
2 5324032
7 5324096
0 5324160
9 5324224
8 5324288
3 5324352
9 5324416
6 5324480
5 5324544
4 5324608
8 5324672
10 5324736
9 5324800
4 5324864
10 5324928
3 5324992
10 5325056
3 5325120
8 5325184
10 5325248
0 5325312
5 5325376
3 5325440
6 5325504
3 5325568
4 5325632
7 5325696
10 5325760
1 5325824
6 5325888
7 5325952
8 5326016
0 5326080
4 5326144
7 5326208
10 5326272
10 5326336
8 5326400
0 5326464
5 5326528
10 5326592
10 5326656
4 5326720
4 5326784
5 5326848
2 5326912
9 5326976
2 5327040
5 5327104
8 5327168
2 5327232
4 5327296
9 5327360
1 5327424
4 5327488
8 5327552
0 5327616
8 5327680
7 5327744
4 5327808
5 5327872
9 5327936
2 5328000
1 5328064
10 5328128
8 5328192
9 5328256
3 5328320
1 5328384
0 5328448
5 5328512
8 5328576
7 5328640
6 5328704
8 5328768
6 5328832
9 5328896
4 5328960
6 5329024
1 5329088
8 5329152
4 5329216
1 5329280
6 5329344
5 5329408
7 5329472
1 5329536
4 5329600
1 5329664
10 5329728
7 5329792
8 5329856
10 5329920
7 5329984
4 5330048
10 5330112
1 5330176
0 5330240
5 5330304
6 5330368
6 5330432
3 5330496
2 5330560
6 5330624
2 5330688
4 5330752
6 5330816
3 5330880
0 5330944
2 5331008
5 5331072
10 5331136
10 5331200
7 5331264
8 5331328
6 5331392
5 5331456
3 5331520
5 5331584
7 5331648
8 5331712
6 5331776
6 5331840
6 5331904
7 5331968
3 5332032
6 5332096
0 5332160
3 5332224
2 5332288
1 5332352
1 5332416
10 5332480
10 5332544
2 5332608
4 5332672
5 5332736
8 5332800
6 5332864
1 5332928
5 5332992
4 5333056
7 5333120
9 5333184
9 5333248
8 5333312
4 5333376
4 5333440
1 5333504
8 5333568
10 5333632
5 5333696
1 5333760
9 5333824
9 5333888
6 5333952
8 5334016
3 5334080
2 5334144
7 5334208
6 5334272
2 5334336
8 5334400
9 5334464
10 5334528
0 5334592
8 5334656
2 5334720
3 5334784
7 5334848
1 5334912
0 5334976
5 5335040
9 5335104
6 5335168
0 5335232
2 5335296
3 5335360
3 5335424
9 5335488
8 5335552
0 5335616
4 5335680
7 5335744
3 5335808
2 5335872
7 5335936
2 5336000
2 5336064
4 5336128
3 5336192
7 5336256
5 5336320
8 5336384
1 5336448
1 5336512
6 5336576
2 5336640
5 5336704
9 5336768
6 5336832
9 5336896
7 5336960
1 5337024
8 5337088
5 5337152
1 5337216
1 5337280
4 5337344
10 5337408
7 5337472
7 5337536
7 5337600
1 5337664
6 5337728
3 5337792
1 5337856
5 5337920
9 5337984
3 5338048
8 5338112
0 5338176
9 5338240
6 5338304
2 5338368
10 5338432
7 5338496
8 5338560
6 5338624
1 5338688
1 5338752
8 5338816
9 5338880
1 5338944
9 5339008
2 5339072
8 5339136
3 5339200
10 5339264
4 5339328
10 5339392
4 5339456
0 5339520
2 5339584
6 5339648
10 5339712
0 5339776
10 5339840
8 5339904
3 5339968
5 5340032
10 5340096
8 5340160
8 5340224
9 5340288
7 5340352
4 5340416
10 5340480
10 5340544
3 5340608
5 5340672
10 5340736
4 5340800
0 5340864
8 5340928
5 5340992
8 5341056
4 5341120
2 5341184
0 5341248
4 5341312
9 5341376
5 5341440
10 5341504
4 5341568
9 5341632
2 5341696
8 5341760
7 5341824
6 5341888
7 5341952
10 5342016
5 5342080
6 5342144
7 5342208
5 5342272
3 5342336
8 5342400
6 5342464
6 5342528
8 5342592
8 5342656
1 5342720
4 5342784
5 5342848
10 5342912
3 5342976
9 5343040
2 5343104
10 5343168
4 5343232
1 5343296
3 5343360
3 5343424
7 5343488
3 5343552
3 5343616
2 5343680
6 5343744
10 5343808
4 5343872
0 5343936
8 5344000
1 5344064
9 5344128
10 5344192
4 5344256
4 5344320
4 5344384
8 5344448
9 5344512
0 5344576
2 5344640
0 5344704
8 5344768
4 5344832
2 5344896
7 5344960
3 5345024
5 5345088
9 5345152
9 5345216
1 5345280
9 5345344
2 5345408
1 5345472
5 5345536
7 5345600
10 5345664
8 5345728
6 5345792
4 5345856
4 5345920
8 5345984
2 5346048
9 5346112
6 5346176
1 5346240
2 5346304
0 5346368
5 5346432
2 5346496
10 5346560
8 5346624
7 5346688
0 5346752
0 5346816
1 5346880
9 5346944
0 5347008
6 5347072
2 5347136
4 5347200
6 5347264
5 5347328
2 5347392
1 5347456
10 5347520
10 5347584
2 5347648
2 5347712
5 5347776
6 5347840
2 5347904
4 5347968
4 5348032
3 5348096
7 5348160
6 5348224
2 5348288
9 5348352
2 5348416
0 5348480
6 5348544
6 5348608
5 5348672
4 5348736
5 5348800
6 5348864
10 5348928
10 5348992
6 5349056
7 5349120
0 5349184
3 5349248
7 5349312
0 5349376
7 5349440
0 5349504
1 5349568
0 5349632
9 5349696
5 5349760
5 5349824
7 5349888
5 5349952
3 5350016
8 5350080
8 5350144
2 5350208
5 5350272
7 5350336
8 5350400
4 5350464
3 5350528
7 5350592
1 5350656
1 5350720
7 5350784
10 5350848
1 5350912
10 5350976
8 5351040
5 5351104
10 5351168
6 5351232
9 5351296
1 5351360
1 5351424
7 5351488
8 5351552
1 5351616
8 5351680
8 5351744
7 5351808
5 5351872
8 5351936
1 5352000
5 5352064
8 5352128
9 5352192
1 5352256
8 5352320
10 5352384
6 5352448
2 5352512
3 5352576
9 5352640
3 5352704
7 5352768
8 5352832
4 5352896
0 5352960
8 5353024
10 5353088
7 5353152
1 5353216
9 5353280
5 5353344
7 5353408
1 5353472
5 5353536
6 5353600
2 5353664
1 5353728
0 5353792
0 5353856
0 5353920
4 5353984
7 5354048
1 5354112
9 5354176
4 5354240
0 5354304
6 5354368
10 5354432
5 5354496
6 5354560
8 5354624
5 5354688
9 5354752
0 5354816
0 5354880
3 5354944
7 5355008
0 5355072
8 5355136
6 5355200
1 5355264
4 5355328
6 5355392
3 5355456
9 5355520
1 5355584
0 5355648
2 5355712
7 5355776
10 5355840
4 5355904
2 5355968
3 5356032
7 5356096
8 5356160
3 5356224
7 5356288
10 5356352
6 5356416
2 5356480
3 5356544
1 5356608
4 5356672
7 5356736
0 5356800
1 5356864
2 5356928
6 5356992
10 5357056
0 5357120
5 5357184
6 5357248
2 5357312
9 5357376
2 5357440
6 5357504
6 5357568
9 5357632
2 5357696
3 5357760
6 5357824
2 5357888
0 5357952
1 5358016
3 5358080
4 5358144
2 5358208
1 5358272
4 5358336
8 5358400
7 5358464
6 5358528
3 5358592
0 5358656
2 5358720
9 5358784
8 5358848
6 5358912
2 5358976
8 5359040
1 5359104
1 5359168
8 5359232
0 5359296
3 5359360
1 5359424
9 5359488
6 5359552
8 5359616
8 5359680
5 5359744
3 5359808
5 5359872
9 5359936
1 5360000
3 5360064
5 5360128
8 5360192
2 5360256
10 5360320
6 5360384
3 5360448
7 5360512
4 5360576
7 5360640
8 5360704
8 5360768
8 5360832
2 5360896
4 5360960
5 5361024
10 5361088
9 5361152
1 5361216
9 5361280
8 5361344
7 5361408
8 5361472
1 5361536
3 5361600
3 5361664
9 5361728
1 5361792
7 5361856
2 5361920
3 5361984
2 5362048
8 5362112
8 5362176
2 5362240
10 5362304
3 5362368
9 5362432
2 5362496
7 5362560
5 5362624
4 5362688
1 5362752
3 5362816
8 5362880
7 5362944
0 5363008
5 5363072
5 5363136
4 5363200
4 5363264
0 5363328
5 5363392
4 5363456
7 5363520
5 5363584
5 5363648
3 5363712
2 5363776
4 5363840
1 5363904
3 5363968
6 5364032
9 5364096
0 5364160
7 5364224
0 5364288
2 5364352
10 5364416
4 5364480
9 5364544
9 5364608
1 5364672
4 5364736
10 5364800
1 5364864
0 5364928
7 5364992
1 5365056
7 5365120
8 5365184
7 5365248
8 5365312
9 5365376
6 5365440
7 5365504
5 5365568
3 5365632
6 5365696
0 5365760
0 5365824
4 5365888
5 5365952
4 5366016
5 5366080
7 5366144
9 5366208
4 5366272
2 5366336
7 5366400
5 5366464
3 5366528
7 5366592
3 5366656
7 5366720
3 5366784
2 5366848
6 5366912
9 5366976
5 5367040
3 5367104
7 5367168
2 5367232
4 5367296
4 5367360
4 5367424
9 5367488
7 5367552
1 5367616
2 5367680
2 5367744
6 5367808
9 5367872
5 5367936
1 5368000
4 5368064
10 5368128
10 5368192
3 5368256
6 5368320
9 5368384
2 5368448
0 5368512
0 5368576
9 5368640
1 5368704
2 5368768
5 5368832
8 5368896
5 5368960
3 5369024
4 5369088
0 5369152
2 5369216
9 5369280
7 5369344
0 5369408
8 5369472
9 5369536
5 5369600
3 5369664
8 5369728
9 5369792
7 5369856
0 5369920
6 5369984
10 5370048
4 5370112
0 5370176
1 5370240
3 5370304
7 5370368
4 5370432
8 5370496
9 5370560
6 5370624
7 5370688
8 5370752
2 5370816
6 5370880
3 5370944
7 5371008
6 5371072
9 5371136
2 5371200
4 5371264
6 5371328
1 5371392
0 5371456
5 5371520
9 5371584
10 5371648
9 5371712
10 5371776
3 5371840
1 5371904
8 5371968
0 5372032
4 5372096
10 5372160
4 5372224
7 5372288
9 5372352
4 5372416
0 5372480
5 5372544
0 5372608
5 5372672
1 5372736
5 5372800
9 5372864
4 5372928
9 5372992
0 5373056
6 5373120
0 5373184
3 5373248
5 5373312
6 5373376
10 5373440
2 5373504
7 5373568
0 5373632
6 5373696
1 5373760
0 5373824
10 5373888
5 5373952
0 5374016
0 5374080
9 5374144
1 5374208
7 5374272
1 5374336
9 5374400
10 5374464
5 5374528
3 5374592
7 5374656
2 5374720
8 5374784
1 5374848
7 5374912
7 5374976
4 5375040
0 5375104
8 5375168
9 5375232
8 5375296
8 5375360
4 5375424
7 5375488
9 5375552
7 5375616
5 5375680
10 5375744
3 5375808
1 5375872
10 5375936
1 5376000
5 5376064
4 5376128
5 5376192
1 5376256
6 5376320
4 5376384
3 5376448
3 5376512
10 5376576
9 5376640
8 5376704
2 5376768
8 5376832
8 5376896
3 5376960
6 5377024
7 5377088
0 5377152
0 5377216
9 5377280
7 5377344
4 5377408
1 5377472
8 5377536
8 5377600
6 5377664
8 5377728
2 5377792
8 5377856
10 5377920
7 5377984
5 5378048
7 5378112
1 5378176
9 5378240
10 5378304
8 5378368
8 5378432
7 5378496
2 5378560
10 5378624
10 5378688
3 5378752
0 5378816
10 5378880
7 5378944
5 5379008
5 5379072
7 5379136
8 5379200
6 5379264
10 5379328
1 5379392
6 5379456
5 5379520
8 5379584
4 5379648
1 5379712
3 5379776
0 5379840
0 5379904
9 5379968
3 5380032
2 5380096
2 5380160
0 5380224
6 5380288
4 5380352
6 5380416
2 5380480
0 5380544
6 5380608
10 5380672
6 5380736
7 5380800
2 5380864
9 5380928
8 5380992
3 5381056
6 5381120
1 5381184
9 5381248
10 5381312
4 5381376
1 5381440
0 5381504
2 5381568
8 5381632
10 5381696
2 5381760
9 5381824
6 5381888
3 5381952
8 5382016
10 5382080
0 5382144
2 5382208
6 5382272
4 5382336
9 5382400
10 5382464
2 5382528
8 5382592
0 5382656
3 5382720
1 5382784
5 5382848
1 5382912
10 5382976
2 5383040
2 5383104
6 5383168
5 5383232
10 5383296
8 5383360
1 5383424
7 5383488
7 5383552
2 5383616
9 5383680
10 5383744
10 5383808
2 5383872
5 5383936
7 5384000
8 5384064
3 5384128
6 5384192
3 5384256
6 5384320
8 5384384
1 5384448
2 5384512
3 5384576
0 5384640
5 5384704
3 5384768
2 5384832
5 5384896
2 5384960
6 5385024
0 5385088
0 5385152
1 5385216
10 5385280
1 5385344
8 5385408
10 5385472
1 5385536
2 5385600
3 5385664
0 5385728
7 5385792
3 5385856
8 5385920
8 5385984
8 5386048
10 5386112
0 5386176
1 5386240
10 5386304
2 5386368
2 5386432
1 5386496
2 5386560
4 5386624
10 5386688
3 5386752
10 5386816
6 5386880
5 5386944
2 5387008
1 5387072
0 5387136
1 5387200
0 5387264
7 5387328
10 5387392
4 5387456
5 5387520
2 5387584
0 5387648
5 5387712
0 5387776
0 5387840
9 5387904
9 5387968
1 5388032
1 5388096
9 5388160
10 5388224
7 5388288
1 5388352
5 5388416
8 5388480
0 5388544
8 5388608
5 5388672
10 5388736
1 5388800
1 5388864
1 5388928
5 5388992
0 5389056
10 5389120
4 5389184
1 5389248
2 5389312
2 5389376
5 5389440
0 5389504
1 5389568
1 5389632
2 5389696
8 5389760
7 5389824
5 5389888
0 5389952
8 5390016
2 5390080
6 5390144
7 5390208
0 5390272
3 5390336
9 5390400
0 5390464
9 5390528
7 5390592
3 5390656
8 5390720
0 5390784
7 5390848
9 5390912
9 5390976
1 5391040
4 5391104
9 5391168
3 5391232
7 5391296
1 5391360
9 5391424
1 5391488
0 5391552
4 5391616
5 5391680
1 5391744
4 5391808
1 5391872
4 5391936
6 5392000
8 5392064
8 5392128
1 5392192
7 5392256
5 5392320
6 5392384
1 5392448
0 5392512
9 5392576
5 5392640
8 5392704
3 5392768
4 5392832
8 5392896
3 5392960
5 5393024
9 5393088
1 5393152
2 5393216
7 5393280
5 5393344
3 5393408
6 5393472
2 5393536
4 5393600
7 5393664
9 5393728
9 5393792
0 5393856
5 5393920
2 5393984
3 5394048
10 5394112
3 5394176
10 5394240
4 5394304
7 5394368
5 5394432
0 5394496
9 5394560
1 5394624
7 5394688
8 5394752
3 5394816
5 5394880
6 5394944
3 5395008
10 5395072
6 5395136
4 5395200
0 5395264
10 5395328
10 5395392
10 5395456
5 5395520
8 5395584
5 5395648
8 5395712
8 5395776
1 5395840
1 5395904
8 5395968
5 5396032
5 5396096
7 5396160
7 5396224
1 5396288
7 5396352
0 5396416
7 5396480
7 5396544
5 5396608
7 5396672
6 5396736
6 5396800
2 5396864
7 5396928
1 5396992
0 5397056
6 5397120
1 5397184
0 5397248
4 5397312
2 5397376
0 5397440
3 5397504
0 5397568
7 5397632
3 5397696
5 5397760
3 5397824
8 5397888
6 5397952
8 5398016
2 5398080
8 5398144
1 5398208
5 5398272
9 5398336
7 5398400
8 5398464
0 5398528
0 5398592
7 5398656
10 5398720
8 5398784
6 5398848
1 5398912
6 5398976
9 5399040
0 5399104
0 5399168
8 5399232
5 5399296
3 5399360
4 5399424
7 5399488
5 5399552
5 5399616
0 5399680
7 5399744
4 5399808
8 5399872
1 5399936
4 5400000
4 5400064
4 5400128
3 5400192
9 5400256
4 5400320
4 5400384
6 5400448
9 5400512
2 5400576
6 5400640
6 5400704
2 5400768
6 5400832
3 5400896
9 5400960
5 5401024
1 5401088
9 5401152
8 5401216
1 5401280
3 5401344
8 5401408
3 5401472
3 5401536
4 5401600
9 5401664
10 5401728
4 5401792
1 5401856
5 5401920
5 5401984
2 5402048
9 5402112
9 5402176
2 5402240
7 5402304
7 5402368
7 5402432
10 5402496
7 5402560
1 5402624
3 5402688
5 5402752
8 5402816
9 5402880
9 5402944
10 5403008
6 5403072
1 5403136
6 5403200
0 5403264
0 5403328
1 5403392
3 5403456
1 5403520
1 5403584
3 5403648
10 5403712
10 5403776
7 5403840
8 5403904
7 5403968
1 5404032
8 5404096
7 5404160
10 5404224
9 5404288
7 5404352
10 5404416
8 5404480
10 5404544
9 5404608
2 5404672
9 5404736
3 5404800
0 5404864
9 5404928
0 5404992
7 5405056
7 5405120
2 5405184
5 5405248
8 5405312
4 5405376
0 5405440
0 5405504
9 5405568
10 5405632
0 5405696
6 5405760
2 5405824
10 5405888
5 5405952
0 5406016
9 5406080
4 5406144
6 5406208
6 5406272
10 5406336
6 5406400
0 5406464
5 5406528
0 5406592
6 5406656
8 5406720
9 5406784
0 5406848
2 5406912
5 5406976
5 5407040
2 5407104
8 5407168
8 5407232
9 5407296
7 5407360
3 5407424
7 5407488
10 5407552
8 5407616
4 5407680
0 5407744
7 5407808
10 5407872
0 5407936
4 5408000
1 5408064
9 5408128
0 5408192
2 5408256
4 5408320
1 5408384
6 5408448
10 5408512
1 5408576
7 5408640
7 5408704
2 5408768
3 5408832
7 5408896
9 5408960
10 5409024
7 5409088
3 5409152
0 5409216
9 5409280
0 5409344
5 5409408
3 5409472
3 5409536
0 5409600
1 5409664
10 5409728
9 5409792
2 5409856
5 5409920
1 5409984
8 5410048
6 5410112
4 5410176
7 5410240
0 5410304
4 5410368
8 5410432
5 5410496
5 5410560
0 5410624
2 5410688
3 5410752
1 5410816
3 5410880
7 5410944
4 5411008
4 5411072
7 5411136
1 5411200
5 5411264
6 5411328
5 5411392
0 5411456
3 5411520
7 5411584
1 5411648
5 5411712
0 5411776
0 5411840
7 5411904
4 5411968
8 5412032
8 5412096
3 5412160
8 5412224
2 5412288
6 5412352
8 5412416
2 5412480
0 5412544
1 5412608
2 5412672
0 5412736
2 5412800
1 5412864
5 5412928
2 5412992
6 5413056
2 5413120
0 5413184
7 5413248
10 5413312
10 5413376
6 5413440
10 5413504
7 5413568
9 5413632
5 5413696
7 5413760
5 5413824
10 5413888
7 5413952
1 5414016
8 5414080
6 5414144
9 5414208
7 5414272
2 5414336
5 5414400
0 5414464
0 5414528
6 5414592
9 5414656
7 5414720
3 5414784
6 5414848
5 5414912
8 5414976
7 5415040
10 5415104
9 5415168
4 5415232
9 5415296
2 5415360
10 5415424
3 5415488
1 5415552
10 5415616
5 5415680
1 5415744
1 5415808
0 5415872
10 5415936
8 5416000
1 5416064
7 5416128
8 5416192
3 5416256
1 5416320
3 5416384
5 5416448
7 5416512
1 5416576
9 5416640
0 5416704
9 5416768
3 5416832
6 5416896
6 5416960
1 5417024
7 5417088
6 5417152
5 5417216
8 5417280
8 5417344
1 5417408
8 5417472
8 5417536
3 5417600
7 5417664
6 5417728
0 5417792
6 5417856
1 5417920
10 5417984
7 5418048
1 5418112
2 5418176
5 5418240
5 5418304
0 5418368
7 5418432
5 5418496
8 5418560
4 5418624
9 5418688
3 5418752
9 5418816
1 5418880
10 5418944
7 5419008
8 5419072
2 5419136
6 5419200
4 5419264
0 5419328
8 5419392
3 5419456
4 5419520
10 5419584
4 5419648
4 5419712
3 5419776
4 5419840
0 5419904
2 5419968
8 5420032
8 5420096
5 5420160
5 5420224
9 5420288
9 5420352
1 5420416
0 5420480
8 5420544
7 5420608
7 5420672
1 5420736
7 5420800
5 5420864
6 5420928
6 5420992
10 5421056
3 5421120
5 5421184
7 5421248
9 5421312
0 5421376
3 5421440
8 5421504
1 5421568
8 5421632
6 5421696
8 5421760
3 5421824
2 5421888
0 5421952
0 5422016
7 5422080
3 5422144
8 5422208
10 5422272
6 5422336
5 5422400
4 5422464
3 5422528
7 5422592
0 5422656
1 5422720
1 5422784
2 5422848
6 5422912
9 5422976
9 5423040
2 5423104
8 5423168
9 5423232
7 5423296
10 5423360
2 5423424
2 5423488
4 5423552
9 5423616
7 5423680
6 5423744
1 5423808
9 5423872
10 5423936
3 5424000
4 5424064
8 5424128
7 5424192
7 5424256
10 5424320
10 5424384
6 5424448
0 5424512
1 5424576
3 5424640
1 5424704
0 5424768
9 5424832
8 5424896
6 5424960
2 5425024
4 5425088
5 5425152
3 5425216
1 5425280
1 5425344
5 5425408
7 5425472
1 5425536
8 5425600
2 5425664
6 5425728
5 5425792
2 5425856
2 5425920
7 5425984
1 5426048
0 5426112
6 5426176
8 5426240
4 5426304
6 5426368
6 5426432
6 5426496
5 5426560
6 5426624
5 5426688
8 5426752
4 5426816
0 5426880
4 5426944
2 5427008
10 5427072
9 5427136
1 5427200
10 5427264
0 5427328
3 5427392
7 5427456
4 5427520
9 5427584
7 5427648
3 5427712
6 5427776
4 5427840
5 5427904
6 5427968
7 5428032
1 5428096
2 5428160
1 5428224
2 5428288
4 5428352
9 5428416
8 5428480
7 5428544
6 5428608
10 5428672
4 5428736
1 5428800
5 5428864
5 5428928
7 5428992
10 5429056
2 5429120
1 5429184
10 5429248
3 5429312
1 5429376
9 5429440
1 5429504
3 5429568
9 5429632
6 5429696
8 5429760
3 5429824
9 5429888
0 5429952
2 5430016
8 5430080
2 5430144
9 5430208
7 5430272
6 5430336
7 5430400
2 5430464
2 5430528
0 5430592
7 5430656
1 5430720
10 5430784
1 5430848
3 5430912
5 5430976
0 5431040
10 5431104
3 5431168
3 5431232
6 5431296
6 5431360
8 5431424
9 5431488
4 5431552
9 5431616
4 5431680
9 5431744
2 5431808
7 5431872
8 5431936
3 5432000
6 5432064
7 5432128
7 5432192
4 5432256
4 5432320
7 5432384
3 5432448
2 5432512
4 5432576
5 5432640
7 5432704
1 5432768
9 5432832
5 5432896
5 5432960
4 5433024
9 5433088
6 5433152
8 5433216
4 5433280
7 5433344
2 5433408
7 5433472
10 5433536
6 5433600
0 5433664
4 5433728
1 5433792
2 5433856
8 5433920
1 5433984
7 5434048
7 5434112
1 5434176
7 5434240
1 5434304
6 5434368
9 5434432
9 5434496
4 5434560
4 5434624
4 5434688
2 5434752
10 5434816
8 5434880
3 5434944
9 5435008
6 5435072
3 5435136
2 5435200
4 5435264
7 5435328
0 5435392
0 5435456
4 5435520
2 5435584
9 5435648
10 5435712
10 5435776
5 5435840
5 5435904
4 5435968
7 5436032
1 5436096
2 5436160
0 5436224
0 5436288
7 5436352
3 5436416
1 5436480
6 5436544
8 5436608
0 5436672
8 5436736
0 5436800
6 5436864
8 5436928
2 5436992
4 5437056
2 5437120
3 5437184
9 5437248
10 5437312
9 5437376
7 5437440
10 5437504
7 5437568
6 5437632
7 5437696
5 5437760
3 5437824
2 5437888
9 5437952
9 5438016
9 5438080
8 5438144
3 5438208
9 5438272
1 5438336
8 5438400
7 5438464
5 5438528
9 5438592
9 5438656
0 5438720
5 5438784
8 5438848
8 5438912
4 5438976
1 5439040
9 5439104
10 5439168
4 5439232
8 5439296
2 5439360
4 5439424
6 5439488
4 5439552
10 5439616
1 5439680
1 5439744
8 5439808
8 5439872
0 5439936
3 5440000
4 5440064
6 5440128
7 5440192
0 5440256
0 5440320
6 5440384
1 5440448
6 5440512
9 5440576
3 5440640
8 5440704
4 5440768
7 5440832
3 5440896
8 5440960
1 5441024
0 5441088
6 5441152
3 5441216
7 5441280
0 5441344
10 5441408
7 5441472
2 5441536
1 5441600
8 5441664
5 5441728
0 5441792
8 5441856
2 5441920
2 5441984
6 5442048
1 5442112
6 5442176
3 5442240
4 5442304
0 5442368
5 5442432
4 5442496
6 5442560
4 5442624
9 5442688
8 5442752
5 5442816
9 5442880
0 5442944
1 5443008
7 5443072
5 5443136
2 5443200
4 5443264
0 5443328
0 5443392
1 5443456
7 5443520
5 5443584
5 5443648
0 5443712
4 5443776
9 5443840
10 5443904
3 5443968
5 5444032
7 5444096
8 5444160
1 5444224
4 5444288
1 5444352
2 5444416
7 5444480
7 5444544
0 5444608
1 5444672
5 5444736
3 5444800
3 5444864
8 5444928
7 5444992
9 5445056
2 5445120
10 5445184
8 5445248
3 5445312
9 5445376
2 5445440
9 5445504
1 5445568
2 5445632
3 5445696
8 5445760
10 5445824
1 5445888
1 5445952
10 5446016
8 5446080
7 5446144
4 5446208
10 5446272
0 5446336
0 5446400
7 5446464
4 5446528
3 5446592
2 5446656
6 5446720
2 5446784
8 5446848
10 5446912
4 5446976
3 5447040
2 5447104
3 5447168
10 5447232
7 5447296
6 5447360
0 5447424
10 5447488
3 5447552
5 5447616
6 5447680
7 5447744
2 5447808
9 5447872
4 5447936
4 5448000
2 5448064
4 5448128
7 5448192
2 5448256
2 5448320
2 5448384
6 5448448
4 5448512
7 5448576
2 5448640
8 5448704
3 5448768
10 5448832
3 5448896
3 5448960
4 5449024
3 5449088
2 5449152
10 5449216
6 5449280
0 5449344
10 5449408
10 5449472
3 5449536
2 5449600
2 5449664
2 5449728
10 5449792
7 5449856
5 5449920
6 5449984
1 5450048
7 5450112
10 5450176
5 5450240
8 5450304
3 5450368
4 5450432
10 5450496
4 5450560
10 5450624
1 5450688
7 5450752
3 5450816
0 5450880
9 5450944
8 5451008
1 5451072
8 5451136
1 5451200
9 5451264
2 5451328
4 5451392
10 5451456
2 5451520
4 5451584
1 5451648
2 5451712
9 5451776
6 5451840
3 5451904
5 5451968
9 5452032
7 5452096
5 5452160
2 5452224
2 5452288
8 5452352
8 5452416
3 5452480
2 5452544
0 5452608
9 5452672
3 5452736
9 5452800
7 5452864
4 5452928
9 5452992
8 5453056
0 5453120
0 5453184
9 5453248
2 5453312
9 5453376
3 5453440
6 5453504
7 5453568
7 5453632
8 5453696
5 5453760
1 5453824
4 5453888
5 5453952
5 5454016
4 5454080
9 5454144
4 5454208
4 5454272
4 5454336
4 5454400
2 5454464
9 5454528
10 5454592
7 5454656
3 5454720
7 5454784
2 5454848
6 5454912
8 5454976
3 5455040
2 5455104
3 5455168
3 5455232
4 5455296
8 5455360
3 5455424
3 5455488
7 5455552
10 5455616
5 5455680
5 5455744
7 5455808
10 5455872
10 5455936
3 5456000
7 5456064
8 5456128
5 5456192
1 5456256
3 5456320
9 5456384
3 5456448
1 5456512
1 5456576
6 5456640
5 5456704
3 5456768
1 5456832
2 5456896
6 5456960
4 5457024
5 5457088
6 5457152
9 5457216
6 5457280
7 5457344
5 5457408
7 5457472
0 5457536
5 5457600
7 5457664
1 5457728
7 5457792
1 5457856
5 5457920
9 5457984
10 5458048
1 5458112
10 5458176
8 5458240
3 5458304
3 5458368
3 5458432
3 5458496
5 5458560
6 5458624
2 5458688
10 5458752
10 5458816
5 5458880
5 5458944
0 5459008
1 5459072
3 5459136
5 5459200
8 5459264
4 5459328
1 5459392
0 5459456
3 5459520
4 5459584
1 5459648
1 5459712
3 5459776
7 5459840
3 5459904
10 5459968
2 5460032
0 5460096
10 5460160
10 5460224
10 5460288
2 5460352
2 5460416
0 5460480
1 5460544
7 5460608
3 5460672
8 5460736
2 5460800
2 5460864
10 5460928
6 5460992
0 5461056
6 5461120
8 5461184
6 5461248
10 5461312
8 5461376
10 5461440
6 5461504
6 5461568
3 5461632
0 5461696
7 5461760
0 5461824
9 5461888
9 5461952
6 5462016
4 5462080
8 5462144
8 5462208
6 5462272
3 5462336
9 5462400
9 5462464
8 5462528
7 5462592
5 5462656
6 5462720
8 5462784
1 5462848
9 5462912
2 5462976
9 5463040
9 5463104
5 5463168
9 5463232
1 5463296
1 5463360
0 5463424
2 5463488
9 5463552
8 5463616
4 5463680
9 5463744
10 5463808
3 5463872
8 5463936
3 5464000
5 5464064
0 5464128
9 5464192
3 5464256
2 5464320
7 5464384
5 5464448
3 5464512
2 5464576
9 5464640
6 5464704
9 5464768
4 5464832
8 5464896
6 5464960
3 5465024
10 5465088
10 5465152
2 5465216
0 5465280
1 5465344
3 5465408
0 5465472
6 5465536
5 5465600
3 5465664
3 5465728
2 5465792
3 5465856
9 5465920
6 5465984
9 5466048
1 5466112
1 5466176
10 5466240
8 5466304
6 5466368
6 5466432
4 5466496
10 5466560
1 5466624
1 5466688
5 5466752
1 5466816
6 5466880
4 5466944
10 5467008
4 5467072
6 5467136
5 5467200
9 5467264
2 5467328
3 5467392
9 5467456
6 5467520
5 5467584
9 5467648
7 5467712
8 5467776
2 5467840
6 5467904
9 5467968
0 5468032
0 5468096
8 5468160
0 5468224
0 5468288
4 5468352
7 5468416
0 5468480
3 5468544
2 5468608
2 5468672
6 5468736
0 5468800
0 5468864
8 5468928
8 5468992
8 5469056
4 5469120
10 5469184
3 5469248
9 5469312
1 5469376
3 5469440
4 5469504
9 5469568
7 5469632
3 5469696
1 5469760
0 5469824
5 5469888
3 5469952
8 5470016
8 5470080
8 5470144
10 5470208
10 5470272
9 5470336
3 5470400
1 5470464
2 5470528
9 5470592
0 5470656
4 5470720
4 5470784
2 5470848
8 5470912
2 5470976
3 5471040
6 5471104
1 5471168
6 5471232
0 5471296
1 5471360
0 5471424
10 5471488
9 5471552
7 5471616
2 5471680
8 5471744
9 5471808
10 5471872
3 5471936
8 5472000
2 5472064
1 5472128
2 5472192
10 5472256
1 5472320
0 5472384
1 5472448
5 5472512
1 5472576
0 5472640
6 5472704
0 5472768
9 5472832
7 5472896
8 5472960
4 5473024
9 5473088
7 5473152
10 5473216
0 5473280
4 5473344
10 5473408
10 5473472
2 5473536
0 5473600
9 5473664
7 5473728
10 5473792
7 5473856
10 5473920
6 5473984
6 5474048
10 5474112
3 5474176
1 5474240
0 5474304
0 5474368
9 5474432
4 5474496
5 5474560
3 5474624
1 5474688
9 5474752
10 5474816
4 5474880
2 5474944
2 5475008
3 5475072
6 5475136
5 5475200
3 5475264
2 5475328
7 5475392
1 5475456
4 5475520
7 5475584
2 5475648
10 5475712
10 5475776
5 5475840
0 5475904
7 5475968
6 5476032
2 5476096
3 5476160
3 5476224
2 5476288
7 5476352
5 5476416
0 5476480
9 5476544
10 5476608
4 5476672
4 5476736
4 5476800
8 5476864
3 5476928
1 5476992
7 5477056
10 5477120
4 5477184
9 5477248
3 5477312
6 5477376
0 5477440
1 5477504
6 5477568
1 5477632
6 5477696
8 5477760
7 5477824
6 5477888
3 5477952
0 5478016
7 5478080
3 5478144
7 5478208
2 5478272
2 5478336
10 5478400
5 5478464
7 5478528
5 5478592
8 5478656
4 5478720
8 5478784
3 5478848
6 5478912
3 5478976
9 5479040
1 5479104
7 5479168
0 5479232
1 5479296
3 5479360
8 5479424
9 5479488
8 5479552
8 5479616
1 5479680
0 5479744
2 5479808
9 5479872
5 5479936
7 5480000
8 5480064
8 5480128
2 5480192
2 5480256
10 5480320
3 5480384
3 5480448
10 5480512
5 5480576
8 5480640
6 5480704
2 5480768
3 5480832
4 5480896
2 5480960
10 5481024
2 5481088
3 5481152
4 5481216
2 5481280
2 5481344
6 5481408
4 5481472
1 5481536
0 5481600
1 5481664
4 5481728
10 5481792
4 5481856
2 5481920
3 5481984
0 5482048
5 5482112
6 5482176
6 5482240
5 5482304
7 5482368
7 5482432
6 5482496
0 5482560
6 5482624
1 5482688
10 5482752
10 5482816
2 5482880
5 5482944
1 5483008
7 5483072
4 5483136
3 5483200
4 5483264
2 5483328
1 5483392
0 5483456
8 5483520
4 5483584
3 5483648
9 5483712
8 5483776
8 5483840
9 5483904
3 5483968
9 5484032
0 5484096
3 5484160
1 5484224
6 5484288
9 5484352
6 5484416
4 5484480
6 5484544
6 5484608
8 5484672
0 5484736
2 5484800
6 5484864
10 5484928
8 5484992
7 5485056
4 5485120
8 5485184
5 5485248
1 5485312
10 5485376
10 5485440
1 5485504
7 5485568
6 5485632
10 5485696
6 5485760
1 5485824
2 5485888
4 5485952
7 5486016
10 5486080
6 5486144
10 5486208
8 5486272
5 5486336
9 5486400
7 5486464
6 5486528
6 5486592
4 5486656
6 5486720
9 5486784
2 5486848
6 5486912
5 5486976
9 5487040
10 5487104
10 5487168
0 5487232
2 5487296
8 5487360
2 5487424
7 5487488
7 5487552
4 5487616
6 5487680
9 5487744
4 5487808
8 5487872
2 5487936
5 5488000
4 5488064
5 5488128
7 5488192
6 5488256
3 5488320
4 5488384
4 5488448
7 5488512
10 5488576
8 5488640
2 5488704
0 5488768
0 5488832
1 5488896
3 5488960
7 5489024
10 5489088
6 5489152
8 5489216
3 5489280
5 5489344
2 5489408
10 5489472
8 5489536
1 5489600
3 5489664
7 5489728
2 5489792
10 5489856
4 5489920
2 5489984
0 5490048
4 5490112
6 5490176
5 5490240
3 5490304
5 5490368
2 5490432
1 5490496
10 5490560
7 5490624
10 5490688
0 5490752
5 5490816
7 5490880
2 5490944
6 5491008
7 5491072
7 5491136
9 5491200
8 5491264
3 5491328
0 5491392
0 5491456
2 5491520
0 5491584
3 5491648
0 5491712
4 5491776
3 5491840
3 5491904
0 5491968
7 5492032
7 5492096
9 5492160
0 5492224
0 5492288
10 5492352
1 5492416
2 5492480
1 5492544
5 5492608
3 5492672
2 5492736
3 5492800
8 5492864
8 5492928
4 5492992
0 5493056
9 5493120
9 5493184
5 5493248
5 5493312
5 5493376
0 5493440
6 5493504
2 5493568
7 5493632
1 5493696
8 5493760
1 5493824
0 5493888
6 5493952
3 5494016
1 5494080
9 5494144
8 5494208
5 5494272
4 5494336
4 5494400
8 5494464
0 5494528
6 5494592
6 5494656
7 5494720
6 5494784
4 5494848
6 5494912
2 5494976
10 5495040
9 5495104
10 5495168
0 5495232
10 5495296
6 5495360
5 5495424
1 5495488
6 5495552
5 5495616
1 5495680
2 5495744
6 5495808
5 5495872
4 5495936
7 5496000
3 5496064
7 5496128
0 5496192
4 5496256
2 5496320
10 5496384
1 5496448
4 5496512
1 5496576
5 5496640
2 5496704
3 5496768
8 5496832
7 5496896
7 5496960
8 5497024
7 5497088
0 5497152
0 5497216
0 5497280
9 5497344
8 5497408
5 5497472
4 5497536
5 5497600
0 5497664
6 5497728
10 5497792
9 5497856
3 5497920
5 5497984
10 5498048
7 5498112
6 5498176
3 5498240
10 5498304
3 5498368
8 5498432
10 5498496
1 5498560
2 5498624
3 5498688
5 5498752
4 5498816
10 5498880
3 5498944
10 5499008
3 5499072
6 5499136
0 5499200
6 5499264
2 5499328
0 5499392
3 5499456
7 5499520
6 5499584
0 5499648
2 5499712
10 5499776
0 5499840
10 5499904
7 5499968
0 5500032
7 5500096
3 5500160
7 5500224
3 5500288
6 5500352
6 5500416
8 5500480
0 5500544
3 5500608
1 5500672
6 5500736
9 5500800
10 5500864
7 5500928
6 5500992
0 5501056
7 5501120
9 5501184
0 5501248
4 5501312
6 5501376
10 5501440
6 5501504
0 5501568
0 5501632
5 5501696
5 5501760
9 5501824
3 5501888
1 5501952
9 5502016
9 5502080
4 5502144
9 5502208
3 5502272
4 5502336
4 5502400
9 5502464
9 5502528
1 5502592
10 5502656
10 5502720
6 5502784
1 5502848
5 5502912
9 5502976
0 5503040
2 5503104
8 5503168
7 5503232
9 5503296
8 5503360
2 5503424
6 5503488
10 5503552
2 5503616
2 5503680
5 5503744
5 5503808
5 5503872
7 5503936
4 5504000
1 5504064
9 5504128
4 5504192
5 5504256
10 5504320
0 5504384
8 5504448
10 5504512
9 5504576
0 5504640
6 5504704
6 5504768
0 5504832
3 5504896
6 5504960
3 5505024
4 5505088
0 5505152
9 5505216
10 5505280
1 5505344
6 5505408
1 5505472
6 5505536
9 5505600
3 5505664
1 5505728
3 5505792
3 5505856
3 5505920
6 5505984
3 5506048
4 5506112
5 5506176
2 5506240
8 5506304
0 5506368
4 5506432
10 5506496
3 5506560
3 5506624
2 5506688
6 5506752
4 5506816
4 5506880
4 5506944
5 5507008
8 5507072
1 5507136
6 5507200
4 5507264
9 5507328
4 5507392
6 5507456
1 5507520
5 5507584
2 5507648
10 5507712
8 5507776
6 5507840
8 5507904
1 5507968
5 5508032
9 5508096
1 5508160
5 5508224
6 5508288
7 5508352
4 5508416
10 5508480
0 5508544
10 5508608
7 5508672
9 5508736
4 5508800
9 5508864
1 5508928
7 5508992
10 5509056
9 5509120
0 5509184
6 5509248
0 5509312
10 5509376
8 5509440
1 5509504
2 5509568
5 5509632
7 5509696
0 5509760
6 5509824
0 5509888
2 5509952
9 5510016
8 5510080
2 5510144
2 5510208
4 5510272
8 5510336
9 5510400
7 5510464
1 5510528
4 5510592
7 5510656
0 5510720
6 5510784
7 5510848
5 5510912
9 5510976
6 5511040
5 5511104
0 5511168
0 5511232
10 5511296
10 5511360
0 5511424
2 5511488
1 5511552
10 5511616
9 5511680
7 5511744
9 5511808
7 5511872
6 5511936
4 5512000
10 5512064
7 5512128
0 5512192
10 5512256
4 5512320
8 5512384
6 5512448
10 5512512
0 5512576
1 5512640
6 5512704
5 5512768
6 5512832
1 5512896
2 5512960
4 5513024
6 5513088
6 5513152
2 5513216
5 5513280
6 5513344
9 5513408
5 5513472
1 5513536
2 5513600
5 5513664
1 5513728
6 5513792
2 5513856
8 5513920
10 5513984
0 5514048
2 5514112
6 5514176
1 5514240
4 5514304
2 5514368
2 5514432
8 5514496
10 5514560
4 5514624
7 5514688
4 5514752
6 5514816
9 5514880
7 5514944
8 5515008
5 5515072
1 5515136
3 5515200
6 5515264
8 5515328
1 5515392
9 5515456
4 5515520
8 5515584
0 5515648
10 5515712
4 5515776
4 5515840
6 5515904
3 5515968
5 5516032
10 5516096
8 5516160
0 5516224
0 5516288
10 5516352
10 5516416
2 5516480
7 5516544
2 5516608
9 5516672
1 5516736
7 5516800
1 5516864
4 5516928
1 5516992
1 5517056
2 5517120
1 5517184
2 5517248
9 5517312
0 5517376
5 5517440
8 5517504
8 5517568
8 5517632
4 5517696
1 5517760
9 5517824
3 5517888
6 5517952
10 5518016
10 5518080
2 5518144
6 5518208
10 5518272
3 5518336
1 5518400
3 5518464
4 5518528
9 5518592
4 5518656
6 5518720
0 5518784
7 5518848
8 5518912
1 5518976
8 5519040
2 5519104
9 5519168
5 5519232
2 5519296
1 5519360
9 5519424
10 5519488
3 5519552
8 5519616
5 5519680
2 5519744
2 5519808
2 5519872
9 5519936
3 5520000
1 5520064
1 5520128
4 5520192
2 5520256
3 5520320
1 5520384
1 5520448
5 5520512
4 5520576
7 5520640
9 5520704
7 5520768
10 5520832
0 5520896
4 5520960
9 5521024
10 5521088
10 5521152
9 5521216
8 5521280
10 5521344
8 5521408
10 5521472
3 5521536
1 5521600
2 5521664
0 5521728
6 5521792
10 5521856
0 5521920
5 5521984
3 5522048
9 5522112
5 5522176
4 5522240
3 5522304
2 5522368
8 5522432
4 5522496
5 5522560
10 5522624
1 5522688
2 5522752
9 5522816
10 5522880
9 5522944
3 5523008
8 5523072
7 5523136
8 5523200
8 5523264
4 5523328
3 5523392
1 5523456
0 5523520
7 5523584
4 5523648
9 5523712
1 5523776
4 5523840
8 5523904
7 5523968
6 5524032
4 5524096
2 5524160
7 5524224
3 5524288
0 5524352
0 5524416
9 5524480
2 5524544
0 5524608
1 5524672
8 5524736
8 5524800
7 5524864
0 5524928
6 5524992
10 5525056
9 5525120
10 5525184
8 5525248
3 5525312
2 5525376
9 5525440
2 5525504
4 5525568
0 5525632
1 5525696
1 5525760
6 5525824
2 5525888
8 5525952
0 5526016
1 5526080
6 5526144
8 5526208
0 5526272
7 5526336
3 5526400
2 5526464
8 5526528
1 5526592
9 5526656
7 5526720
5 5526784
10 5526848
10 5526912
10 5526976
0 5527040
7 5527104
7 5527168
2 5527232
1 5527296
8 5527360
8 5527424
9 5527488
0 5527552
6 5527616
6 5527680
5 5527744
10 5527808
0 5527872
10 5527936
5 5528000
6 5528064
5 5528128
5 5528192
3 5528256
4 5528320
0 5528384
0 5528448
2 5528512
6 5528576
10 5528640
7 5528704
1 5528768
6 5528832
1 5528896
7 5528960
2 5529024
7 5529088
7 5529152
5 5529216
3 5529280
10 5529344
9 5529408
9 5529472
5 5529536
4 5529600
3 5529664
10 5529728
1 5529792
10 5529856
10 5529920
10 5529984
6 5530048
1 5530112
1 5530176
8 5530240
6 5530304
9 5530368
8 5530432
1 5530496
4 5530560
2 5530624
10 5530688
1 5530752
8 5530816
5 5530880
9 5530944
2 5531008
9 5531072
3 5531136
0 5531200
0 5531264
4 5531328
10 5531392
4 5531456
9 5531520
2 5531584
2 5531648
9 5531712
4 5531776
6 5531840
8 5531904
9 5531968
7 5532032
6 5532096
10 5532160
1 5532224
6 5532288
6 5532352
1 5532416
1 5532480
8 5532544
5 5532608
7 5532672
0 5532736
0 5532800
1 5532864
0 5532928
9 5532992
2 5533056
0 5533120
7 5533184
3 5533248
7 5533312
8 5533376
6 5533440
6 5533504
5 5533568
5 5533632
10 5533696
7 5533760
1 5533824
9 5533888
5 5533952
5 5534016
7 5534080
2 5534144
9 5534208
0 5534272
3 5534336
4 5534400
1 5534464
10 5534528
3 5534592
8 5534656
6 5534720
5 5534784
1 5534848
7 5534912
6 5534976
7 5535040
10 5535104
10 5535168
10 5535232
10 5535296
10 5535360
3 5535424
10 5535488
7 5535552
2 5535616
7 5535680
2 5535744
5 5535808
9 5535872
0 5535936
6 5536000
3 5536064
5 5536128
9 5536192
3 5536256
1 5536320
2 5536384
1 5536448
5 5536512
1 5536576
10 5536640
0 5536704
0 5536768
9 5536832
9 5536896
9 5536960
1 5537024
2 5537088
9 5537152
9 5537216
8 5537280
2 5537344
4 5537408
8 5537472
6 5537536
1 5537600
3 5537664
10 5537728
1 5537792
1 5537856
0 5537920
3 5537984
5 5538048
8 5538112
0 5538176
7 5538240
7 5538304
1 5538368
0 5538432
9 5538496
1 5538560
2 5538624
0 5538688
10 5538752
4 5538816
5 5538880
10 5538944
9 5539008
3 5539072
8 5539136
7 5539200
9 5539264
5 5539328
9 5539392
6 5539456
3 5539520
8 5539584
10 5539648
4 5539712
5 5539776
3 5539840
5 5539904
4 5539968
6 5540032
8 5540096
1 5540160
9 5540224
6 5540288
6 5540352
2 5540416
3 5540480
10 5540544
0 5540608
0 5540672
3 5540736
7 5540800
3 5540864
6 5540928
3 5540992
7 5541056
10 5541120
5 5541184
7 5541248
0 5541312
8 5541376
1 5541440
5 5541504
1 5541568
8 5541632
0 5541696
7 5541760
7 5541824
8 5541888
3 5541952
3 5542016
6 5542080
8 5542144
2 5542208
6 5542272
1 5542336
4 5542400
4 5542464
6 5542528
4 5542592
5 5542656
5 5542720
7 5542784
5 5542848
3 5542912
1 5542976
0 5543040
0 5543104
2 5543168
6 5543232
6 5543296
8 5543360
9 5543424
7 5543488
4 5543552
2 5543616
7 5543680
5 5543744
7 5543808
1 5543872
4 5543936
8 5544000
9 5544064
1 5544128
2 5544192
5 5544256
5 5544320
2 5544384
9 5544448
1 5544512
10 5544576
6 5544640
5 5544704
3 5544768
9 5544832
7 5544896
9 5544960
4 5545024
4 5545088
7 5545152
4 5545216
0 5545280
1 5545344
10 5545408
5 5545472
8 5545536
10 5545600
6 5545664
6 5545728
8 5545792
4 5545856
9 5545920
2 5545984
7 5546048
2 5546112
5 5546176
4 5546240
5 5546304
2 5546368
8 5546432
3 5546496
2 5546560
4 5546624
0 5546688
2 5546752
3 5546816
0 5546880
8 5546944
9 5547008
1 5547072
2 5547136
2 5547200
9 5547264
4 5547328
3 5547392
9 5547456
7 5547520
1 5547584
5 5547648
0 5547712
1 5547776
0 5547840
2 5547904
10 5547968
3 5548032
9 5548096
4 5548160
1 5548224
4 5548288
10 5548352
2 5548416
10 5548480
9 5548544
0 5548608
0 5548672
9 5548736
4 5548800
0 5548864
1 5548928
7 5548992
7 5549056
4 5549120
9 5549184
10 5549248
1 5549312
9 5549376
2 5549440
8 5549504
3 5549568
2 5549632
4 5549696
9 5549760
5 5549824
1 5549888
1 5549952
0 5550016
9 5550080
6 5550144
7 5550208
0 5550272
10 5550336
2 5550400
4 5550464
9 5550528
1 5550592
1 5550656
6 5550720
9 5550784
9 5550848
3 5550912
4 5550976
7 5551040
10 5551104
8 5551168
7 5551232
7 5551296
6 5551360
2 5551424
9 5551488
7 5551552
4 5551616
6 5551680
7 5551744
9 5551808
3 5551872
0 5551936
7 5552000
2 5552064
1 5552128
7 5552192
8 5552256
2 5552320
1 5552384
10 5552448
9 5552512
10 5552576
2 5552640
7 5552704
9 5552768
0 5552832
0 5552896
6 5552960
8 5553024
10 5553088
4 5553152
6 5553216
4 5553280
2 5553344
8 5553408
7 5553472
3 5553536
4 5553600
5 5553664
10 5553728
7 5553792
6 5553856
3 5553920
10 5553984
5 5554048
8 5554112
7 5554176
3 5554240
1 5554304
1 5554368
1 5554432
3 5554496
5 5554560
4 5554624
9 5554688
2 5554752
5 5554816
8 5554880
6 5554944
7 5555008
4 5555072
5 5555136
6 5555200
4 5555264
4 5555328
3 5555392
1 5555456
3 5555520
2 5555584
8 5555648
1 5555712
5 5555776
6 5555840
1 5555904
3 5555968
6 5556032
8 5556096
2 5556160
3 5556224
3 5556288
10 5556352
2 5556416
9 5556480
0 5556544
4 5556608
6 5556672
0 5556736
8 5556800
4 5556864
6 5556928
10 5556992
10 5557056
7 5557120
4 5557184
0 5557248
7 5557312
2 5557376
4 5557440
8 5557504
0 5557568
1 5557632
8 5557696
7 5557760
9 5557824
9 5557888
9 5557952
7 5558016
1 5558080
7 5558144
9 5558208
0 5558272
8 5558336
4 5558400
8 5558464
1 5558528
5 5558592
2 5558656
7 5558720
7 5558784
1 5558848
1 5558912
5 5558976
2 5559040
7 5559104
5 5559168
0 5559232
7 5559296
10 5559360
3 5559424
6 5559488
1 5559552
3 5559616
2 5559680
0 5559744
4 5559808
0 5559872
6 5559936
3 5560000
2 5560064
2 5560128
3 5560192
6 5560256
2 5560320
10 5560384
8 5560448
1 5560512
10 5560576
9 5560640
7 5560704
9 5560768
9 5560832
1 5560896
1 5560960
1 5561024
3 5561088
0 5561152
7 5561216
3 5561280
6 5561344
6 5561408
1 5561472
9 5561536
6 5561600
7 5561664
1 5561728
9 5561792
7 5561856
9 5561920
6 5561984
9 5562048
7 5562112
8 5562176
1 5562240
6 5562304
2 5562368
6 5562432
6 5562496
7 5562560
1 5562624
4 5562688
1 5562752
6 5562816
8 5562880
2 5562944
6 5563008
10 5563072
5 5563136
9 5563200
7 5563264
0 5563328
0 5563392
7 5563456
3 5563520
2 5563584
1 5563648
2 5563712
7 5563776
1 5563840
10 5563904
2 5563968
1 5564032
5 5564096
1 5564160
9 5564224
7 5564288
10 5564352
0 5564416
9 5564480
6 5564544
2 5564608
7 5564672
3 5564736
1 5564800
6 5564864
7 5564928
3 5564992
4 5565056
9 5565120
9 5565184
2 5565248
8 5565312
4 5565376
2 5565440
6 5565504
7 5565568
8 5565632
6 5565696
1 5565760
7 5565824
8 5565888
4 5565952
0 5566016
5 5566080
4 5566144
8 5566208
5 5566272
10 5566336
1 5566400
2 5566464
0 5566528
6 5566592
1 5566656
2 5566720
6 5566784
8 5566848
7 5566912
3 5566976
7 5567040
0 5567104
1 5567168
4 5567232
4 5567296
9 5567360
10 5567424
8 5567488
7 5567552
7 5567616
1 5567680
5 5567744
8 5567808
10 5567872
9 5567936
2 5568000
7 5568064
8 5568128
1 5568192
2 5568256
10 5568320
5 5568384
9 5568448
8 5568512
3 5568576
3 5568640
9 5568704
10 5568768
9 5568832
1 5568896
9 5568960
7 5569024
10 5569088
9 5569152
3 5569216
6 5569280
8 5569344
6 5569408
4 5569472
2 5569536
1 5569600
5 5569664
1 5569728
1 5569792
2 5569856
6 5569920
1 5569984
0 5570048
9 5570112
1 5570176
2 5570240
8 5570304
2 5570368
7 5570432
7 5570496
5 5570560
6 5570624
10 5570688
5 5570752
3 5570816
9 5570880
9 5570944
8 5571008
3 5571072
7 5571136
6 5571200
10 5571264
10 5571328
7 5571392
3 5571456
2 5571520
6 5571584
4 5571648
2 5571712
6 5571776
10 5571840
6 5571904
7 5571968
7 5572032
3 5572096
0 5572160
1 5572224
4 5572288
2 5572352
3 5572416
5 5572480
10 5572544
2 5572608
7 5572672
10 5572736
9 5572800
10 5572864
4 5572928
3 5572992
4 5573056
0 5573120
7 5573184
1 5573248
6 5573312
2 5573376
7 5573440
6 5573504
6 5573568
4 5573632
7 5573696
8 5573760
4 5573824
8 5573888
6 5573952
0 5574016
10 5574080
5 5574144
6 5574208
4 5574272
1 5574336
3 5574400
1 5574464
0 5574528
6 5574592
6 5574656
6 5574720
0 5574784
2 5574848
9 5574912
7 5574976
2 5575040
9 5575104
4 5575168
5 5575232
1 5575296
3 5575360
5 5575424
6 5575488
0 5575552
9 5575616
9 5575680
0 5575744
1 5575808
10 5575872
4 5575936
8 5576000
0 5576064
6 5576128
8 5576192
1 5576256
0 5576320
6 5576384
10 5576448
5 5576512
9 5576576
5 5576640
10 5576704
0 5576768
3 5576832
10 5576896
6 5576960
3 5577024
10 5577088
2 5577152
6 5577216
2 5577280
3 5577344
7 5577408
5 5577472
0 5577536
5 5577600
10 5577664
4 5577728
3 5577792
2 5577856
2 5577920
6 5577984
0 5578048
2 5578112
7 5578176
8 5578240
4 5578304
6 5578368
2 5578432
4 5578496
0 5578560
6 5578624
8 5578688
3 5578752
7 5578816
5 5578880
9 5578944
4 5579008
5 5579072
8 5579136
7 5579200
0 5579264
2 5579328
3 5579392
0 5579456
7 5579520
10 5579584
1 5579648
0 5579712
5 5579776
6 5579840
4 5579904
0 5579968
0 5580032
6 5580096
7 5580160
4 5580224
1 5580288
5 5580352
8 5580416
6 5580480
7 5580544
9 5580608
5 5580672
10 5580736
2 5580800
4 5580864
0 5580928
10 5580992
8 5581056
7 5581120
4 5581184
1 5581248
5 5581312
10 5581376
10 5581440
5 5581504
0 5581568
7 5581632
5 5581696
7 5581760
6 5581824
4 5581888
4 5581952
9 5582016
6 5582080
10 5582144
3 5582208
9 5582272
2 5582336
1 5582400
4 5582464
8 5582528
1 5582592
9 5582656
6 5582720
4 5582784
2 5582848
4 5582912
0 5582976
4 5583040
3 5583104
6 5583168
5 5583232
4 5583296
5 5583360
1 5583424
9 5583488
1 5583552
6 5583616
0 5583680
0 5583744
10 5583808
2 5583872
2 5583936
2 5584000
6 5584064
10 5584128
5 5584192
6 5584256
7 5584320
9 5584384
9 5584448
2 5584512
6 5584576
6 5584640
2 5584704
4 5584768
3 5584832
4 5584896
1 5584960
7 5585024
8 5585088
10 5585152
1 5585216
4 5585280
8 5585344
10 5585408
0 5585472
8 5585536
9 5585600
6 5585664
5 5585728
10 5585792
8 5585856
6 5585920
1 5585984
4 5586048
6 5586112
9 5586176
2 5586240
10 5586304
1 5586368
1 5586432
9 5586496
3 5586560
10 5586624
6 5586688
8 5586752
7 5586816
5 5586880
7 5586944
4 5587008
1 5587072
2 5587136
2 5587200
8 5587264
7 5587328
6 5587392
7 5587456
0 5587520
10 5587584
4 5587648
4 5587712
4 5587776
7 5587840
1 5587904
8 5587968
6 5588032
9 5588096
4 5588160
10 5588224
1 5588288
3 5588352
9 5588416
0 5588480
4 5588544
0 5588608
8 5588672
0 5588736
8 5588800
6 5588864
2 5588928
8 5588992
3 5589056
5 5589120
5 5589184
10 5589248
7 5589312
1 5589376
4 5589440
2 5589504
7 5589568
0 5589632
9 5589696
3 5589760
1 5589824
9 5589888
1 5589952
2 5590016
1 5590080
2 5590144
5 5590208
10 5590272
9 5590336
5 5590400
3 5590464
5 5590528
3 5590592
10 5590656
2 5590720
4 5590784
1 5590848
2 5590912
6 5590976
6 5591040
6 5591104
2 5591168
10 5591232
0 5591296
6 5591360
8 5591424
5 5591488
6 5591552
6 5591616
0 5591680
9 5591744
0 5591808
2 5591872
8 5591936
8 5592000
5 5592064
4 5592128
1 5592192
1 5592256
1 5592320
1 5592384
10 5592448
2 5592512
0 5592576
1 5592640
5 5592704
0 5592768
2 5592832
6 5592896
1 5592960
5 5593024
5 5593088
4 5593152
2 5593216
7 5593280
7 5593344
10 5593408
1 5593472
10 5593536
4 5593600
1 5593664
0 5593728
4 5593792
5 5593856
2 5593920
8 5593984
8 5594048
7 5594112
6 5594176
4 5594240
6 5594304
8 5594368
8 5594432
0 5594496
9 5594560
0 5594624
10 5594688
4 5594752
9 5594816
5 5594880
2 5594944
6 5595008
0 5595072
5 5595136
1 5595200
8 5595264
5 5595328
4 5595392
6 5595456
4 5595520
1 5595584
3 5595648
7 5595712
2 5595776
8 5595840
1 5595904
1 5595968
2 5596032
2 5596096
3 5596160
1 5596224
4 5596288
4 5596352
8 5596416
8 5596480
6 5596544
3 5596608
6 5596672
6 5596736
8 5596800
0 5596864
2 5596928
9 5596992
5 5597056
5 5597120
4 5597184
8 5597248
5 5597312
9 5597376
10 5597440
9 5597504
7 5597568
5 5597632
2 5597696
6 5597760
5 5597824
7 5597888
0 5597952
0 5598016
5 5598080
6 5598144
2 5598208
8 5598272
4 5598336
4 5598400
3 5598464
2 5598528
9 5598592
10 5598656
0 5598720
8 5598784
1 5598848
1 5598912
6 5598976
0 5599040
9 5599104
6 5599168
2 5599232
9 5599296
10 5599360
3 5599424
9 5599488
5 5599552
10 5599616
6 5599680
1 5599744
3 5599808
6 5599872
1 5599936
5 5600000
1 5600064
0 5600128
0 5600192
3 5600256
7 5600320
4 5600384
10 5600448
10 5600512
9 5600576
10 5600640
2 5600704
1 5600768
2 5600832
0 5600896
9 5600960
6 5601024
9 5601088
8 5601152
6 5601216
0 5601280
0 5601344
7 5601408
7 5601472
10 5601536
5 5601600
7 5601664
1 5601728
5 5601792
5 5601856
5 5601920
6 5601984
2 5602048
3 5602112
9 5602176
10 5602240
4 5602304
7 5602368
6 5602432
4 5602496
6 5602560
9 5602624
1 5602688
4 5602752
5 5602816
7 5602880
8 5602944
5 5603008
9 5603072
10 5603136
0 5603200
9 5603264
5 5603328
1 5603392
9 5603456
8 5603520
0 5603584
9 5603648
5 5603712
9 5603776
9 5603840
0 5603904
5 5603968
6 5604032
0 5604096
3 5604160
2 5604224
6 5604288
6 5604352
2 5604416
5 5604480
1 5604544
0 5604608
3 5604672
1 5604736
5 5604800
3 5604864
0 5604928
8 5604992
7 5605056
0 5605120
3 5605184
3 5605248
0 5605312
2 5605376
4 5605440
6 5605504
7 5605568
7 5605632
6 5605696
10 5605760
9 5605824
6 5605888
8 5605952
10 5606016
8 5606080
7 5606144
0 5606208
6 5606272
4 5606336
1 5606400
0 5606464
8 5606528
0 5606592
9 5606656
10 5606720
1 5606784
0 5606848
7 5606912
10 5606976
2 5607040
9 5607104
9 5607168
6 5607232
7 5607296
2 5607360
2 5607424
4 5607488
8 5607552
5 5607616
5 5607680
1 5607744
5 5607808
10 5607872
7 5607936
0 5608000
3 5608064
4 5608128
3 5608192
4 5608256
9 5608320
1 5608384
7 5608448
1 5608512
10 5608576
0 5608640
0 5608704
3 5608768
10 5608832
10 5608896
5 5608960
7 5609024
10 5609088
0 5609152
5 5609216
8 5609280
3 5609344
10 5609408
3 5609472
10 5609536
4 5609600
9 5609664
4 5609728
3 5609792
10 5609856
7 5609920
4 5609984
7 5610048
5 5610112
0 5610176
6 5610240
3 5610304
6 5610368
8 5610432
5 5610496
3 5610560
9 5610624
9 5610688
2 5610752
8 5610816
6 5610880
3 5610944
6 5611008
9 5611072
10 5611136
10 5611200
3 5611264
4 5611328
10 5611392
1 5611456
1 5611520
5 5611584
2 5611648
5 5611712
6 5611776
4 5611840
1 5611904
10 5611968
6 5612032
5 5612096
0 5612160
6 5612224
4 5612288
3 5612352
3 5612416
0 5612480
5 5612544
4 5612608
0 5612672
6 5612736
9 5612800
6 5612864
5 5612928
1 5612992
4 5613056
8 5613120
2 5613184
6 5613248
8 5613312
2 5613376
7 5613440
2 5613504
5 5613568
6 5613632
3 5613696
9 5613760
3 5613824
0 5613888
0 5613952
9 5614016
10 5614080
2 5614144
10 5614208
2 5614272
4 5614336
1 5614400
1 5614464
7 5614528
7 5614592
1 5614656
5 5614720
5 5614784
3 5614848
6 5614912
7 5614976
3 5615040
1 5615104
7 5615168
4 5615232
2 5615296
1 5615360
1 5615424
5 5615488
2 5615552
1 5615616
9 5615680
10 5615744
2 5615808
6 5615872
9 5615936
3 5616000
6 5616064
0 5616128
9 5616192
9 5616256
7 5616320
0 5616384
7 5616448
3 5616512
9 5616576
9 5616640
5 5616704
5 5616768
1 5616832
3 5616896
1 5616960
0 5617024
3 5617088
10 5617152
9 5617216
8 5617280
6 5617344
8 5617408
8 5617472
6 5617536
3 5617600
5 5617664
9 5617728
4 5617792
1 5617856
2 5617920
3 5617984
0 5618048
10 5618112
7 5618176
5 5618240
6 5618304
7 5618368
4 5618432
5 5618496
3 5618560
7 5618624
7 5618688
0 5618752
9 5618816
6 5618880
4 5618944
2 5619008
2 5619072
5 5619136
6 5619200
3 5619264
8 5619328
5 5619392
1 5619456
6 5619520
0 5619584
3 5619648
1 5619712
2 5619776
1 5619840
9 5619904
1 5619968
4 5620032
4 5620096
2 5620160
3 5620224
8 5620288
1 5620352
4 5620416
5 5620480
4 5620544
0 5620608
3 5620672
2 5620736
7 5620800
4 5620864
1 5620928
5 5620992
4 5621056
6 5621120
4 5621184
2 5621248
2 5621312
5 5621376
5 5621440
9 5621504
2 5621568
2 5621632
7 5621696
1 5621760
9 5621824
2 5621888
10 5621952
0 5622016
7 5622080
4 5622144
4 5622208
1 5622272
10 5622336
1 5622400
4 5622464
10 5622528
8 5622592
6 5622656
2 5622720
9 5622784
10 5622848
7 5622912
8 5622976
3 5623040
2 5623104
10 5623168
8 5623232
4 5623296
5 5623360
3 5623424
8 5623488
1 5623552
2 5623616
9 5623680
1 5623744
10 5623808
6 5623872
6 5623936
0 5624000
4 5624064
0 5624128
0 5624192
9 5624256
8 5624320
9 5624384
3 5624448
6 5624512
8 5624576
7 5624640
0 5624704
1 5624768
7 5624832
2 5624896
1 5624960
5 5625024
1 5625088
8 5625152
4 5625216
10 5625280
7 5625344
4 5625408
4 5625472
0 5625536
0 5625600
0 5625664
5 5625728
4 5625792
10 5625856
3 5625920
10 5625984
1 5626048
10 5626112
2 5626176
2 5626240
2 5626304
6 5626368
4 5626432
9 5626496
2 5626560
3 5626624
2 5626688
7 5626752
2 5626816
4 5626880
10 5626944
4 5627008
10 5627072
10 5627136
10 5627200
5 5627264
0 5627328
3 5627392
8 5627456
9 5627520
3 5627584
4 5627648
7 5627712
6 5627776
10 5627840
4 5627904
9 5627968
9 5628032
5 5628096
2 5628160
3 5628224
2 5628288
5 5628352
3 5628416
7 5628480
7 5628544
10 5628608
4 5628672
2 5628736
2 5628800
10 5628864
6 5628928
7 5628992
1 5629056
6 5629120
4 5629184
8 5629248
4 5629312
3 5629376
5 5629440
1 5629504
4 5629568
5 5629632
4 5629696
10 5629760
6 5629824
2 5629888
6 5629952
0 5630016
5 5630080
5 5630144
3 5630208
8 5630272
5 5630336
5 5630400
5 5630464
8 5630528
8 5630592
5 5630656
9 5630720
9 5630784
1 5630848
10 5630912
8 5630976
9 5631040
0 5631104
3 5631168
4 5631232
7 5631296
7 5631360
10 5631424
4 5631488
4 5631552
9 5631616
9 5631680
5 5631744
8 5631808
5 5631872
3 5631936
9 5632000
1 5632064
1 5632128
1 5632192
3 5632256
0 5632320
8 5632384
3 5632448
2 5632512
1 5632576
2 5632640
1 5632704
6 5632768
1 5632832
10 5632896
7 5632960
6 5633024
2 5633088
5 5633152
1 5633216
9 5633280
7 5633344
3 5633408
10 5633472
1 5633536
10 5633600
0 5633664
2 5633728
10 5633792
10 5633856
9 5633920
8 5633984
10 5634048
3 5634112
3 5634176
1 5634240
2 5634304
6 5634368
5 5634432
2 5634496
10 5634560
8 5634624
1 5634688
0 5634752
0 5634816
7 5634880
4 5634944
9 5635008
8 5635072
8 5635136
10 5635200
10 5635264
8 5635328
7 5635392
1 5635456
0 5635520
5 5635584
4 5635648
8 5635712
4 5635776
0 5635840
4 5635904
3 5635968
8 5636032
0 5636096
0 5636160
8 5636224
6 5636288
6 5636352
6 5636416
5 5636480
8 5636544
10 5636608
1 5636672
5 5636736
3 5636800
9 5636864
3 5636928
6 5636992
2 5637056
2 5637120
3 5637184
3 5637248
9 5637312
3 5637376
6 5637440
4 5637504
6 5637568
9 5637632
5 5637696
4 5637760
9 5637824
10 5637888
4 5637952
6 5638016
5 5638080
9 5638144
2 5638208
0 5638272
5 5638336
4 5638400
8 5638464
8 5638528
8 5638592
5 5638656
0 5638720
7 5638784
3 5638848
2 5638912
5 5638976
7 5639040
9 5639104
1 5639168
6 5639232
2 5639296
10 5639360
10 5639424
9 5639488
10 5639552
0 5639616
7 5639680
7 5639744
2 5639808
6 5639872
9 5639936
2 5640000
5 5640064
2 5640128
3 5640192
2 5640256
0 5640320
9 5640384
9 5640448
10 5640512
6 5640576
6 5640640
2 5640704
7 5640768
2 5640832
5 5640896
0 5640960
7 5641024
0 5641088
1 5641152
2 5641216
0 5641280
0 5641344
8 5641408
4 5641472
0 5641536
7 5641600
5 5641664
8 5641728
8 5641792
2 5641856
2 5641920
2 5641984
7 5642048
2 5642112
10 5642176
4 5642240
8 5642304
5 5642368
9 5642432
9 5642496
3 5642560
1 5642624
7 5642688
8 5642752
5 5642816
8 5642880
7 5642944
8 5643008
10 5643072
7 5643136
3 5643200
4 5643264
0 5643328
5 5643392
3 5643456
8 5643520
6 5643584
7 5643648
6 5643712
7 5643776
7 5643840
0 5643904
10 5643968
3 5644032
7 5644096
10 5644160
3 5644224
7 5644288
9 5644352
6 5644416
7 5644480
2 5644544
8 5644608
0 5644672
3 5644736
6 5644800
7 5644864
1 5644928
9 5644992
9 5645056
9 5645120
4 5645184
10 5645248
6 5645312
5 5645376
0 5645440
1 5645504
2 5645568
3 5645632
5 5645696
7 5645760
8 5645824
2 5645888
2 5645952
3 5646016
10 5646080
9 5646144
4 5646208
9 5646272
7 5646336
0 5646400
8 5646464
3 5646528
4 5646592
0 5646656
6 5646720
2 5646784
6 5646848
2 5646912
9 5646976
5 5647040
10 5647104
3 5647168
6 5647232
4 5647296
4 5647360
1 5647424
4 5647488
8 5647552
7 5647616
7 5647680
7 5647744
10 5647808
4 5647872
5 5647936
9 5648000
9 5648064
4 5648128
1 5648192
8 5648256
8 5648320
3 5648384
6 5648448
8 5648512
0 5648576
8 5648640
9 5648704
8 5648768
8 5648832
0 5648896
9 5648960
3 5649024
2 5649088
0 5649152
7 5649216
9 5649280
6 5649344
4 5649408
4 5649472
8 5649536
1 5649600
7 5649664
5 5649728
5 5649792
2 5649856
5 5649920
3 5649984
9 5650048
1 5650112
10 5650176
2 5650240
5 5650304
5 5650368
2 5650432
5 5650496
0 5650560
0 5650624
3 5650688
0 5650752
8 5650816
9 5650880
7 5650944
3 5651008
7 5651072
6 5651136
0 5651200
10 5651264
2 5651328
7 5651392
8 5651456
7 5651520
0 5651584
3 5651648
3 5651712
2 5651776
1 5651840
10 5651904
5 5651968
8 5652032
3 5652096
10 5652160
6 5652224
3 5652288
0 5652352
3 5652416
9 5652480
2 5652544
8 5652608
5 5652672
8 5652736
6 5652800
7 5652864
4 5652928
3 5652992
10 5653056
6 5653120
0 5653184
4 5653248
8 5653312
10 5653376
9 5653440
8 5653504
8 5653568
3 5653632
3 5653696
6 5653760
2 5653824
8 5653888
10 5653952
10 5654016
1 5654080
7 5654144
5 5654208
0 5654272
6 5654336
0 5654400
9 5654464
4 5654528
7 5654592
1 5654656
8 5654720
8 5654784
8 5654848
0 5654912
10 5654976
10 5655040
6 5655104
10 5655168
9 5655232
10 5655296
5 5655360
1 5655424
3 5655488
1 5655552
9 5655616
1 5655680
4 5655744
2 5655808
9 5655872
6 5655936
7 5656000
3 5656064
0 5656128
7 5656192
4 5656256
6 5656320
8 5656384
6 5656448
3 5656512
8 5656576
6 5656640
4 5656704
6 5656768
1 5656832
0 5656896
7 5656960
8 5657024
1 5657088
2 5657152
7 5657216
7 5657280
9 5657344
4 5657408
9 5657472
1 5657536
7 5657600
6 5657664
5 5657728
5 5657792
8 5657856
9 5657920
8 5657984
8 5658048
2 5658112
3 5658176
9 5658240
1 5658304
6 5658368
2 5658432
7 5658496
0 5658560
4 5658624
9 5658688
1 5658752
4 5658816
10 5658880
1 5658944
8 5659008
5 5659072
6 5659136
2 5659200
3 5659264
3 5659328
3 5659392
8 5659456
10 5659520
3 5659584
1 5659648
6 5659712
7 5659776
2 5659840
9 5659904
0 5659968
0 5660032
3 5660096
7 5660160
2 5660224
10 5660288
4 5660352
10 5660416
7 5660480
0 5660544
10 5660608
9 5660672
10 5660736
4 5660800
1 5660864
9 5660928
5 5660992
1 5661056
3 5661120
0 5661184
7 5661248
4 5661312
5 5661376
5 5661440
2 5661504
9 5661568
0 5661632
10 5661696
0 5661760
3 5661824
5 5661888
9 5661952
2 5662016
10 5662080
0 5662144
5 5662208
7 5662272
10 5662336
0 5662400
8 5662464
3 5662528
9 5662592
10 5662656
2 5662720
10 5662784
2 5662848
6 5662912
3 5662976
0 5663040
3 5663104
0 5663168
7 5663232
8 5663296
3 5663360
10 5663424
7 5663488
1 5663552
10 5663616
6 5663680
4 5663744
2 5663808
9 5663872
4 5663936
6 5664000
1 5664064
2 5664128
10 5664192
5 5664256
10 5664320
7 5664384
9 5664448
8 5664512
10 5664576
10 5664640
1 5664704
2 5664768
3 5664832
3 5664896
1 5664960
10 5665024
6 5665088
0 5665152
3 5665216
0 5665280
8 5665344
9 5665408
9 5665472
2 5665536
10 5665600
10 5665664
5 5665728
6 5665792
3 5665856
10 5665920
1 5665984
1 5666048
4 5666112
0 5666176
2 5666240
1 5666304
5 5666368
3 5666432
0 5666496
8 5666560
0 5666624
4 5666688
0 5666752
2 5666816
7 5666880
6 5666944
1 5667008
7 5667072
7 5667136
8 5667200
1 5667264
2 5667328
8 5667392
9 5667456
3 5667520
3 5667584
2 5667648
3 5667712
4 5667776
5 5667840
4 5667904
2 5667968
10 5668032
2 5668096
3 5668160
10 5668224
10 5668288
1 5668352
7 5668416
10 5668480
7 5668544
8 5668608
1 5668672
6 5668736
2 5668800
1 5668864
4 5668928
2 5668992
7 5669056
6 5669120
5 5669184
10 5669248
6 5669312
5 5669376
7 5669440
0 5669504
7 5669568
6 5669632
2 5669696
1 5669760
4 5669824
1 5669888
6 5669952
3 5670016
5 5670080
0 5670144
10 5670208
2 5670272
1 5670336
4 5670400
2 5670464
1 5670528
0 5670592
6 5670656
10 5670720
1 5670784
1 5670848
4 5670912
1 5670976
0 5671040
6 5671104
4 5671168
5 5671232
5 5671296
8 5671360
2 5671424
0 5671488
0 5671552
10 5671616
9 5671680
4 5671744
1 5671808
2 5671872
4 5671936
4 5672000
5 5672064
1 5672128
6 5672192
1 5672256
9 5672320
4 5672384
6 5672448
5 5672512
3 5672576
7 5672640
0 5672704
9 5672768
2 5672832
3 5672896
8 5672960
10 5673024
7 5673088
9 5673152
8 5673216
3 5673280
2 5673344
10 5673408
3 5673472
2 5673536
3 5673600
6 5673664
7 5673728
7 5673792
0 5673856
9 5673920
8 5673984
9 5674048
5 5674112
3 5674176
4 5674240
2 5674304
5 5674368
1 5674432
7 5674496
0 5674560
1 5674624
3 5674688
5 5674752
8 5674816
8 5674880
1 5674944
10 5675008
2 5675072
1 5675136
5 5675200
5 5675264
5 5675328
2 5675392
4 5675456
8 5675520
9 5675584
9 5675648
3 5675712
0 5675776
8 5675840
7 5675904
1 5675968
3 5676032
0 5676096
1 5676160
6 5676224
1 5676288
8 5676352
8 5676416
0 5676480
4 5676544
1 5676608
1 5676672
2 5676736
1 5676800
10 5676864
2 5676928
6 5676992
1 5677056
0 5677120
9 5677184
10 5677248
10 5677312
0 5677376
6 5677440
1 5677504
0 5677568
2 5677632
9 5677696
6 5677760
7 5677824
4 5677888
6 5677952
9 5678016
7 5678080
7 5678144
8 5678208
0 5678272
3 5678336
4 5678400
9 5678464
3 5678528
1 5678592
6 5678656
3 5678720
9 5678784
3 5678848
4 5678912
8 5678976
3 5679040
5 5679104
5 5679168
7 5679232
4 5679296
9 5679360
0 5679424
8 5679488
5 5679552
7 5679616
4 5679680
7 5679744
1 5679808
7 5679872
7 5679936
1 5680000
5 5680064
5 5680128
6 5680192
4 5680256
8 5680320
9 5680384
6 5680448
4 5680512
3 5680576
2 5680640
2 5680704
4 5680768
6 5680832
9 5680896
6 5680960
3 5681024
1 5681088
8 5681152
10 5681216
1 5681280
5 5681344
8 5681408
9 5681472
9 5681536
6 5681600
0 5681664
9 5681728
9 5681792
3 5681856
10 5681920
10 5681984
2 5682048
6 5682112
3 5682176
4 5682240
3 5682304
0 5682368
9 5682432
2 5682496
6 5682560
2 5682624
0 5682688
4 5682752
8 5682816
2 5682880
4 5682944
0 5683008
1 5683072
5 5683136
2 5683200
1 5683264
7 5683328
3 5683392
8 5683456
1 5683520
0 5683584
1 5683648
10 5683712
8 5683776
9 5683840
7 5683904
3 5683968
3 5684032
10 5684096
2 5684160
4 5684224
7 5684288
1 5684352
5 5684416
10 5684480
2 5684544
5 5684608
8 5684672
9 5684736
9 5684800
9 5684864
6 5684928
7 5684992
3 5685056
9 5685120
0 5685184
3 5685248
1 5685312
6 5685376
9 5685440
7 5685504
2 5685568
8 5685632
1 5685696
8 5685760
8 5685824
5 5685888
10 5685952
8 5686016
4 5686080
0 5686144
7 5686208
3 5686272
4 5686336
3 5686400
1 5686464
9 5686528
0 5686592
10 5686656
8 5686720
5 5686784
10 5686848
7 5686912
3 5686976
4 5687040
6 5687104
9 5687168
8 5687232
6 5687296
7 5687360
5 5687424
10 5687488
8 5687552
9 5687616
7 5687680
0 5687744
1 5687808
5 5687872
4 5687936
2 5688000
10 5688064
2 5688128
10 5688192
10 5688256
7 5688320
0 5688384
9 5688448
5 5688512
5 5688576
7 5688640
7 5688704
10 5688768
2 5688832
0 5688896
0 5688960
5 5689024
3 5689088
6 5689152
8 5689216
8 5689280
9 5689344
0 5689408
8 5689472
9 5689536
6 5689600
4 5689664
3 5689728
5 5689792
3 5689856
8 5689920
2 5689984
0 5690048
1 5690112
8 5690176
7 5690240
7 5690304
6 5690368
7 5690432
1 5690496
2 5690560
9 5690624
4 5690688
10 5690752
4 5690816
1 5690880
1 5690944
5 5691008
3 5691072
10 5691136
0 5691200
9 5691264
1 5691328
2 5691392
7 5691456
0 5691520
7 5691584
3 5691648
6 5691712
6 5691776
2 5691840
0 5691904
6 5691968
10 5692032
2 5692096
7 5692160
2 5692224
4 5692288
4 5692352
7 5692416
0 5692480
9 5692544
9 5692608
6 5692672
7 5692736
4 5692800
5 5692864
0 5692928
7 5692992
1 5693056
6 5693120
2 5693184
3 5693248
9 5693312
2 5693376
5 5693440
2 5693504
6 5693568
10 5693632
5 5693696
10 5693760
5 5693824
5 5693888
10 5693952
7 5694016
5 5694080
7 5694144
6 5694208
10 5694272
8 5694336
1 5694400
1 5694464
2 5694528
0 5694592
0 5694656
5 5694720
6 5694784
5 5694848
10 5694912
5 5694976
5 5695040
3 5695104
0 5695168
10 5695232
4 5695296
0 5695360
7 5695424
4 5695488
3 5695552
10 5695616
9 5695680
3 5695744
8 5695808
7 5695872
2 5695936
10 5696000
7 5696064
0 5696128
7 5696192
10 5696256
5 5696320
9 5696384
3 5696448
3 5696512
5 5696576
9 5696640
10 5696704
2 5696768
4 5696832
2 5696896
3 5696960
8 5697024
4 5697088
4 5697152
8 5697216
2 5697280
3 5697344
2 5697408
8 5697472
9 5697536
0 5697600
1 5697664
7 5697728
1 5697792
0 5697856
6 5697920
3 5697984
7 5698048
8 5698112
1 5698176
1 5698240
8 5698304
6 5698368
8 5698432
9 5698496
3 5698560
8 5698624
3 5698688
9 5698752
10 5698816
5 5698880
4 5698944
3 5699008
4 5699072
10 5699136
5 5699200
7 5699264
1 5699328
2 5699392
8 5699456
4 5699520
0 5699584
3 5699648
8 5699712
4 5699776
0 5699840
5 5699904
8 5699968
8 5700032
7 5700096
0 5700160
4 5700224
9 5700288
1 5700352
9 5700416
3 5700480
1 5700544
8 5700608
10 5700672
7 5700736
3 5700800
2 5700864
3 5700928
3 5700992
5 5701056
1 5701120
9 5701184
5 5701248
0 5701312
9 5701376
6 5701440
2 5701504
3 5701568
3 5701632
4 5701696
4 5701760
0 5701824
10 5701888
5 5701952
9 5702016
10 5702080
3 5702144
8 5702208
9 5702272
8 5702336
3 5702400
3 5702464
3 5702528
3 5702592
7 5702656
10 5702720
8 5702784
7 5702848
3 5702912
10 5702976
10 5703040
3 5703104
5 5703168
8 5703232
0 5703296
5 5703360
8 5703424
2 5703488
9 5703552
10 5703616
9 5703680
8 5703744
9 5703808
5 5703872
9 5703936
8 5704000
1 5704064
4 5704128
8 5704192
8 5704256
0 5704320
5 5704384
9 5704448
5 5704512
1 5704576
5 5704640
5 5704704
6 5704768
7 5704832
4 5704896
6 5704960
4 5705024
2 5705088
2 5705152
7 5705216
3 5705280
0 5705344
0 5705408
6 5705472
3 5705536
6 5705600
4 5705664
7 5705728
0 5705792
4 5705856
8 5705920
7 5705984
0 5706048
4 5706112
2 5706176
8 5706240
10 5706304
0 5706368
4 5706432
10 5706496
8 5706560
9 5706624
1 5706688
9 5706752
2 5706816
9 5706880
4 5706944
10 5707008
4 5707072
7 5707136
6 5707200
3 5707264
3 5707328
10 5707392
10 5707456
7 5707520
7 5707584
9 5707648
9 5707712
3 5707776
8 5707840
0 5707904
4 5707968
7 5708032
0 5708096
1 5708160
3 5708224
0 5708288
3 5708352
7 5708416
6 5708480
0 5708544
4 5708608
9 5708672
1 5708736
9 5708800
1 5708864
7 5708928
9 5708992
9 5709056
7 5709120
0 5709184
5 5709248
7 5709312
9 5709376
10 5709440
7 5709504
3 5709568
1 5709632
0 5709696
8 5709760
0 5709824
2 5709888
7 5709952
1 5710016
3 5710080
6 5710144
2 5710208
2 5710272
5 5710336
5 5710400
7 5710464
8 5710528
4 5710592
1 5710656
9 5710720
0 5710784
3 5710848
2 5710912
2 5710976
2 5711040
1 5711104
1 5711168
3 5711232
8 5711296
8 5711360
6 5711424
9 5711488
10 5711552
1 5711616
8 5711680
6 5711744
6 5711808
0 5711872
7 5711936
0 5712000
9 5712064
4 5712128
1 5712192
9 5712256
5 5712320
7 5712384
2 5712448
4 5712512
1 5712576
6 5712640
8 5712704
5 5712768
8 5712832
10 5712896
10 5712960
4 5713024
5 5713088
3 5713152
6 5713216
9 5713280
8 5713344
10 5713408
1 5713472
10 5713536
0 5713600
5 5713664
3 5713728
4 5713792
0 5713856
5 5713920
3 5713984
4 5714048
7 5714112
4 5714176
9 5714240
2 5714304
10 5714368
3 5714432
0 5714496
10 5714560
8 5714624
1 5714688
0 5714752
7 5714816
9 5714880
9 5714944
3 5715008
4 5715072
5 5715136
6 5715200
5 5715264
1 5715328
3 5715392
9 5715456
10 5715520
0 5715584
7 5715648
10 5715712
2 5715776
6 5715840
7 5715904
4 5715968
10 5716032
5 5716096
3 5716160
3 5716224
9 5716288
6 5716352
2 5716416
5 5716480
9 5716544
9 5716608
9 5716672
1 5716736
7 5716800
8 5716864
0 5716928
10 5716992
2 5717056
7 5717120
1 5717184
5 5717248
2 5717312
2 5717376
7 5717440
3 5717504
7 5717568
2 5717632
2 5717696
6 5717760
3 5717824
8 5717888
6 5717952
1 5718016
7 5718080
1 5718144
6 5718208
8 5718272
1 5718336
3 5718400
8 5718464
3 5718528
5 5718592
8 5718656
1 5718720
7 5718784
8 5718848
1 5718912
0 5718976
5 5719040
2 5719104
4 5719168
10 5719232
5 5719296
0 5719360
3 5719424
5 5719488
7 5719552
10 5719616
8 5719680
3 5719744
5 5719808
4 5719872
2 5719936
1 5720000
1 5720064
3 5720128
10 5720192
10 5720256
5 5720320
7 5720384
9 5720448
6 5720512
1 5720576
4 5720640
4 5720704
4 5720768
0 5720832
0 5720896
5 5720960
7 5721024
9 5721088
9 5721152
7 5721216
9 5721280
8 5721344
4 5721408
3 5721472
1 5721536
5 5721600
2 5721664
2 5721728
7 5721792
9 5721856
1 5721920
1 5721984
0 5722048
10 5722112
7 5722176
4 5722240
6 5722304
5 5722368
5 5722432
0 5722496
6 5722560
5 5722624
3 5722688
0 5722752
2 5722816
10 5722880
0 5722944
0 5723008
6 5723072
8 5723136
6 5723200
5 5723264
10 5723328
2 5723392
3 5723456
2 5723520
0 5723584
4 5723648
2 5723712
0 5723776
10 5723840
4 5723904
2 5723968
2 5724032
4 5724096
7 5724160
0 5724224
4 5724288
2 5724352
8 5724416
4 5724480
8 5724544
5 5724608
0 5724672
1 5724736
3 5724800
6 5724864
7 5724928
2 5724992
4 5725056
5 5725120
0 5725184
8 5725248
9 5725312
3 5725376
2 5725440
0 5725504
0 5725568
8 5725632
5 5725696
8 5725760
10 5725824
7 5725888
5 5725952
2 5726016
1 5726080
9 5726144
3 5726208
2 5726272
6 5726336
9 5726400
4 5726464
4 5726528
10 5726592
6 5726656
4 5726720
3 5726784
1 5726848
0 5726912
2 5726976
9 5727040
1 5727104
2 5727168
0 5727232
9 5727296
7 5727360
6 5727424
10 5727488
5 5727552
8 5727616
3 5727680
10 5727744
5 5727808
7 5727872
1 5727936
10 5728000
7 5728064
8 5728128
6 5728192
2 5728256
0 5728320
8 5728384
9 5728448
2 5728512
7 5728576
9 5728640
9 5728704
7 5728768
9 5728832
3 5728896
4 5728960
8 5729024
3 5729088
2 5729152
9 5729216
4 5729280
8 5729344
0 5729408
7 5729472
4 5729536
2 5729600
6 5729664
8 5729728
9 5729792
0 5729856
1 5729920
7 5729984
5 5730048
0 5730112
1 5730176
7 5730240
7 5730304
5 5730368
4 5730432
7 5730496
5 5730560
0 5730624
3 5730688
10 5730752
1 5730816
6 5730880
10 5730944
8 5731008
1 5731072
5 5731136
7 5731200
3 5731264
6 5731328
6 5731392
4 5731456
0 5731520
10 5731584
9 5731648
6 5731712
8 5731776
0 5731840
1 5731904
2 5731968
0 5732032
0 5732096
3 5732160
9 5732224
0 5732288
8 5732352
10 5732416
1 5732480
9 5732544
7 5732608
0 5732672
10 5732736
4 5732800
7 5732864
6 5732928
5 5732992
9 5733056
5 5733120
4 5733184
4 5733248
0 5733312
8 5733376
8 5733440
8 5733504
8 5733568
5 5733632
0 5733696
3 5733760
7 5733824
2 5733888
1 5733952
9 5734016
3 5734080
0 5734144
4 5734208
1 5734272
8 5734336
0 5734400
8 5734464
10 5734528
4 5734592
8 5734656
2 5734720
9 5734784
6 5734848
0 5734912
4 5734976
6 5735040
2 5735104
0 5735168
8 5735232
7 5735296
3 5735360
8 5735424
4 5735488
3 5735552
2 5735616
2 5735680
1 5735744
5 5735808
6 5735872
3 5735936
4 5736000
3 5736064
9 5736128
7 5736192
6 5736256
8 5736320
2 5736384
10 5736448
5 5736512
2 5736576
3 5736640
8 5736704
1 5736768
5 5736832
4 5736896
7 5736960
4 5737024
3 5737088
2 5737152
10 5737216
9 5737280
9 5737344
5 5737408
5 5737472
7 5737536
5 5737600
5 5737664
3 5737728
8 5737792
3 5737856
5 5737920
0 5737984
6 5738048
5 5738112
4 5738176
1 5738240
3 5738304
9 5738368
0 5738432
7 5738496
10 5738560
4 5738624
4 5738688
3 5738752
2 5738816
9 5738880
7 5738944
9 5739008
2 5739072
0 5739136
2 5739200
2 5739264
2 5739328
1 5739392
2 5739456
3 5739520
10 5739584
7 5739648
10 5739712
0 5739776
10 5739840
3 5739904
2 5739968
10 5740032
10 5740096
2 5740160
8 5740224
8 5740288
8 5740352
9 5740416
7 5740480
0 5740544
10 5740608
2 5740672
10 5740736
6 5740800
0 5740864
0 5740928
10 5740992
5 5741056
2 5741120
0 5741184
6 5741248
1 5741312
0 5741376
8 5741440
4 5741504
1 5741568
0 5741632
6 5741696
9 5741760
10 5741824
7 5741888
7 5741952
10 5742016
10 5742080
7 5742144
5 5742208
3 5742272
2 5742336
3 5742400
8 5742464
6 5742528
3 5742592
10 5742656
10 5742720
7 5742784
7 5742848
3 5742912
6 5742976
4 5743040
2 5743104
1 5743168
7 5743232
8 5743296
5 5743360
10 5743424
7 5743488
2 5743552
2 5743616
8 5743680
10 5743744
0 5743808
4 5743872
3 5743936
6 5744000
9 5744064
1 5744128
7 5744192
4 5744256
2 5744320
3 5744384
8 5744448
0 5744512
10 5744576
8 5744640
6 5744704
9 5744768
1 5744832
9 5744896
1 5744960
8 5745024
0 5745088
9 5745152
8 5745216
1 5745280
7 5745344
4 5745408
5 5745472
5 5745536
2 5745600
7 5745664
5 5745728
10 5745792
3 5745856
7 5745920
0 5745984
0 5746048
4 5746112
1 5746176
0 5746240
2 5746304
3 5746368
3 5746432
6 5746496
2 5746560
8 5746624
6 5746688
4 5746752
1 5746816
1 5746880
6 5746944
9 5747008
2 5747072
7 5747136
7 5747200
10 5747264
0 5747328
3 5747392
8 5747456
9 5747520
3 5747584
10 5747648
1 5747712
10 5747776
3 5747840
10 5747904
6 5747968
10 5748032
4 5748096
9 5748160
0 5748224
3 5748288
6 5748352
5 5748416
7 5748480
1 5748544
6 5748608
8 5748672
8 5748736
9 5748800
7 5748864
2 5748928
9 5748992
10 5749056
3 5749120
1 5749184
9 5749248
0 5749312
1 5749376
0 5749440
1 5749504
8 5749568
5 5749632
5 5749696
4 5749760
0 5749824
5 5749888
7 5749952
4 5750016
4 5750080
8 5750144
7 5750208
0 5750272
3 5750336
8 5750400
1 5750464
7 5750528
1 5750592
7 5750656
4 5750720
7 5750784
4 5750848
9 5750912
0 5750976
7 5751040
9 5751104
2 5751168
3 5751232
2 5751296
8 5751360
5 5751424
3 5751488
3 5751552
7 5751616
3 5751680
6 5751744
2 5751808
3 5751872
0 5751936
5 5752000
7 5752064
6 5752128
2 5752192
0 5752256
7 5752320
2 5752384
6 5752448
6 5752512
9 5752576
3 5752640
1 5752704
8 5752768
5 5752832
8 5752896
5 5752960
2 5753024
10 5753088
1 5753152
8 5753216
6 5753280
2 5753344
5 5753408
3 5753472
9 5753536
5 5753600
6 5753664
3 5753728
9 5753792
4 5753856
10 5753920
8 5753984
7 5754048
4 5754112
2 5754176
2 5754240
4 5754304
3 5754368
4 5754432
9 5754496
0 5754560
9 5754624
3 5754688
4 5754752
2 5754816
6 5754880
9 5754944
2 5755008
6 5755072
3 5755136
4 5755200
4 5755264
4 5755328
8 5755392
3 5755456
0 5755520
4 5755584
1 5755648
0 5755712
5 5755776
4 5755840
5 5755904
10 5755968
8 5756032
9 5756096
6 5756160
0 5756224
1 5756288
9 5756352
3 5756416
10 5756480
7 5756544
7 5756608
2 5756672
8 5756736
6 5756800
7 5756864
5 5756928
10 5756992
6 5757056
6 5757120
8 5757184
0 5757248
7 5757312
3 5757376
4 5757440
5 5757504
7 5757568
1 5757632
0 5757696
7 5757760
1 5757824
7 5757888
8 5757952
0 5758016
6 5758080
5 5758144
5 5758208
0 5758272
2 5758336
6 5758400
4 5758464
7 5758528
2 5758592
2 5758656
3 5758720
1 5758784
4 5758848
6 5758912
10 5758976
4 5759040
2 5759104
0 5759168
2 5759232
0 5759296
7 5759360
6 5759424
5 5759488
7 5759552
9 5759616
6 5759680
6 5759744
7 5759808
5 5759872
8 5759936
1 5760000
3 5760064
4 5760128
3 5760192
4 5760256
4 5760320
7 5760384
7 5760448
6 5760512
2 5760576
3 5760640
6 5760704
9 5760768
6 5760832
6 5760896
10 5760960
3 5761024
7 5761088
8 5761152
6 5761216
1 5761280
2 5761344
0 5761408
4 5761472
5 5761536
9 5761600
7 5761664
7 5761728
6 5761792
7 5761856
10 5761920
4 5761984
0 5762048
4 5762112
9 5762176
5 5762240
0 5762304
6 5762368
10 5762432
9 5762496
2 5762560
5 5762624
1 5762688
9 5762752
10 5762816
1 5762880
1 5762944
5 5763008
10 5763072
5 5763136
6 5763200
5 5763264
2 5763328
9 5763392
2 5763456
7 5763520
10 5763584
8 5763648
1 5763712
10 5763776
3 5763840
6 5763904
2 5763968
4 5764032
10 5764096
8 5764160
0 5764224
4 5764288
6 5764352
7 5764416
7 5764480
9 5764544
3 5764608
3 5764672
8 5764736
3 5764800
9 5764864
5 5764928
0 5764992
2 5765056
10 5765120
7 5765184
8 5765248
6 5765312
10 5765376
2 5765440
10 5765504
6 5765568
3 5765632
10 5765696
1 5765760
4 5765824
1 5765888
3 5765952
5 5766016
0 5766080
3 5766144
9 5766208
7 5766272
8 5766336
5 5766400
1 5766464
4 5766528
1 5766592
2 5766656
0 5766720
1 5766784
1 5766848
9 5766912
0 5766976
6 5767040
7 5767104
7 5767168
3 5767232
6 5767296
8 5767360
5 5767424
2 5767488
10 5767552
3 5767616
7 5767680
10 5767744
4 5767808
7 5767872
6 5767936
1 5768000
1 5768064
5 5768128
5 5768192
8 5768256
4 5768320
9 5768384
10 5768448
7 5768512
3 5768576
8 5768640
4 5768704
0 5768768
0 5768832
8 5768896
1 5768960
1 5769024
0 5769088
5 5769152
2 5769216
1 5769280
2 5769344
4 5769408
0 5769472
10 5769536
7 5769600
6 5769664
6 5769728
7 5769792
8 5769856
6 5769920
1 5769984
9 5770048
8 5770112
6 5770176
6 5770240
4 5770304
5 5770368
3 5770432
3 5770496
8 5770560
3 5770624
7 5770688
3 5770752
3 5770816
1 5770880
0 5770944
7 5771008
10 5771072
4 5771136
7 5771200
6 5771264
0 5771328
3 5771392
1 5771456
0 5771520
7 5771584
7 5771648
7 5771712
3 5771776
10 5771840
5 5771904
3 5771968
3 5772032
9 5772096
6 5772160
4 5772224
1 5772288
4 5772352
4 5772416
1 5772480
2 5772544
7 5772608
5 5772672
7 5772736
9 5772800
8 5772864
8 5772928
0 5772992
2 5773056
7 5773120
2 5773184
0 5773248
9 5773312
9 5773376
10 5773440
3 5773504
5 5773568
2 5773632
5 5773696
1 5773760
2 5773824
0 5773888
9 5773952
8 5774016
7 5774080
5 5774144
5 5774208
4 5774272
6 5774336
7 5774400
0 5774464
0 5774528
4 5774592
7 5774656
5 5774720
10 5774784
8 5774848
7 5774912
0 5774976
1 5775040
2 5775104
8 5775168
0 5775232
8 5775296
7 5775360
0 5775424
3 5775488
4 5775552
1 5775616
1 5775680
6 5775744
3 5775808
8 5775872
6 5775936
1 5776000
0 5776064
1 5776128
0 5776192
8 5776256
3 5776320
0 5776384
1 5776448
5 5776512
3 5776576
5 5776640
10 5776704
10 5776768
2 5776832
7 5776896
8 5776960
0 5777024
0 5777088
5 5777152
6 5777216
0 5777280
8 5777344
8 5777408
6 5777472
3 5777536
8 5777600
10 5777664
4 5777728
1 5777792
9 5777856
6 5777920
2 5777984
8 5778048
4 5778112
1 5778176
9 5778240
4 5778304
4 5778368
7 5778432
4 5778496
6 5778560
9 5778624
0 5778688
5 5778752
7 5778816
9 5778880
2 5778944
3 5779008
2 5779072
10 5779136
1 5779200
8 5779264
3 5779328
9 5779392
5 5779456
7 5779520
6 5779584
8 5779648
5 5779712
3 5779776
8 5779840
9 5779904
3 5779968
3 5780032
5 5780096
6 5780160
2 5780224
4 5780288
1 5780352
9 5780416
5 5780480
1 5780544
7 5780608
8 5780672
6 5780736
3 5780800
1 5780864
8 5780928
10 5780992
9 5781056
2 5781120
7 5781184
8 5781248
6 5781312
9 5781376
8 5781440
10 5781504
5 5781568
6 5781632
8 5781696
7 5781760
9 5781824
6 5781888
7 5781952
3 5782016
7 5782080
9 5782144
9 5782208
5 5782272
6 5782336
8 5782400
8 5782464
0 5782528
8 5782592
5 5782656
9 5782720
10 5782784
6 5782848
6 5782912
5 5782976
2 5783040
1 5783104
6 5783168
3 5783232
10 5783296
10 5783360
4 5783424
8 5783488
7 5783552
8 5783616
6 5783680
4 5783744
8 5783808
0 5783872
1 5783936
0 5784000
5 5784064
1 5784128
10 5784192
1 5784256
8 5784320
4 5784384
2 5784448
10 5784512
6 5784576
4 5784640
1 5784704
0 5784768
2 5784832
2 5784896
0 5784960
5 5785024
8 5785088
3 5785152
5 5785216
9 5785280
5 5785344
10 5785408
7 5785472
8 5785536
8 5785600
0 5785664
8 5785728
3 5785792
5 5785856
2 5785920
6 5785984
2 5786048
7 5786112
3 5786176
10 5786240
8 5786304
2 5786368
7 5786432
6 5786496
0 5786560
6 5786624
7 5786688
0 5786752
6 5786816
2 5786880
5 5786944
0 5787008
9 5787072
1 5787136
10 5787200
7 5787264
10 5787328
9 5787392
2 5787456
6 5787520
1 5787584
1 5787648
9 5787712
8 5787776
0 5787840
9 5787904
5 5787968
6 5788032
0 5788096
6 5788160
10 5788224
9 5788288
9 5788352
3 5788416
2 5788480
3 5788544
2 5788608
3 5788672
6 5788736
7 5788800
3 5788864
6 5788928
5 5788992
10 5789056
4 5789120
0 5789184
1 5789248
9 5789312
7 5789376
3 5789440
1 5789504
1 5789568
1 5789632
2 5789696
0 5789760
2 5789824
7 5789888
2 5789952
2 5790016
1 5790080
6 5790144
3 5790208
1 5790272
7 5790336
4 5790400
10 5790464
10 5790528
10 5790592
1 5790656
9 5790720
9 5790784
3 5790848
8 5790912
9 5790976
2 5791040
10 5791104
7 5791168
3 5791232
3 5791296
4 5791360
0 5791424
9 5791488
5 5791552
8 5791616
6 5791680
3 5791744
5 5791808
4 5791872
6 5791936
9 5792000
2 5792064
3 5792128
2 5792192
6 5792256
6 5792320
2 5792384
4 5792448
2 5792512
9 5792576
9 5792640
6 5792704
6 5792768
3 5792832
9 5792896
0 5792960
7 5793024
4 5793088
2 5793152
10 5793216
6 5793280
6 5793344
3 5793408
3 5793472
8 5793536
10 5793600
9 5793664
1 5793728
2 5793792
2 5793856
8 5793920
0 5793984
0 5794048
2 5794112
3 5794176
10 5794240
7 5794304
0 5794368
10 5794432
10 5794496
6 5794560
0 5794624
9 5794688
10 5794752
3 5794816
1 5794880
4 5794944
1 5795008
7 5795072
10 5795136
3 5795200
3 5795264
6 5795328
1 5795392
2 5795456
3 5795520
9 5795584
3 5795648
3 5795712
8 5795776
1 5795840
8 5795904
9 5795968
4 5796032
5 5796096
10 5796160
4 5796224
10 5796288
10 5796352
9 5796416
7 5796480
5 5796544
1 5796608
10 5796672
5 5796736
2 5796800
3 5796864
8 5796928
10 5796992
5 5797056
8 5797120
9 5797184
7 5797248
2 5797312
5 5797376
0 5797440
6 5797504
7 5797568
1 5797632
3 5797696
2 5797760
2 5797824
10 5797888
3 5797952
7 5798016
0 5798080
9 5798144
0 5798208
3 5798272
1 5798336
3 5798400
4 5798464
6 5798528
4 5798592
4 5798656
3 5798720
9 5798784
0 5798848
1 5798912
5 5798976
10 5799040
3 5799104
3 5799168
9 5799232
5 5799296
8 5799360
3 5799424
3 5799488
2 5799552
10 5799616
6 5799680
5 5799744
0 5799808
9 5799872
0 5799936
1 5800000
2 5800064
8 5800128
1 5800192
8 5800256
4 5800320
10 5800384
8 5800448
9 5800512
3 5800576
10 5800640
6 5800704
4 5800768
5 5800832
9 5800896
0 5800960
3 5801024
10 5801088
0 5801152
0 5801216
6 5801280
7 5801344
9 5801408
9 5801472
1 5801536
10 5801600
3 5801664
4 5801728
6 5801792
8 5801856
0 5801920
6 5801984
10 5802048
0 5802112
6 5802176
5 5802240
6 5802304
1 5802368
2 5802432
1 5802496
10 5802560
7 5802624
4 5802688
7 5802752
2 5802816
6 5802880
7 5802944
2 5803008
3 5803072
4 5803136
0 5803200
6 5803264
8 5803328
8 5803392
7 5803456
7 5803520
2 5803584
7 5803648
5 5803712
10 5803776
3 5803840
8 5803904
6 5803968
6 5804032
8 5804096
9 5804160
7 5804224
0 5804288
7 5804352
3 5804416
4 5804480
10 5804544
2 5804608
1 5804672
8 5804736
0 5804800
8 5804864
9 5804928
10 5804992
3 5805056
1 5805120
6 5805184
9 5805248
8 5805312
2 5805376
3 5805440
7 5805504
9 5805568
9 5805632
5 5805696
3 5805760
4 5805824
2 5805888
10 5805952
10 5806016
0 5806080
5 5806144
6 5806208
6 5806272
8 5806336
0 5806400
7 5806464
3 5806528
5 5806592
2 5806656
6 5806720
7 5806784
5 5806848
6 5806912
5 5806976
2 5807040
9 5807104
10 5807168
8 5807232
0 5807296
5 5807360
3 5807424
10 5807488
0 5807552
3 5807616
6 5807680
1 5807744
0 5807808
0 5807872
4 5807936
10 5808000
6 5808064
10 5808128
0 5808192
5 5808256
1 5808320
0 5808384
0 5808448
1 5808512
9 5808576
9 5808640
5 5808704
0 5808768
0 5808832
9 5808896
8 5808960
7 5809024
2 5809088
6 5809152
4 5809216
6 5809280
2 5809344
7 5809408
1 5809472
6 5809536
7 5809600
5 5809664
2 5809728
0 5809792
5 5809856
9 5809920
3 5809984
5 5810048
4 5810112
1 5810176
5 5810240
7 5810304
2 5810368
3 5810432
9 5810496
7 5810560
4 5810624
2 5810688
4 5810752
7 5810816
4 5810880
2 5810944
10 5811008
5 5811072
8 5811136
9 5811200
1 5811264
9 5811328
9 5811392
5 5811456
9 5811520
7 5811584
4 5811648
6 5811712
5 5811776
1 5811840
9 5811904
8 5811968
4 5812032
6 5812096
10 5812160
5 5812224
6 5812288
3 5812352
1 5812416
6 5812480
0 5812544
3 5812608
2 5812672
10 5812736
8 5812800
10 5812864
8 5812928
8 5812992
9 5813056
4 5813120
10 5813184
8 5813248
9 5813312
7 5813376
8 5813440
9 5813504
4 5813568
1 5813632
7 5813696
2 5813760
6 5813824
3 5813888
5 5813952
2 5814016
8 5814080
8 5814144
2 5814208
8 5814272
0 5814336
10 5814400
10 5814464
8 5814528
2 5814592
3 5814656
1 5814720
4 5814784
3 5814848
10 5814912
0 5814976
10 5815040
2 5815104
5 5815168
2 5815232
0 5815296
0 5815360
10 5815424
2 5815488
9 5815552
8 5815616
9 5815680
0 5815744
4 5815808
2 5815872
10 5815936
6 5816000
9 5816064
8 5816128
0 5816192
8 5816256
7 5816320
8 5816384
2 5816448
5 5816512
3 5816576
4 5816640
6 5816704
7 5816768
10 5816832
0 5816896
9 5816960
9 5817024
7 5817088
10 5817152
8 5817216
5 5817280
10 5817344
0 5817408
6 5817472
1 5817536
6 5817600
1 5817664
3 5817728
1 5817792
10 5817856
2 5817920
1 5817984
7 5818048
8 5818112
8 5818176
10 5818240
8 5818304
8 5818368
10 5818432
10 5818496
1 5818560
6 5818624
10 5818688
2 5818752
6 5818816
6 5818880
6 5818944
9 5819008
8 5819072
7 5819136
4 5819200
2 5819264
2 5819328
3 5819392
3 5819456
8 5819520
4 5819584
4 5819648
4 5819712
6 5819776
1 5819840
1 5819904
7 5819968
9 5820032
5 5820096
4 5820160
9 5820224
5 5820288
7 5820352
1 5820416
10 5820480
1 5820544
7 5820608
0 5820672
4 5820736
9 5820800
4 5820864
10 5820928
4 5820992
10 5821056
10 5821120
1 5821184
5 5821248
3 5821312
6 5821376
1 5821440
4 5821504
5 5821568
1 5821632
10 5821696
10 5821760
10 5821824
8 5821888
3 5821952
1 5822016
3 5822080
2 5822144
1 5822208
10 5822272
8 5822336
1 5822400
6 5822464
7 5822528
0 5822592
4 5822656
9 5822720
1 5822784
5 5822848
6 5822912
1 5822976
0 5823040
0 5823104
7 5823168
2 5823232
6 5823296
0 5823360
7 5823424
6 5823488
8 5823552
10 5823616
5 5823680
1 5823744
6 5823808
4 5823872
0 5823936
10 5824000
6 5824064
4 5824128
0 5824192
0 5824256
5 5824320
8 5824384
4 5824448
4 5824512
5 5824576
1 5824640
2 5824704
8 5824768
2 5824832
7 5824896
2 5824960
9 5825024
4 5825088
2 5825152
8 5825216
9 5825280
8 5825344
1 5825408
1 5825472
6 5825536
6 5825600
4 5825664
9 5825728
7 5825792
2 5825856
10 5825920
4 5825984
8 5826048
3 5826112
2 5826176
5 5826240
9 5826304
5 5826368
7 5826432
4 5826496
8 5826560
5 5826624
9 5826688
1 5826752
3 5826816
3 5826880
7 5826944
5 5827008
9 5827072
9 5827136
3 5827200
3 5827264
4 5827328
5 5827392
8 5827456
2 5827520
3 5827584
8 5827648
8 5827712
1 5827776
8 5827840
7 5827904
1 5827968
6 5828032
9 5828096
4 5828160
6 5828224
7 5828288
5 5828352
6 5828416
8 5828480
9 5828544
10 5828608
2 5828672
9 5828736
10 5828800
2 5828864
4 5828928
10 5828992
7 5829056
6 5829120
8 5829184
0 5829248
7 5829312
2 5829376
5 5829440
7 5829504
10 5829568
9 5829632
7 5829696
5 5829760
10 5829824
1 5829888
3 5829952
1 5830016
5 5830080
4 5830144
6 5830208
3 5830272
6 5830336
7 5830400
10 5830464
6 5830528
2 5830592
1 5830656
3 5830720
10 5830784
6 5830848
0 5830912
6 5830976
2 5831040
9 5831104
4 5831168
9 5831232
4 5831296
4 5831360
7 5831424
10 5831488
2 5831552
7 5831616
2 5831680
4 5831744
5 5831808
5 5831872
10 5831936
7 5832000
6 5832064
9 5832128
9 5832192
9 5832256
8 5832320
7 5832384
5 5832448
1 5832512
1 5832576
9 5832640
4 5832704
8 5832768
9 5832832
3 5832896
10 5832960
3 5833024
3 5833088
6 5833152
3 5833216
9 5833280
9 5833344
6 5833408
0 5833472
1 5833536
4 5833600
4 5833664
7 5833728
1 5833792
5 5833856
10 5833920
9 5833984
9 5834048
10 5834112
7 5834176
7 5834240
10 5834304
1 5834368
9 5834432
4 5834496
10 5834560
4 5834624
5 5834688
9 5834752
5 5834816
9 5834880
6 5834944
1 5835008
4 5835072
0 5835136
9 5835200
7 5835264
7 5835328
4 5835392
1 5835456
8 5835520
4 5835584
1 5835648
2 5835712
6 5835776
4 5835840
0 5835904
5 5835968
3 5836032
5 5836096
2 5836160
9 5836224
3 5836288
2 5836352
2 5836416
7 5836480
6 5836544
9 5836608
7 5836672
3 5836736
10 5836800
0 5836864
5 5836928
7 5836992
2 5837056
1 5837120
8 5837184
6 5837248
4 5837312
5 5837376
10 5837440
3 5837504
2 5837568
10 5837632
6 5837696
1 5837760
6 5837824
9 5837888
1 5837952
7 5838016
4 5838080
9 5838144
9 5838208
3 5838272
10 5838336
9 5838400
4 5838464
5 5838528
10 5838592
2 5838656
2 5838720
7 5838784
9 5838848
1 5838912
8 5838976
0 5839040
5 5839104
5 5839168
4 5839232
7 5839296
0 5839360
0 5839424
6 5839488
8 5839552
8 5839616
7 5839680
3 5839744
0 5839808
10 5839872
2 5839936
9 5840000
6 5840064
10 5840128
2 5840192
0 5840256
5 5840320
6 5840384
10 5840448
3 5840512
3 5840576
6 5840640
4 5840704
0 5840768
9 5840832
7 5840896
6 5840960
2 5841024
8 5841088
2 5841152
7 5841216
1 5841280
10 5841344
2 5841408
8 5841472
8 5841536
2 5841600
6 5841664
3 5841728
1 5841792
0 5841856
9 5841920
6 5841984
8 5842048
7 5842112
2 5842176
5 5842240
4 5842304
0 5842368
7 5842432
7 5842496
4 5842560
8 5842624
8 5842688
1 5842752
6 5842816
8 5842880
2 5842944
0 5843008
4 5843072
3 5843136
2 5843200
8 5843264
1 5843328
2 5843392
7 5843456
7 5843520
3 5843584
1 5843648
7 5843712
7 5843776
4 5843840
10 5843904
2 5843968
10 5844032
7 5844096
8 5844160
9 5844224
10 5844288
4 5844352
3 5844416
7 5844480
8 5844544
10 5844608
8 5844672
7 5844736
2 5844800
4 5844864
2 5844928
7 5844992
5 5845056
8 5845120
1 5845184
4 5845248
0 5845312
6 5845376
5 5845440
0 5845504
5 5845568
8 5845632
0 5845696
9 5845760
10 5845824
5 5845888
3 5845952
1 5846016
6 5846080
4 5846144
7 5846208
0 5846272
5 5846336
9 5846400
10 5846464
4 5846528
8 5846592
8 5846656
7 5846720
5 5846784
3 5846848
4 5846912
0 5846976
7 5847040
10 5847104
10 5847168
10 5847232
3 5847296
2 5847360
8 5847424
10 5847488
4 5847552
5 5847616
6 5847680
8 5847744
8 5847808
10 5847872
9 5847936
3 5848000
2 5848064
2 5848128
8 5848192
1 5848256
10 5848320
7 5848384
1 5848448
0 5848512
8 5848576
2 5848640
2 5848704
8 5848768
1 5848832
9 5848896
4 5848960
0 5849024
3 5849088
3 5849152
4 5849216
9 5849280
7 5849344
7 5849408
5 5849472
10 5849536
10 5849600
9 5849664
3 5849728
3 5849792
6 5849856
7 5849920
8 5849984
3 5850048
5 5850112
8 5850176
8 5850240
4 5850304
5 5850368
4 5850432
9 5850496
0 5850560
10 5850624
8 5850688
6 5850752
7 5850816
10 5850880
8 5850944
1 5851008
3 5851072
8 5851136
10 5851200
2 5851264
3 5851328
1 5851392
1 5851456
9 5851520
6 5851584
7 5851648
6 5851712
10 5851776
4 5851840
7 5851904
5 5851968
10 5852032
8 5852096
3 5852160
3 5852224
5 5852288
6 5852352
6 5852416
3 5852480
8 5852544
8 5852608
10 5852672
2 5852736
8 5852800
2 5852864
2 5852928
7 5852992
0 5853056
6 5853120
10 5853184
10 5853248
9 5853312
7 5853376
7 5853440
7 5853504
7 5853568
3 5853632
0 5853696
8 5853760
4 5853824
2 5853888
9 5853952
8 5854016
5 5854080
0 5854144
7 5854208
7 5854272
0 5854336
10 5854400
2 5854464
3 5854528
6 5854592
8 5854656
1 5854720
10 5854784
0 5854848
10 5854912
4 5854976
6 5855040
3 5855104
6 5855168
10 5855232
3 5855296
2 5855360
0 5855424
1 5855488
5 5855552
4 5855616
6 5855680
1 5855744
2 5855808
1 5855872
4 5855936
9 5856000
1 5856064
2 5856128
10 5856192
2 5856256
8 5856320
10 5856384
10 5856448
6 5856512
10 5856576
7 5856640
3 5856704
1 5856768
10 5856832
9 5856896
4 5856960
1 5857024
10 5857088
10 5857152
9 5857216
4 5857280
9 5857344
2 5857408
10 5857472
6 5857536
10 5857600
5 5857664
10 5857728
1 5857792
1 5857856
8 5857920
5 5857984
8 5858048
0 5858112
2 5858176
0 5858240
2 5858304
10 5858368
3 5858432
1 5858496
5 5858560
10 5858624
10 5858688
2 5858752
1 5858816
10 5858880
10 5858944
8 5859008
0 5859072
9 5859136
6 5859200
1 5859264
2 5859328
4 5859392
9 5859456
2 5859520
0 5859584
1 5859648
8 5859712
4 5859776
3 5859840
5 5859904
9 5859968
7 5860032
3 5860096
0 5860160
9 5860224
8 5860288
0 5860352
6 5860416
5 5860480
7 5860544
2 5860608
7 5860672
3 5860736
8 5860800
0 5860864
1 5860928
6 5860992
5 5861056
8 5861120
4 5861184
5 5861248
6 5861312
3 5861376
2 5861440
10 5861504
4 5861568
5 5861632
4 5861696
0 5861760
5 5861824
3 5861888
6 5861952
0 5862016
6 5862080
5 5862144
6 5862208
8 5862272
1 5862336
5 5862400
4 5862464
10 5862528
0 5862592
9 5862656
8 5862720
5 5862784
10 5862848
2 5862912
1 5862976
7 5863040
7 5863104
2 5863168
10 5863232
9 5863296
6 5863360
2 5863424
2 5863488
9 5863552
2 5863616
3 5863680
10 5863744
4 5863808
6 5863872
7 5863936
1 5864000
8 5864064
4 5864128
4 5864192
6 5864256
1 5864320
10 5864384
7 5864448
3 5864512
2 5864576
7 5864640
4 5864704
3 5864768
0 5864832
10 5864896
7 5864960
6 5865024
10 5865088
10 5865152
10 5865216
6 5865280
7 5865344
10 5865408
4 5865472
10 5865536
0 5865600
0 5865664
1 5865728
10 5865792
8 5865856
4 5865920
7 5865984
10 5866048
10 5866112
6 5866176
6 5866240
9 5866304
9 5866368
5 5866432
3 5866496
5 5866560
9 5866624
6 5866688
0 5866752
7 5866816
1 5866880
2 5866944
4 5867008
0 5867072
8 5867136
4 5867200
10 5867264
7 5867328
6 5867392
5 5867456
2 5867520
0 5867584
10 5867648
5 5867712
6 5867776
2 5867840
2 5867904
10 5867968
4 5868032
7 5868096
1 5868160
8 5868224
0 5868288
3 5868352
10 5868416
8 5868480
8 5868544
1 5868608
10 5868672
4 5868736
10 5868800
3 5868864
7 5868928
1 5868992
0 5869056
4 5869120
5 5869184
10 5869248
8 5869312
2 5869376
6 5869440
0 5869504
9 5869568
6 5869632
0 5869696
0 5869760
7 5869824
5 5869888
0 5869952
7 5870016
9 5870080
7 5870144
5 5870208
2 5870272
2 5870336
1 5870400
7 5870464
8 5870528
0 5870592
6 5870656
6 5870720
7 5870784
7 5870848
4 5870912
8 5870976
1 5871040
8 5871104
9 5871168
3 5871232
0 5871296
10 5871360
1 5871424
6 5871488
3 5871552
10 5871616
6 5871680
8 5871744
4 5871808
2 5871872
6 5871936
3 5872000
3 5872064
6 5872128
1 5872192
8 5872256
9 5872320
1 5872384
3 5872448
5 5872512
5 5872576
9 5872640
6 5872704
5 5872768
7 5872832
2 5872896
7 5872960
2 5873024
8 5873088
7 5873152
8 5873216
1 5873280
10 5873344
8 5873408
4 5873472
10 5873536
1 5873600
4 5873664
7 5873728
6 5873792
2 5873856
10 5873920
3 5873984
8 5874048
0 5874112
2 5874176
6 5874240
7 5874304
0 5874368
9 5874432
4 5874496
6 5874560
1 5874624
8 5874688
6 5874752
7 5874816
10 5874880
7 5874944
1 5875008
6 5875072
4 5875136
1 5875200
8 5875264
1 5875328
4 5875392
6 5875456
0 5875520
4 5875584
10 5875648
10 5875712
9 5875776
9 5875840
1 5875904
2 5875968
9 5876032
10 5876096
3 5876160
6 5876224
3 5876288
2 5876352
2 5876416
8 5876480
0 5876544
10 5876608
2 5876672
9 5876736
7 5876800
9 5876864
8 5876928
0 5876992
1 5877056
3 5877120
4 5877184
7 5877248
2 5877312
0 5877376
9 5877440
6 5877504
7 5877568
3 5877632
8 5877696
6 5877760
6 5877824
7 5877888
5 5877952
1 5878016
9 5878080
6 5878144
5 5878208
3 5878272
7 5878336
6 5878400
7 5878464
0 5878528
3 5878592
9 5878656
2 5878720
7 5878784
4 5878848
9 5878912
9 5878976
1 5879040
4 5879104
3 5879168
8 5879232
3 5879296
9 5879360
7 5879424
10 5879488
5 5879552
0 5879616
5 5879680
3 5879744
0 5879808
8 5879872
10 5879936
3 5880000
3 5880064
6 5880128
0 5880192
1 5880256
4 5880320
6 5880384
7 5880448
1 5880512
5 5880576
1 5880640
1 5880704
10 5880768
8 5880832
10 5880896
8 5880960
8 5881024
8 5881088
2 5881152
7 5881216
0 5881280
3 5881344
2 5881408
2 5881472
4 5881536
8 5881600
9 5881664
1 5881728
3 5881792
6 5881856
0 5881920
4 5881984
3 5882048
7 5882112
4 5882176
5 5882240
5 5882304
7 5882368
10 5882432
6 5882496
6 5882560
3 5882624
9 5882688
4 5882752
0 5882816
8 5882880
1 5882944
9 5883008
2 5883072
7 5883136
5 5883200
8 5883264
4 5883328
8 5883392
2 5883456
7 5883520
7 5883584
5 5883648
9 5883712
4 5883776
7 5883840
9 5883904
2 5883968
2 5884032
7 5884096
10 5884160
0 5884224
1 5884288
9 5884352
2 5884416
4 5884480
10 5884544
6 5884608
7 5884672
5 5884736
9 5884800
5 5884864
7 5884928
9 5884992
10 5885056
6 5885120
3 5885184
3 5885248
7 5885312
1 5885376
1 5885440
9 5885504
3 5885568
5 5885632
1 5885696
7 5885760
0 5885824
8 5885888
7 5885952
1 5886016
6 5886080
5 5886144
0 5886208
8 5886272
1 5886336
7 5886400
0 5886464
3 5886528
10 5886592
7 5886656
6 5886720
1 5886784
3 5886848
5 5886912
2 5886976
4 5887040
2 5887104
8 5887168
1 5887232
6 5887296
9 5887360
4 5887424
5 5887488
3 5887552
8 5887616
4 5887680
5 5887744
5 5887808
4 5887872
2 5887936
10 5888000
10 5888064
10 5888128
7 5888192
2 5888256
4 5888320
4 5888384
10 5888448
7 5888512
5 5888576
3 5888640
9 5888704
10 5888768
8 5888832
7 5888896
10 5888960
10 5889024
9 5889088
2 5889152
10 5889216
0 5889280
1 5889344
4 5889408
8 5889472
2 5889536
9 5889600
2 5889664
3 5889728
7 5889792
9 5889856
2 5889920
5 5889984
10 5890048
9 5890112
10 5890176
9 5890240
6 5890304
8 5890368
6 5890432
10 5890496
5 5890560
0 5890624
6 5890688
6 5890752
0 5890816
1 5890880
1 5890944
6 5891008
5 5891072
5 5891136
8 5891200
6 5891264
5 5891328
1 5891392
1 5891456
5 5891520
0 5891584
3 5891648
5 5891712
5 5891776
5 5891840
8 5891904
1 5891968
8 5892032
10 5892096
0 5892160
10 5892224
10 5892288
10 5892352
0 5892416
6 5892480
6 5892544
10 5892608
0 5892672
5 5892736
6 5892800
10 5892864
7 5892928
7 5892992
10 5893056
2 5893120
10 5893184
1 5893248
3 5893312
6 5893376
0 5893440
0 5893504
8 5893568
4 5893632
3 5893696
8 5893760
0 5893824
0 5893888
6 5893952
3 5894016
9 5894080
9 5894144
3 5894208
7 5894272
8 5894336
2 5894400
3 5894464
6 5894528
9 5894592
1 5894656
0 5894720
9 5894784
10 5894848
9 5894912
7 5894976
10 5895040
8 5895104
7 5895168
2 5895232
1 5895296
9 5895360
1 5895424
6 5895488
3 5895552
10 5895616
0 5895680
10 5895744
9 5895808
1 5895872
6 5895936
5 5896000
1 5896064
6 5896128
8 5896192
0 5896256
0 5896320
4 5896384
7 5896448
2 5896512
1 5896576
5 5896640
3 5896704
5 5896768
7 5896832
10 5896896
0 5896960
0 5897024
9 5897088
3 5897152
5 5897216
8 5897280
7 5897344
1 5897408
7 5897472
0 5897536
2 5897600
0 5897664
0 5897728
10 5897792
5 5897856
5 5897920
10 5897984
5 5898048
0 5898112
10 5898176
1 5898240
8 5898304
7 5898368
8 5898432
9 5898496
0 5898560
0 5898624
10 5898688
5 5898752
2 5898816
9 5898880
9 5898944
4 5899008
2 5899072
3 5899136
2 5899200
5 5899264
5 5899328
10 5899392
4 5899456
3 5899520
10 5899584
3 5899648
4 5899712
9 5899776
2 5899840
10 5899904
3 5899968
2 5900032
10 5900096
1 5900160
2 5900224
10 5900288
4 5900352
3 5900416
0 5900480
2 5900544
5 5900608
8 5900672
10 5900736
10 5900800
3 5900864
3 5900928
0 5900992
3 5901056
6 5901120
10 5901184
1 5901248
3 5901312
2 5901376
2 5901440
7 5901504
6 5901568
9 5901632
0 5901696
4 5901760
10 5901824
10 5901888
7 5901952
10 5902016
4 5902080
4 5902144
7 5902208
10 5902272
3 5902336
0 5902400
9 5902464
10 5902528
8 5902592
1 5902656
1 5902720
0 5902784
7 5902848
10 5902912
8 5902976
0 5903040
8 5903104
7 5903168
6 5903232
6 5903296
7 5903360
8 5903424
4 5903488
5 5903552
3 5903616
3 5903680
4 5903744
10 5903808
10 5903872
3 5903936
3 5904000
5 5904064
10 5904128
7 5904192
8 5904256
4 5904320
3 5904384
7 5904448
0 5904512
1 5904576
10 5904640
1 5904704
8 5904768
10 5904832
0 5904896
3 5904960
3 5905024
6 5905088
1 5905152
3 5905216
6 5905280
3 5905344
7 5905408
5 5905472
0 5905536
6 5905600
0 5905664
5 5905728
0 5905792
3 5905856
3 5905920
5 5905984
1 5906048
1 5906112
6 5906176
3 5906240
10 5906304
7 5906368
8 5906432
4 5906496
5 5906560
10 5906624
7 5906688
10 5906752
3 5906816
6 5906880
2 5906944
5 5907008
3 5907072
0 5907136
3 5907200
4 5907264
10 5907328
10 5907392
2 5907456
6 5907520
0 5907584
2 5907648
7 5907712
3 5907776
2 5907840
2 5907904
6 5907968
9 5908032
9 5908096
2 5908160
7 5908224
2 5908288
10 5908352
8 5908416
7 5908480
0 5908544
2 5908608
2 5908672
9 5908736
4 5908800
0 5908864
0 5908928
9 5908992
7 5909056
5 5909120
1 5909184
1 5909248
0 5909312
2 5909376
9 5909440
3 5909504
9 5909568
10 5909632
4 5909696
0 5909760
9 5909824
9 5909888
6 5909952
5 5910016
6 5910080
7 5910144
8 5910208
9 5910272
5 5910336
10 5910400
6 5910464
4 5910528
5 5910592
9 5910656
10 5910720
8 5910784
10 5910848
1 5910912
7 5910976
1 5911040
3 5911104
0 5911168
3 5911232
2 5911296
9 5911360
2 5911424
8 5911488
4 5911552
4 5911616
2 5911680
2 5911744
1 5911808
3 5911872
8 5911936
4 5912000
3 5912064
3 5912128
2 5912192
1 5912256
3 5912320
3 5912384
0 5912448
0 5912512
10 5912576
0 5912640
4 5912704
2 5912768
9 5912832
5 5912896
6 5912960
0 5913024
3 5913088
0 5913152
2 5913216
9 5913280
3 5913344
10 5913408
0 5913472
9 5913536
5 5913600
8 5913664
7 5913728
10 5913792
2 5913856
0 5913920
2 5913984
0 5914048
7 5914112
5 5914176
2 5914240
0 5914304
0 5914368
2 5914432
5 5914496
5 5914560
6 5914624
9 5914688
3 5914752
1 5914816
8 5914880
6 5914944
0 5915008
6 5915072
2 5915136
3 5915200
10 5915264
1 5915328
4 5915392
3 5915456
8 5915520
7 5915584
4 5915648
4 5915712
3 5915776
7 5915840
3 5915904
0 5915968
5 5916032
3 5916096
5 5916160
9 5916224
6 5916288
2 5916352
7 5916416
6 5916480
3 5916544
0 5916608
0 5916672
9 5916736
7 5916800
6 5916864
3 5916928
10 5916992
2 5917056
5 5917120
2 5917184
7 5917248
10 5917312
3 5917376
9 5917440
7 5917504
6 5917568
7 5917632
4 5917696
8 5917760
8 5917824
1 5917888
3 5917952
9 5918016
1 5918080
4 5918144
2 5918208
0 5918272
3 5918336
7 5918400
5 5918464
6 5918528
9 5918592
4 5918656
1 5918720
4 5918784
3 5918848
1 5918912
4 5918976
0 5919040
1 5919104
3 5919168
9 5919232
8 5919296
8 5919360
7 5919424
8 5919488
4 5919552
2 5919616
9 5919680
5 5919744
3 5919808
3 5919872
7 5919936
1 5920000
8 5920064
9 5920128
4 5920192
2 5920256
8 5920320
4 5920384
0 5920448
8 5920512
10 5920576
8 5920640
8 5920704
5 5920768
6 5920832
10 5920896
3 5920960
8 5921024
0 5921088
2 5921152
10 5921216
8 5921280
5 5921344
2 5921408
1 5921472
2 5921536
0 5921600
0 5921664
4 5921728
10 5921792
1 5921856
6 5921920
4 5921984
8 5922048
5 5922112
1 5922176
5 5922240
5 5922304
9 5922368
6 5922432
4 5922496
8 5922560
7 5922624
0 5922688
3 5922752
2 5922816
1 5922880
8 5922944
7 5923008
0 5923072
3 5923136
9 5923200
5 5923264
0 5923328
10 5923392
8 5923456
8 5923520
8 5923584
8 5923648
4 5923712
2 5923776
3 5923840
10 5923904
5 5923968
9 5924032
4 5924096
0 5924160
2 5924224
1 5924288
6 5924352
9 5924416
8 5924480
0 5924544
6 5924608
8 5924672
1 5924736
3 5924800
5 5924864
10 5924928
6 5924992
3 5925056
10 5925120
6 5925184
2 5925248
2 5925312
4 5925376
10 5925440
4 5925504
6 5925568
2 5925632
6 5925696
5 5925760
5 5925824
6 5925888
1 5925952
5 5926016
10 5926080
7 5926144
10 5926208
7 5926272
2 5926336
3 5926400
5 5926464
10 5926528
5 5926592
1 5926656
7 5926720
2 5926784
7 5926848
4 5926912
8 5926976
4 5927040
7 5927104
9 5927168
10 5927232
2 5927296
7 5927360
0 5927424
5 5927488
9 5927552
9 5927616
4 5927680
4 5927744
6 5927808
1 5927872
7 5927936
3 5928000
5 5928064
3 5928128
6 5928192
0 5928256
6 5928320
8 5928384
4 5928448
4 5928512
7 5928576
10 5928640
0 5928704
6 5928768
7 5928832
4 5928896
0 5928960
9 5929024
1 5929088
10 5929152
2 5929216
6 5929280
0 5929344
2 5929408
10 5929472
8 5929536
7 5929600
10 5929664
0 5929728
0 5929792
7 5929856
1 5929920
1 5929984
0 5930048
6 5930112
4 5930176
8 5930240
0 5930304
2 5930368
3 5930432
2 5930496
5 5930560
10 5930624
8 5930688
6 5930752
9 5930816
9 5930880
10 5930944
8 5931008
0 5931072
0 5931136
8 5931200
8 5931264
1 5931328
4 5931392
8 5931456
4 5931520
8 5931584
10 5931648
9 5931712
4 5931776
6 5931840
10 5931904
5 5931968
4 5932032
1 5932096
1 5932160
2 5932224
4 5932288
2 5932352
2 5932416
9 5932480
6 5932544
0 5932608
6 5932672
9 5932736
1 5932800
3 5932864
8 5932928
2 5932992
1 5933056
7 5933120
2 5933184
9 5933248
5 5933312
2 5933376
1 5933440
8 5933504
6 5933568
6 5933632
7 5933696
8 5933760
2 5933824
3 5933888
10 5933952
9 5934016
6 5934080
7 5934144
5 5934208
6 5934272
7 5934336
6 5934400
5 5934464
9 5934528
4 5934592
10 5934656
8 5934720
6 5934784
3 5934848
7 5934912
8 5934976
7 5935040
10 5935104
10 5935168
8 5935232
5 5935296
5 5935360
9 5935424
7 5935488
1 5935552
1 5935616
8 5935680
9 5935744
7 5935808
2 5935872
4 5935936
8 5936000
1 5936064
8 5936128
7 5936192
0 5936256
6 5936320
3 5936384
3 5936448
7 5936512
10 5936576
8 5936640
7 5936704
4 5936768
7 5936832
2 5936896
6 5936960
7 5937024
3 5937088
2 5937152
6 5937216
8 5937280
1 5937344
3 5937408
6 5937472
1 5937536
5 5937600
10 5937664
9 5937728
3 5937792
6 5937856
4 5937920
0 5937984
7 5938048
6 5938112
2 5938176
0 5938240
10 5938304
2 5938368
10 5938432
8 5938496
2 5938560
0 5938624
7 5938688
4 5938752
10 5938816
9 5938880
5 5938944
9 5939008
6 5939072
2 5939136
4 5939200
1 5939264
10 5939328
3 5939392
2 5939456
4 5939520
5 5939584
9 5939648
1 5939712
2 5939776
3 5939840
10 5939904
1 5939968
4 5940032
10 5940096
10 5940160
1 5940224
4 5940288
2 5940352
1 5940416
5 5940480
8 5940544
2 5940608
5 5940672
4 5940736
5 5940800
10 5940864
1 5940928
4 5940992
3 5941056
4 5941120
3 5941184
8 5941248
2 5941312
5 5941376
0 5941440
0 5941504
8 5941568
6 5941632
10 5941696
9 5941760
9 5941824
2 5941888
0 5941952
5 5942016
1 5942080
0 5942144
3 5942208
4 5942272
1 5942336
5 5942400
9 5942464
4 5942528
9 5942592
10 5942656
2 5942720
8 5942784
3 5942848
4 5942912
9 5942976
4 5943040
2 5943104
8 5943168
3 5943232
5 5943296
2 5943360
7 5943424
0 5943488
6 5943552
0 5943616
7 5943680
7 5943744
10 5943808
10 5943872
1 5943936
4 5944000
9 5944064
7 5944128
6 5944192
4 5944256
2 5944320
3 5944384
6 5944448
9 5944512
1 5944576
7 5944640
10 5944704
0 5944768
3 5944832
2 5944896
4 5944960
2 5945024
2 5945088
3 5945152
4 5945216
1 5945280
7 5945344
10 5945408
7 5945472
9 5945536
2 5945600
1 5945664
10 5945728
1 5945792
7 5945856
0 5945920
0 5945984
5 5946048
2 5946112
4 5946176
5 5946240
9 5946304
6 5946368
0 5946432
9 5946496
0 5946560
1 5946624
2 5946688
7 5946752
1 5946816
7 5946880
2 5946944
0 5947008
9 5947072
10 5947136
8 5947200
4 5947264
0 5947328
2 5947392
7 5947456
0 5947520
10 5947584
9 5947648
4 5947712
3 5947776
1 5947840
5 5947904
2 5947968
1 5948032
1 5948096
9 5948160
9 5948224
7 5948288
1 5948352
7 5948416
8 5948480
6 5948544
2 5948608
5 5948672
10 5948736
6 5948800
1 5948864
5 5948928
6 5948992
3 5949056
6 5949120
8 5949184
8 5949248
6 5949312
4 5949376
10 5949440
6 5949504
10 5949568
10 5949632
5 5949696
10 5949760
0 5949824
4 5949888
5 5949952
6 5950016
9 5950080
6 5950144
0 5950208
6 5950272
2 5950336
8 5950400
5 5950464
3 5950528
6 5950592
10 5950656
10 5950720
7 5950784
4 5950848
9 5950912
2 5950976
8 5951040
10 5951104
1 5951168
8 5951232
7 5951296
1 5951360
1 5951424
3 5951488
6 5951552
3 5951616
5 5951680
4 5951744
3 5951808
1 5951872
3 5951936
3 5952000
1 5952064
1 5952128
2 5952192
10 5952256
7 5952320
0 5952384
6 5952448
4 5952512
5 5952576
4 5952640
7 5952704
8 5952768
3 5952832
9 5952896
10 5952960
9 5953024
0 5953088
4 5953152
9 5953216
7 5953280
9 5953344
1 5953408
0 5953472
3 5953536
0 5953600
3 5953664
3 5953728
7 5953792
9 5953856
9 5953920
1 5953984
6 5954048
1 5954112
8 5954176
5 5954240
0 5954304
2 5954368
9 5954432
7 5954496
6 5954560
7 5954624
0 5954688
6 5954752
4 5954816
4 5954880
0 5954944
9 5955008
3 5955072
0 5955136
5 5955200
7 5955264
7 5955328
6 5955392
10 5955456
1 5955520
4 5955584
0 5955648
6 5955712
9 5955776
2 5955840
6 5955904
0 5955968
0 5956032
5 5956096
4 5956160
2 5956224
8 5956288
6 5956352
3 5956416
5 5956480
7 5956544
4 5956608
0 5956672
8 5956736
8 5956800
10 5956864
5 5956928
1 5956992
7 5957056
4 5957120
4 5957184
4 5957248
4 5957312
1 5957376
3 5957440
8 5957504
8 5957568
2 5957632
5 5957696
8 5957760
10 5957824
2 5957888
3 5957952
10 5958016
5 5958080
5 5958144
2 5958208
6 5958272
3 5958336
7 5958400
3 5958464
3 5958528
8 5958592
0 5958656
6 5958720
1 5958784
7 5958848
7 5958912
9 5958976
9 5959040
8 5959104
9 5959168
0 5959232
4 5959296
3 5959360
8 5959424
1 5959488
0 5959552
0 5959616
6 5959680
3 5959744
1 5959808
0 5959872
5 5959936
9 5960000
10 5960064
5 5960128
0 5960192
7 5960256
6 5960320
1 5960384
4 5960448
0 5960512
10 5960576
4 5960640
8 5960704
6 5960768
8 5960832
7 5960896
1 5960960
10 5961024
6 5961088
9 5961152
0 5961216
7 5961280
3 5961344
3 5961408
8 5961472
2 5961536
1 5961600
0 5961664
9 5961728
2 5961792
0 5961856
0 5961920
9 5961984
1 5962048
1 5962112
4 5962176
9 5962240
8 5962304
9 5962368
2 5962432
1 5962496
10 5962560
6 5962624
8 5962688
5 5962752
0 5962816
9 5962880
8 5962944
9 5963008
4 5963072
7 5963136
9 5963200
3 5963264
9 5963328
8 5963392
10 5963456
3 5963520
10 5963584
6 5963648
4 5963712
6 5963776
9 5963840
0 5963904
10 5963968
6 5964032
10 5964096
1 5964160
0 5964224
9 5964288
6 5964352
0 5964416
3 5964480
3 5964544
8 5964608
2 5964672
2 5964736
10 5964800
3 5964864
8 5964928
10 5964992
2 5965056
2 5965120
3 5965184
5 5965248
3 5965312
7 5965376
5 5965440
5 5965504
10 5965568
7 5965632
2 5965696
7 5965760
0 5965824
5 5965888
9 5965952
2 5966016
10 5966080
5 5966144
0 5966208
10 5966272
1 5966336
8 5966400
10 5966464
8 5966528
7 5966592
2 5966656
0 5966720
6 5966784
9 5966848
6 5966912
5 5966976
7 5967040
7 5967104
6 5967168
7 5967232
7 5967296
8 5967360
8 5967424
7 5967488
1 5967552
3 5967616
0 5967680
8 5967744
10 5967808
4 5967872
8 5967936
3 5968000
9 5968064
7 5968128
2 5968192
0 5968256
0 5968320
6 5968384
6 5968448
3 5968512
2 5968576
9 5968640
5 5968704
6 5968768
8 5968832
9 5968896
8 5968960
6 5969024
5 5969088
7 5969152
4 5969216
8 5969280
9 5969344
3 5969408
6 5969472
7 5969536
10 5969600
0 5969664
6 5969728
1 5969792
9 5969856
7 5969920
5 5969984
0 5970048
0 5970112
3 5970176
8 5970240
1 5970304
4 5970368
10 5970432
0 5970496
4 5970560
3 5970624
8 5970688
8 5970752
0 5970816
1 5970880
5 5970944
3 5971008
1 5971072
5 5971136
0 5971200
0 5971264
5 5971328
8 5971392
3 5971456
5 5971520
10 5971584
3 5971648
4 5971712
8 5971776
5 5971840
10 5971904
8 5971968
4 5972032
2 5972096
5 5972160
5 5972224
6 5972288
1 5972352
4 5972416
1 5972480
7 5972544
8 5972608
4 5972672
3 5972736
7 5972800
6 5972864
0 5972928
1 5972992
8 5973056
3 5973120
2 5973184
5 5973248
7 5973312
10 5973376
9 5973440
8 5973504
1 5973568
6 5973632
9 5973696
5 5973760
10 5973824
3 5973888
10 5973952
5 5974016
2 5974080
4 5974144
10 5974208
6 5974272
9 5974336
3 5974400
10 5974464
6 5974528
0 5974592
4 5974656
2 5974720
5 5974784
9 5974848
9 5974912
0 5974976
4 5975040
10 5975104
10 5975168
0 5975232
1 5975296
9 5975360
3 5975424
9 5975488
5 5975552
8 5975616
9 5975680
8 5975744
1 5975808
8 5975872
4 5975936
3 5976000
2 5976064
4 5976128
4 5976192
5 5976256
7 5976320
4 5976384
3 5976448
4 5976512
10 5976576
2 5976640
5 5976704
9 5976768
5 5976832
10 5976896
1 5976960
2 5977024
2 5977088
8 5977152
6 5977216
9 5977280
5 5977344
2 5977408
9 5977472
3 5977536
10 5977600
8 5977664
2 5977728
1 5977792
0 5977856
6 5977920
2 5977984
8 5978048
6 5978112
8 5978176
5 5978240
2 5978304
1 5978368
10 5978432
0 5978496
0 5978560
7 5978624
3 5978688
5 5978752
9 5978816
0 5978880
1 5978944
3 5979008
2 5979072
10 5979136
5 5979200
7 5979264
0 5979328
10 5979392
4 5979456
4 5979520
1 5979584
4 5979648
8 5979712
2 5979776
2 5979840
4 5979904
3 5979968
0 5980032
2 5980096
5 5980160
9 5980224
5 5980288
8 5980352
8 5980416
8 5980480
5 5980544
5 5980608
7 5980672
3 5980736
9 5980800
3 5980864
9 5980928
7 5980992
4 5981056
2 5981120
10 5981184
6 5981248
0 5981312
8 5981376
5 5981440
5 5981504
0 5981568
2 5981632
10 5981696
6 5981760
2 5981824
5 5981888
9 5981952
9 5982016
1 5982080
4 5982144
10 5982208
3 5982272
5 5982336
3 5982400
9 5982464
5 5982528
9 5982592
5 5982656
6 5982720
9 5982784
1 5982848
7 5982912
2 5982976
0 5983040
7 5983104
0 5983168
3 5983232
6 5983296
7 5983360
9 5983424
8 5983488
8 5983552
9 5983616
3 5983680
7 5983744
3 5983808
6 5983872
3 5983936
0 5984000
1 5984064
5 5984128
10 5984192
2 5984256
7 5984320
7 5984384
3 5984448
7 5984512
4 5984576
8 5984640
1 5984704
1 5984768
8 5984832
4 5984896
4 5984960
8 5985024
7 5985088
8 5985152
9 5985216
0 5985280
5 5985344
2 5985408
9 5985472
1 5985536
8 5985600
4 5985664
4 5985728
0 5985792
9 5985856
0 5985920
0 5985984
2 5986048
5 5986112
5 5986176
8 5986240
7 5986304
8 5986368
2 5986432
5 5986496
7 5986560
3 5986624
1 5986688
3 5986752
0 5986816
2 5986880
2 5986944
0 5987008
3 5987072
7 5987136
3 5987200
10 5987264
5 5987328
4 5987392
0 5987456
5 5987520
10 5987584
3 5987648
3 5987712
10 5987776
10 5987840
4 5987904
0 5987968
1 5988032
6 5988096
4 5988160
10 5988224
7 5988288
8 5988352
5 5988416
10 5988480
0 5988544
6 5988608
0 5988672
9 5988736
3 5988800
3 5988864
7 5988928
1 5988992
9 5989056
8 5989120
6 5989184
5 5989248
8 5989312
5 5989376
1 5989440
0 5989504
2 5989568
1 5989632
4 5989696
6 5989760
5 5989824
4 5989888
8 5989952
1 5990016
9 5990080
10 5990144
3 5990208
2 5990272
2 5990336
0 5990400
6 5990464
1 5990528
5 5990592
2 5990656
10 5990720
5 5990784
0 5990848
1 5990912
9 5990976
1 5991040
7 5991104
7 5991168
9 5991232
8 5991296
7 5991360
9 5991424
5 5991488
0 5991552
4 5991616
7 5991680
10 5991744
0 5991808
0 5991872
6 5991936
2 5992000
2 5992064
5 5992128
0 5992192
1 5992256
7 5992320
7 5992384
5 5992448
9 5992512
1 5992576
7 5992640
10 5992704
4 5992768
8 5992832
10 5992896
9 5992960
0 5993024
9 5993088
2 5993152
3 5993216
9 5993280
3 5993344
6 5993408
0 5993472
4 5993536
10 5993600
4 5993664
7 5993728
0 5993792
7 5993856
10 5993920
0 5993984
6 5994048
6 5994112
0 5994176
5 5994240
7 5994304
9 5994368
6 5994432
5 5994496
2 5994560
7 5994624
3 5994688
9 5994752
8 5994816
3 5994880
1 5994944
1 5995008
2 5995072
5 5995136
9 5995200
8 5995264
2 5995328
2 5995392
1 5995456
8 5995520
9 5995584
8 5995648
7 5995712
0 5995776
1 5995840
6 5995904
2 5995968
10 5996032
4 5996096
10 5996160
4 5996224
4 5996288
5 5996352
1 5996416
6 5996480
9 5996544
6 5996608
1 5996672
3 5996736
7 5996800
0 5996864
3 5996928
4 5996992
0 5997056
8 5997120
10 5997184
4 5997248
9 5997312
7 5997376
8 5997440
5 5997504
3 5997568
1 5997632
5 5997696
0 5997760
2 5997824
10 5997888
7 5997952
10 5998016
4 5998080
3 5998144
9 5998208
3 5998272
9 5998336
1 5998400
9 5998464
1 5998528
10 5998592
6 5998656
5 5998720
4 5998784
5 5998848
9 5998912
4 5998976
8 5999040
0 5999104
6 5999168
2 5999232
0 5999296
9 5999360
10 5999424
5 5999488
2 5999552
7 5999616
9 5999680
5 5999744
8 5999808
10 5999872
6 5999936
0 6000000
7 6000064
2 6000128
5 6000192
0 6000256
9 6000320
3 6000384
3 6000448
10 6000512
10 6000576
3 6000640
0 6000704
2 6000768
0 6000832
6 6000896
8 6000960
2 6001024
2 6001088
0 6001152
5 6001216
3 6001280
8 6001344
4 6001408
5 6001472
2 6001536
8 6001600
1 6001664
3 6001728
4 6001792
9 6001856
7 6001920
8 6001984
5 6002048
7 6002112
5 6002176
2 6002240
3 6002304
2 6002368
6 6002432
6 6002496
1 6002560
0 6002624
3 6002688
8 6002752
2 6002816
1 6002880
1 6002944
8 6003008
6 6003072
2 6003136
0 6003200
5 6003264
0 6003328
10 6003392
2 6003456
5 6003520
5 6003584
1 6003648
3 6003712
0 6003776
9 6003840
10 6003904
9 6003968
9 6004032
6 6004096
2 6004160
9 6004224
4 6004288
2 6004352
10 6004416
6 6004480
4 6004544
10 6004608
9 6004672
7 6004736
7 6004800
0 6004864
7 6004928
0 6004992
3 6005056
4 6005120
5 6005184
6 6005248
2 6005312
1 6005376
5 6005440
5 6005504
5 6005568
2 6005632
7 6005696
4 6005760
2 6005824
1 6005888
6 6005952
9 6006016
1 6006080
9 6006144
5 6006208
7 6006272
5 6006336
9 6006400
4 6006464
1 6006528
10 6006592
9 6006656
0 6006720
4 6006784
5 6006848
4 6006912
9 6006976
0 6007040
6 6007104
5 6007168
4 6007232
7 6007296
8 6007360
2 6007424
9 6007488
2 6007552
4 6007616
0 6007680
10 6007744
9 6007808
8 6007872
8 6007936
6 6008000
6 6008064
6 6008128
1 6008192
10 6008256
1 6008320
8 6008384
7 6008448
0 6008512
0 6008576
7 6008640
4 6008704
9 6008768
8 6008832
9 6008896
0 6008960
0 6009024
6 6009088
1 6009152
8 6009216
0 6009280
2 6009344
0 6009408
3 6009472
1 6009536
5 6009600
5 6009664
6 6009728
7 6009792
7 6009856
5 6009920
2 6009984
1 6010048
6 6010112
3 6010176
5 6010240
9 6010304
2 6010368
10 6010432
4 6010496
4 6010560
4 6010624
5 6010688
0 6010752
7 6010816
6 6010880
5 6010944
4 6011008
7 6011072
8 6011136
8 6011200
9 6011264
1 6011328
5 6011392
5 6011456
9 6011520
3 6011584
9 6011648
8 6011712
9 6011776
7 6011840
7 6011904
5 6011968
10 6012032
10 6012096
1 6012160
4 6012224
2 6012288
5 6012352
8 6012416
0 6012480
7 6012544
4 6012608
2 6012672
2 6012736
1 6012800
2 6012864
0 6012928
3 6012992
7 6013056
3 6013120
6 6013184
0 6013248
0 6013312
1 6013376
4 6013440
5 6013504
2 6013568
3 6013632
2 6013696
3 6013760
2 6013824
9 6013888
1 6013952
4 6014016
2 6014080
10 6014144
0 6014208
4 6014272
1 6014336
7 6014400
9 6014464
3 6014528
9 6014592
5 6014656
3 6014720
8 6014784
4 6014848
3 6014912
0 6014976
7 6015040
1 6015104
8 6015168
4 6015232
6 6015296
6 6015360
0 6015424
9 6015488
0 6015552
3 6015616
5 6015680
1 6015744
10 6015808
4 6015872
9 6015936
0 6016000
10 6016064
3 6016128
3 6016192
3 6016256
1 6016320
3 6016384
9 6016448
3 6016512
6 6016576
0 6016640
5 6016704
7 6016768
2 6016832
0 6016896
10 6016960
7 6017024
3 6017088
1 6017152
1 6017216
5 6017280
10 6017344
6 6017408
7 6017472
6 6017536
10 6017600
2 6017664
3 6017728
8 6017792
6 6017856
5 6017920
8 6017984
2 6018048
6 6018112
3 6018176
0 6018240
1 6018304
6 6018368
1 6018432
8 6018496
0 6018560
3 6018624
0 6018688
10 6018752
3 6018816
8 6018880
7 6018944
9 6019008
4 6019072
2 6019136
6 6019200
3 6019264
10 6019328
4 6019392
0 6019456
5 6019520
4 6019584
7 6019648
5 6019712
5 6019776
1 6019840
5 6019904
10 6019968
6 6020032
9 6020096
8 6020160
3 6020224
2 6020288
2 6020352
9 6020416
9 6020480
1 6020544
8 6020608
1 6020672
2 6020736
8 6020800
10 6020864
0 6020928
9 6020992
1 6021056
9 6021120
1 6021184
7 6021248
7 6021312
0 6021376
1 6021440
9 6021504
8 6021568
2 6021632
7 6021696
7 6021760
10 6021824
1 6021888
7 6021952
9 6022016
5 6022080
6 6022144
7 6022208
8 6022272
5 6022336
10 6022400
8 6022464
7 6022528
6 6022592
6 6022656
1 6022720
2 6022784
1 6022848
7 6022912
7 6022976
4 6023040
4 6023104
4 6023168
1 6023232
5 6023296
6 6023360
5 6023424
7 6023488
4 6023552
3 6023616
7 6023680
5 6023744
9 6023808
8 6023872
2 6023936
4 6024000
8 6024064
1 6024128
3 6024192
2 6024256
8 6024320
1 6024384
8 6024448
0 6024512
1 6024576
2 6024640
9 6024704
10 6024768
5 6024832
5 6024896
8 6024960
4 6025024
10 6025088
4 6025152
5 6025216
7 6025280
3 6025344
5 6025408
2 6025472
6 6025536
4 6025600
0 6025664
7 6025728
1 6025792
4 6025856
10 6025920
9 6025984
1 6026048
3 6026112
1 6026176
0 6026240
4 6026304
6 6026368
5 6026432
2 6026496
7 6026560
4 6026624
0 6026688
4 6026752
5 6026816
6 6026880
4 6026944
5 6027008
4 6027072
3 6027136
1 6027200
10 6027264
2 6027328
9 6027392
0 6027456
3 6027520
8 6027584
2 6027648
6 6027712
5 6027776
1 6027840
2 6027904
9 6027968
4 6028032
7 6028096
2 6028160
9 6028224
9 6028288
2 6028352
6 6028416
3 6028480
3 6028544
7 6028608
0 6028672
10 6028736
0 6028800
9 6028864
5 6028928
1 6028992
1 6029056
3 6029120
10 6029184
9 6029248
1 6029312
10 6029376
2 6029440
2 6029504
2 6029568
7 6029632
6 6029696
1 6029760
5 6029824
8 6029888
4 6029952
2 6030016
5 6030080
1 6030144
1 6030208
8 6030272
7 6030336
4 6030400
2 6030464
2 6030528
3 6030592
1 6030656
8 6030720
5 6030784
8 6030848
3 6030912
1 6030976
3 6031040
2 6031104
9 6031168
7 6031232
5 6031296
7 6031360
0 6031424
3 6031488
4 6031552
0 6031616
9 6031680
7 6031744
1 6031808
8 6031872
1 6031936
4 6032000
8 6032064
5 6032128
4 6032192
3 6032256
6 6032320
2 6032384
10 6032448
7 6032512
10 6032576
4 6032640
8 6032704
1 6032768
8 6032832
7 6032896
3 6032960
1 6033024
7 6033088
8 6033152
5 6033216
2 6033280
9 6033344
7 6033408
6 6033472
4 6033536
2 6033600
8 6033664
4 6033728
10 6033792
6 6033856
8 6033920
5 6033984
1 6034048
9 6034112
2 6034176
6 6034240
1 6034304
7 6034368
10 6034432
5 6034496
10 6034560
8 6034624
6 6034688
9 6034752
2 6034816
7 6034880
4 6034944
2 6035008
10 6035072
9 6035136
0 6035200
10 6035264
0 6035328
3 6035392
9 6035456
1 6035520
6 6035584
1 6035648
0 6035712
2 6035776
8 6035840
1 6035904
1 6035968
1 6036032
1 6036096
7 6036160
0 6036224
4 6036288
0 6036352
4 6036416
7 6036480
8 6036544
10 6036608
10 6036672
7 6036736
3 6036800
7 6036864
4 6036928
8 6036992
0 6037056
5 6037120
2 6037184
1 6037248
10 6037312
7 6037376
0 6037440
2 6037504
0 6037568
7 6037632
3 6037696
9 6037760
7 6037824
0 6037888
10 6037952
1 6038016
6 6038080
10 6038144
3 6038208
1 6038272
6 6038336
2 6038400
9 6038464
5 6038528
8 6038592
1 6038656
0 6038720
7 6038784
7 6038848
1 6038912
9 6038976
6 6039040
10 6039104
7 6039168
6 6039232
7 6039296
4 6039360
1 6039424
10 6039488
6 6039552
6 6039616
0 6039680
6 6039744
4 6039808
8 6039872
5 6039936
8 6040000
10 6040064
8 6040128
8 6040192
10 6040256
4 6040320
10 6040384
4 6040448
4 6040512
10 6040576
2 6040640
4 6040704
5 6040768
0 6040832
4 6040896
9 6040960
8 6041024
8 6041088
6 6041152
4 6041216
5 6041280
3 6041344
8 6041408
6 6041472
8 6041536
4 6041600
5 6041664
1 6041728
2 6041792
6 6041856
5 6041920
2 6041984
7 6042048
6 6042112
6 6042176
7 6042240
3 6042304
1 6042368
5 6042432
5 6042496
2 6042560
5 6042624
4 6042688
1 6042752
7 6042816
8 6042880
3 6042944
2 6043008
1 6043072
1 6043136
2 6043200
6 6043264
8 6043328
1 6043392
8 6043456
6 6043520
8 6043584
5 6043648
0 6043712
6 6043776
3 6043840
4 6043904
5 6043968
8 6044032
10 6044096
5 6044160
6 6044224
9 6044288
7 6044352
7 6044416
1 6044480
0 6044544
4 6044608
5 6044672
10 6044736
6 6044800
8 6044864
8 6044928
2 6044992
6 6045056
3 6045120
4 6045184
2 6045248
4 6045312
2 6045376
3 6045440
5 6045504
9 6045568
2 6045632
8 6045696
8 6045760
10 6045824
7 6045888
0 6045952
0 6046016
5 6046080
2 6046144
5 6046208
1 6046272
3 6046336
6 6046400
2 6046464
7 6046528
2 6046592
5 6046656
8 6046720
6 6046784
1 6046848
8 6046912
2 6046976
1 6047040
1 6047104
10 6047168
4 6047232
0 6047296
8 6047360
4 6047424
8 6047488
7 6047552
4 6047616
2 6047680
6 6047744
1 6047808
5 6047872
10 6047936
4 6048000
7 6048064
1 6048128
2 6048192
1 6048256
6 6048320
2 6048384
7 6048448
5 6048512
7 6048576
10 6048640
3 6048704
3 6048768
2 6048832
0 6048896
0 6048960
6 6049024
1 6049088
1 6049152
10 6049216
10 6049280
9 6049344
3 6049408
6 6049472
8 6049536
9 6049600
5 6049664
2 6049728
9 6049792
10 6049856
7 6049920
4 6049984
8 6050048
0 6050112
2 6050176
3 6050240
3 6050304
10 6050368
5 6050432
2 6050496
3 6050560
5 6050624
8 6050688
10 6050752
4 6050816
10 6050880
5 6050944
9 6051008
6 6051072
3 6051136
8 6051200
3 6051264
10 6051328
10 6051392
8 6051456
4 6051520
6 6051584
0 6051648
7 6051712
4 6051776
9 6051840
1 6051904
6 6051968
9 6052032
8 6052096
1 6052160
5 6052224
5 6052288
5 6052352
6 6052416
1 6052480
3 6052544
9 6052608
6 6052672
0 6052736
10 6052800
4 6052864
7 6052928
10 6052992
5 6053056
1 6053120
10 6053184
0 6053248
4 6053312
2 6053376
4 6053440
2 6053504
5 6053568
8 6053632
4 6053696
6 6053760
5 6053824
8 6053888
9 6053952
9 6054016
3 6054080
3 6054144
3 6054208
5 6054272
7 6054336
1 6054400
7 6054464
6 6054528
8 6054592
5 6054656
3 6054720
8 6054784
4 6054848
9 6054912
9 6054976
4 6055040
0 6055104
8 6055168
4 6055232
7 6055296
7 6055360
2 6055424
7 6055488
9 6055552
7 6055616
2 6055680
8 6055744
0 6055808
9 6055872
2 6055936
7 6056000
7 6056064
1 6056128
4 6056192
0 6056256
0 6056320
10 6056384
4 6056448
6 6056512
4 6056576
0 6056640
8 6056704
7 6056768
9 6056832
8 6056896
1 6056960
7 6057024
3 6057088
6 6057152
1 6057216
8 6057280
8 6057344
5 6057408
7 6057472
5 6057536
2 6057600
4 6057664
5 6057728
2 6057792
1 6057856
6 6057920
4 6057984
2 6058048
10 6058112
0 6058176
1 6058240
1 6058304
8 6058368
0 6058432
8 6058496
2 6058560
10 6058624
10 6058688
9 6058752
5 6058816
4 6058880
10 6058944
8 6059008
10 6059072
5 6059136
2 6059200
1 6059264
1 6059328
10 6059392
2 6059456
1 6059520
5 6059584
9 6059648
4 6059712
6 6059776
3 6059840
3 6059904
3 6059968
8 6060032
1 6060096
7 6060160
9 6060224
10 6060288
8 6060352
4 6060416
2 6060480
7 6060544
6 6060608
9 6060672
0 6060736
1 6060800
7 6060864
7 6060928
0 6060992
6 6061056
9 6061120
10 6061184
0 6061248
5 6061312
3 6061376
3 6061440
7 6061504
0 6061568
10 6061632
1 6061696
9 6061760
10 6061824
3 6061888
6 6061952
3 6062016
9 6062080
9 6062144
8 6062208
6 6062272
5 6062336
1 6062400
4 6062464
10 6062528
3 6062592
6 6062656
4 6062720
6 6062784
2 6062848
9 6062912
6 6062976
9 6063040
0 6063104
5 6063168
4 6063232
5 6063296
2 6063360
1 6063424
9 6063488
0 6063552
9 6063616
2 6063680
6 6063744
7 6063808
1 6063872
2 6063936
5 6064000
8 6064064
4 6064128
0 6064192
4 6064256
7 6064320
6 6064384
0 6064448
8 6064512
10 6064576
3 6064640
0 6064704
7 6064768
3 6064832
5 6064896
4 6064960
6 6065024
0 6065088
0 6065152
7 6065216
9 6065280
7 6065344
4 6065408
0 6065472
10 6065536
7 6065600
6 6065664
8 6065728
5 6065792
6 6065856
4 6065920
4 6065984
9 6066048
2 6066112
5 6066176
5 6066240
9 6066304
3 6066368
3 6066432
4 6066496
8 6066560
8 6066624
6 6066688
9 6066752
5 6066816
4 6066880
6 6066944
8 6067008
0 6067072
0 6067136
2 6067200
2 6067264
0 6067328
10 6067392
9 6067456
7 6067520
6 6067584
4 6067648
6 6067712
5 6067776
3 6067840
1 6067904
7 6067968
10 6068032
5 6068096
9 6068160
5 6068224
9 6068288
6 6068352
2 6068416
10 6068480
10 6068544
10 6068608
7 6068672
4 6068736
2 6068800
3 6068864
3 6068928
4 6068992
10 6069056
1 6069120
2 6069184
8 6069248
3 6069312
4 6069376
3 6069440
10 6069504
7 6069568
0 6069632
3 6069696
7 6069760
5 6069824
2 6069888
6 6069952
9 6070016
6 6070080
8 6070144
5 6070208
7 6070272
5 6070336
3 6070400
9 6070464
1 6070528
6 6070592
10 6070656
9 6070720
1 6070784
3 6070848
9 6070912
4 6070976
6 6071040
8 6071104
9 6071168
3 6071232
3 6071296
2 6071360
7 6071424
6 6071488
6 6071552
1 6071616
6 6071680
3 6071744
9 6071808
8 6071872
4 6071936
8 6072000
1 6072064
1 6072128
7 6072192
2 6072256
2 6072320
5 6072384
1 6072448
2 6072512
5 6072576
7 6072640
4 6072704
8 6072768
1 6072832
5 6072896
3 6072960
2 6073024
4 6073088
6 6073152
10 6073216
0 6073280
10 6073344
6 6073408
3 6073472
9 6073536
8 6073600
1 6073664
10 6073728
8 6073792
0 6073856
8 6073920
5 6073984
5 6074048
4 6074112
2 6074176
0 6074240
6 6074304
0 6074368
9 6074432
10 6074496
9 6074560
3 6074624
9 6074688
10 6074752
6 6074816
0 6074880
0 6074944
7 6075008
8 6075072
9 6075136
4 6075200
9 6075264
3 6075328
5 6075392
0 6075456
6 6075520
1 6075584
7 6075648
7 6075712
2 6075776
3 6075840
8 6075904
2 6075968
0 6076032
7 6076096
5 6076160
1 6076224
1 6076288
3 6076352
4 6076416
8 6076480
6 6076544
5 6076608
7 6076672
9 6076736
6 6076800
8 6076864
1 6076928
0 6076992
3 6077056
2 6077120
0 6077184
2 6077248
2 6077312
4 6077376
0 6077440
1 6077504
7 6077568
3 6077632
10 6077696
2 6077760
8 6077824
1 6077888
5 6077952
9 6078016
10 6078080
5 6078144
4 6078208
3 6078272
1 6078336
2 6078400
4 6078464
10 6078528
6 6078592
7 6078656
4 6078720
0 6078784
0 6078848
9 6078912
4 6078976
0 6079040
4 6079104
3 6079168
7 6079232
8 6079296
1 6079360
4 6079424
1 6079488
1 6079552
9 6079616
5 6079680
8 6079744
7 6079808
3 6079872
6 6079936
0 6080000
6 6080064
3 6080128
4 6080192
0 6080256
5 6080320
1 6080384
3 6080448
0 6080512
0 6080576
5 6080640
7 6080704
2 6080768
3 6080832
9 6080896
5 6080960
3 6081024
2 6081088
7 6081152
9 6081216
1 6081280
8 6081344
2 6081408
3 6081472
3 6081536
1 6081600
6 6081664
7 6081728
1 6081792
6 6081856
2 6081920
9 6081984
9 6082048
6 6082112
8 6082176
1 6082240
10 6082304
7 6082368
5 6082432
4 6082496
8 6082560
1 6082624
4 6082688
4 6082752
2 6082816
10 6082880
3 6082944
3 6083008
5 6083072
2 6083136
10 6083200
1 6083264
5 6083328
6 6083392
0 6083456
2 6083520
3 6083584
10 6083648
10 6083712
2 6083776
4 6083840
7 6083904
4 6083968
6 6084032
8 6084096
7 6084160
9 6084224
2 6084288
7 6084352
1 6084416
8 6084480
5 6084544
5 6084608
1 6084672
3 6084736
7 6084800
0 6084864
3 6084928
5 6084992
9 6085056
7 6085120
9 6085184
7 6085248
8 6085312
0 6085376
8 6085440
7 6085504
8 6085568
10 6085632
4 6085696
1 6085760
7 6085824
8 6085888
6 6085952
7 6086016
9 6086080
10 6086144
3 6086208
9 6086272
3 6086336
6 6086400
9 6086464
3 6086528
9 6086592
4 6086656
9 6086720
9 6086784
10 6086848
5 6086912
7 6086976
2 6087040
0 6087104
2 6087168
0 6087232
3 6087296
5 6087360
2 6087424
1 6087488
0 6087552
4 6087616
8 6087680
1 6087744
1 6087808
4 6087872
6 6087936
8 6088000
10 6088064
1 6088128
3 6088192
8 6088256
9 6088320
3 6088384
3 6088448
1 6088512
3 6088576
8 6088640
6 6088704
3 6088768
10 6088832
10 6088896
4 6088960
9 6089024
2 6089088
3 6089152
5 6089216
10 6089280
2 6089344
4 6089408
9 6089472
3 6089536
7 6089600
1 6089664
0 6089728
4 6089792
1 6089856
7 6089920
6 6089984
2 6090048
8 6090112
5 6090176
1 6090240
0 6090304
3 6090368
10 6090432
0 6090496
1 6090560
6 6090624
4 6090688
0 6090752
4 6090816
0 6090880
3 6090944
9 6091008
7 6091072
10 6091136
6 6091200
2 6091264
1 6091328
1 6091392
8 6091456
8 6091520
0 6091584
6 6091648
9 6091712
0 6091776
4 6091840
3 6091904
8 6091968
9 6092032
1 6092096
1 6092160
4 6092224
10 6092288
8 6092352
2 6092416
1 6092480
9 6092544
9 6092608
1 6092672
2 6092736
0 6092800
6 6092864
2 6092928
4 6092992
4 6093056
1 6093120
8 6093184
5 6093248
0 6093312
1 6093376
10 6093440
6 6093504
6 6093568
4 6093632
10 6093696
1 6093760
5 6093824
0 6093888
9 6093952
9 6094016
5 6094080
7 6094144
5 6094208
6 6094272
8 6094336
1 6094400
1 6094464
10 6094528
3 6094592
4 6094656
3 6094720
1 6094784
5 6094848
3 6094912
2 6094976
9 6095040
3 6095104
1 6095168
4 6095232
9 6095296
3 6095360
9 6095424
2 6095488
8 6095552
10 6095616
2 6095680
2 6095744
3 6095808
5 6095872
9 6095936
6 6096000
3 6096064
4 6096128
7 6096192
2 6096256
6 6096320
2 6096384
4 6096448
7 6096512
1 6096576
9 6096640
3 6096704
9 6096768
1 6096832
6 6096896
5 6096960
2 6097024
7 6097088
10 6097152
7 6097216
3 6097280
0 6097344
8 6097408
7 6097472
2 6097536
10 6097600
4 6097664
0 6097728
3 6097792
6 6097856
4 6097920
8 6097984
0 6098048
0 6098112
2 6098176
10 6098240
5 6098304
10 6098368
4 6098432
0 6098496
6 6098560
4 6098624
10 6098688
10 6098752
6 6098816
10 6098880
7 6098944
6 6099008
5 6099072
1 6099136
7 6099200
2 6099264
7 6099328
7 6099392
5 6099456
3 6099520
2 6099584
9 6099648
1 6099712
2 6099776
3 6099840
10 6099904
6 6099968
5 6100032
5 6100096
6 6100160
4 6100224
4 6100288
1 6100352
4 6100416
9 6100480
3 6100544
0 6100608
0 6100672
1 6100736
5 6100800
9 6100864
0 6100928
3 6100992
8 6101056
2 6101120
4 6101184
0 6101248
3 6101312
0 6101376
9 6101440
2 6101504
2 6101568
10 6101632
8 6101696
3 6101760
4 6101824
3 6101888
6 6101952
4 6102016
4 6102080
5 6102144
6 6102208
6 6102272
3 6102336
0 6102400
9 6102464
10 6102528
0 6102592
6 6102656
6 6102720
9 6102784
5 6102848
8 6102912
0 6102976
4 6103040
9 6103104
4 6103168
0 6103232
6 6103296
6 6103360
4 6103424
4 6103488
6 6103552
5 6103616
1 6103680
5 6103744
7 6103808
1 6103872
7 6103936
10 6104000
9 6104064
2 6104128
3 6104192
0 6104256
0 6104320
2 6104384
8 6104448
8 6104512
3 6104576
4 6104640
9 6104704
10 6104768
2 6104832
8 6104896
4 6104960
4 6105024
5 6105088
5 6105152
0 6105216
7 6105280
4 6105344
10 6105408
2 6105472
9 6105536
10 6105600
8 6105664
2 6105728
8 6105792
0 6105856
3 6105920
7 6105984
9 6106048
10 6106112
4 6106176
4 6106240
0 6106304
0 6106368
0 6106432
1 6106496
0 6106560
5 6106624
6 6106688
8 6106752
9 6106816
7 6106880
7 6106944
9 6107008
0 6107072
3 6107136
6 6107200
4 6107264
9 6107328
6 6107392
4 6107456
4 6107520
2 6107584
10 6107648
2 6107712
1 6107776
6 6107840
9 6107904
6 6107968
10 6108032
8 6108096
9 6108160
2 6108224
8 6108288
6 6108352
9 6108416
7 6108480
9 6108544
7 6108608
9 6108672
3 6108736
4 6108800
8 6108864
5 6108928
9 6108992
6 6109056
3 6109120
5 6109184
7 6109248
2 6109312
2 6109376
10 6109440
3 6109504
1 6109568
5 6109632
2 6109696
10 6109760
6 6109824
0 6109888
5 6109952
7 6110016
9 6110080
4 6110144
8 6110208
1 6110272
5 6110336
7 6110400
5 6110464
8 6110528
1 6110592
0 6110656
0 6110720
1 6110784
5 6110848
4 6110912
4 6110976
7 6111040
5 6111104
1 6111168
2 6111232
4 6111296
5 6111360
7 6111424
3 6111488
7 6111552
10 6111616
9 6111680
8 6111744
4 6111808
8 6111872
0 6111936
0 6112000
2 6112064
0 6112128
10 6112192
3 6112256
2 6112320
8 6112384
7 6112448
10 6112512
0 6112576
7 6112640
8 6112704
9 6112768
6 6112832
1 6112896
7 6112960
8 6113024
3 6113088
2 6113152
10 6113216
2 6113280
5 6113344
10 6113408
0 6113472
9 6113536
1 6113600
5 6113664
5 6113728
7 6113792
3 6113856
2 6113920
2 6113984
2 6114048
2 6114112
3 6114176
2 6114240
6 6114304
0 6114368
1 6114432
7 6114496
5 6114560
4 6114624
2 6114688
6 6114752
9 6114816
8 6114880
8 6114944
3 6115008
2 6115072
0 6115136
9 6115200
9 6115264
10 6115328
1 6115392
2 6115456
4 6115520
2 6115584
3 6115648
4 6115712
8 6115776
3 6115840
10 6115904
9 6115968
10 6116032
0 6116096
6 6116160
1 6116224
8 6116288
4 6116352
5 6116416
6 6116480
7 6116544
2 6116608
7 6116672
8 6116736
5 6116800
7 6116864
3 6116928
0 6116992
2 6117056
3 6117120
10 6117184
9 6117248
4 6117312
8 6117376
4 6117440
7 6117504
7 6117568
1 6117632
4 6117696
6 6117760
7 6117824
3 6117888
3 6117952
10 6118016
9 6118080
0 6118144
9 6118208
2 6118272
1 6118336
3 6118400
7 6118464
0 6118528
1 6118592
8 6118656
3 6118720
2 6118784
7 6118848
4 6118912
0 6118976
3 6119040
1 6119104
6 6119168
9 6119232
4 6119296
10 6119360
7 6119424
4 6119488
3 6119552
4 6119616
1 6119680
8 6119744
8 6119808
1 6119872
5 6119936
10 6120000
7 6120064
10 6120128
6 6120192
10 6120256
5 6120320
1 6120384
5 6120448
0 6120512
2 6120576
1 6120640
8 6120704
6 6120768
4 6120832
5 6120896
9 6120960
8 6121024
2 6121088
1 6121152
9 6121216
4 6121280
1 6121344
5 6121408
1 6121472
7 6121536
6 6121600
3 6121664
8 6121728
6 6121792
1 6121856
8 6121920
10 6121984
9 6122048
0 6122112
8 6122176
5 6122240
4 6122304
0 6122368
10 6122432
3 6122496
0 6122560
3 6122624
2 6122688
5 6122752
3 6122816
5 6122880
5 6122944
5 6123008
9 6123072
9 6123136
5 6123200
3 6123264
9 6123328
7 6123392
2 6123456
0 6123520
5 6123584
6 6123648
0 6123712
0 6123776
10 6123840
6 6123904
4 6123968
2 6124032
0 6124096
9 6124160
2 6124224
2 6124288
5 6124352
9 6124416
7 6124480
3 6124544
9 6124608
6 6124672
7 6124736
0 6124800
7 6124864
1 6124928
0 6124992
6 6125056
0 6125120
1 6125184
1 6125248
3 6125312
10 6125376
0 6125440
3 6125504
2 6125568
2 6125632
3 6125696
10 6125760
2 6125824
3 6125888
5 6125952
4 6126016
3 6126080
3 6126144
7 6126208
4 6126272
5 6126336
3 6126400
6 6126464
5 6126528
6 6126592
0 6126656
2 6126720
6 6126784
7 6126848
4 6126912
1 6126976
2 6127040
1 6127104
6 6127168
3 6127232
8 6127296
2 6127360
4 6127424
5 6127488
9 6127552
6 6127616
2 6127680
2 6127744
3 6127808
9 6127872
10 6127936
7 6128000
2 6128064
4 6128128
8 6128192
4 6128256
3 6128320
9 6128384
6 6128448
0 6128512
9 6128576
9 6128640
6 6128704
0 6128768
7 6128832
9 6128896
3 6128960
9 6129024
1 6129088
0 6129152
5 6129216
1 6129280
5 6129344
10 6129408
0 6129472
7 6129536
1 6129600
10 6129664
0 6129728
8 6129792
1 6129856
6 6129920
5 6129984
3 6130048
5 6130112
9 6130176
10 6130240
8 6130304
5 6130368
10 6130432
1 6130496
5 6130560
10 6130624
3 6130688
10 6130752
2 6130816
0 6130880
9 6130944
2 6131008
8 6131072
3 6131136
10 6131200
5 6131264
3 6131328
4 6131392
2 6131456
10 6131520
4 6131584
10 6131648
9 6131712
5 6131776
0 6131840
1 6131904
5 6131968
2 6132032
10 6132096
8 6132160
0 6132224
0 6132288
6 6132352
4 6132416
8 6132480
6 6132544
1 6132608
10 6132672
5 6132736
7 6132800
10 6132864
7 6132928
9 6132992
9 6133056
3 6133120
10 6133184
2 6133248
4 6133312
6 6133376
9 6133440
10 6133504
6 6133568
4 6133632
9 6133696
2 6133760
8 6133824
9 6133888
6 6133952
3 6134016
8 6134080
9 6134144
10 6134208
9 6134272
9 6134336
6 6134400
8 6134464
0 6134528
1 6134592
2 6134656
6 6134720
6 6134784
9 6134848
9 6134912
3 6134976
0 6135040
0 6135104
5 6135168
4 6135232
7 6135296
6 6135360
4 6135424
2 6135488
4 6135552
9 6135616
4 6135680
4 6135744
2 6135808
8 6135872
2 6135936
8 6136000
1 6136064
8 6136128
3 6136192
2 6136256
5 6136320
5 6136384
1 6136448
2 6136512
6 6136576
6 6136640
9 6136704
1 6136768
7 6136832
10 6136896
8 6136960
2 6137024
7 6137088
2 6137152
9 6137216
7 6137280
2 6137344
1 6137408
3 6137472
6 6137536
9 6137600
0 6137664
8 6137728
6 6137792
6 6137856
0 6137920
2 6137984
2 6138048
9 6138112
6 6138176
3 6138240
1 6138304
6 6138368
5 6138432
0 6138496
1 6138560
2 6138624
4 6138688
0 6138752
4 6138816
10 6138880
0 6138944
10 6139008
3 6139072
4 6139136
1 6139200
7 6139264
6 6139328
0 6139392
10 6139456
10 6139520
9 6139584
7 6139648
1 6139712
3 6139776
7 6139840
7 6139904
7 6139968
9 6140032
3 6140096
8 6140160
6 6140224
4 6140288
0 6140352
4 6140416
7 6140480
0 6140544
4 6140608
2 6140672
0 6140736
10 6140800
8 6140864
6 6140928
6 6140992
4 6141056
7 6141120
8 6141184
6 6141248
3 6141312
5 6141376
9 6141440
10 6141504
4 6141568
3 6141632
0 6141696
1 6141760
2 6141824
2 6141888
6 6141952
9 6142016
4 6142080
1 6142144
5 6142208
3 6142272
10 6142336
5 6142400
4 6142464
3 6142528
1 6142592
8 6142656
7 6142720
0 6142784
10 6142848
10 6142912
5 6142976
0 6143040
9 6143104
8 6143168
2 6143232
2 6143296
1 6143360
6 6143424
2 6143488
5 6143552
9 6143616
3 6143680
2 6143744
2 6143808
4 6143872
0 6143936
8 6144000
4 6144064
10 6144128
0 6144192
10 6144256
7 6144320
4 6144384
9 6144448
3 6144512
8 6144576
3 6144640
4 6144704
1 6144768
6 6144832
2 6144896
3 6144960
2 6145024
5 6145088
10 6145152
2 6145216
8 6145280
7 6145344
4 6145408
4 6145472
0 6145536
2 6145600
9 6145664
1 6145728
3 6145792
3 6145856
2 6145920
2 6145984
7 6146048
6 6146112
0 6146176
3 6146240
9 6146304
2 6146368
1 6146432
9 6146496
1 6146560
6 6146624
5 6146688
8 6146752
0 6146816
6 6146880
4 6146944
3 6147008
10 6147072
8 6147136
5 6147200
5 6147264
1 6147328
2 6147392
9 6147456
9 6147520
8 6147584
6 6147648
6 6147712
3 6147776
1 6147840
8 6147904
10 6147968
0 6148032
5 6148096
8 6148160
3 6148224
0 6148288
9 6148352
7 6148416
6 6148480
9 6148544
0 6148608
10 6148672
4 6148736
6 6148800
3 6148864
5 6148928
0 6148992
7 6149056
7 6149120
3 6149184
1 6149248
8 6149312
8 6149376
5 6149440
9 6149504
3 6149568
7 6149632
7 6149696
5 6149760
3 6149824
3 6149888
5 6149952
9 6150016
10 6150080
4 6150144
10 6150208
0 6150272
9 6150336
5 6150400
10 6150464
10 6150528
3 6150592
3 6150656
2 6150720
10 6150784
4 6150848
10 6150912
10 6150976
3 6151040
3 6151104
5 6151168
0 6151232
6 6151296
9 6151360
8 6151424
4 6151488
4 6151552
3 6151616
3 6151680
8 6151744
9 6151808
0 6151872
2 6151936
5 6152000
4 6152064
7 6152128
1 6152192
10 6152256
2 6152320
7 6152384
8 6152448
0 6152512
6 6152576
6 6152640
4 6152704
4 6152768
8 6152832
5 6152896
10 6152960
6 6153024
7 6153088
8 6153152
6 6153216
8 6153280
9 6153344
2 6153408
6 6153472
8 6153536
5 6153600
5 6153664
1 6153728
2 6153792
7 6153856
0 6153920
1 6153984
1 6154048
8 6154112
3 6154176
6 6154240
0 6154304
6 6154368
3 6154432
7 6154496
0 6154560
10 6154624
5 6154688
5 6154752
4 6154816
5 6154880
6 6154944
5 6155008
1 6155072
5 6155136
4 6155200
10 6155264
1 6155328
4 6155392
2 6155456
3 6155520
8 6155584
6 6155648
1 6155712
4 6155776
5 6155840
0 6155904
9 6155968
4 6156032
1 6156096
3 6156160
10 6156224
10 6156288
8 6156352
2 6156416
2 6156480
5 6156544
8 6156608
1 6156672
4 6156736
0 6156800
1 6156864
10 6156928
0 6156992
1 6157056
10 6157120
1 6157184
9 6157248
0 6157312
5 6157376
0 6157440
10 6157504
4 6157568
4 6157632
2 6157696
10 6157760
8 6157824
1 6157888
6 6157952
4 6158016
5 6158080
8 6158144
0 6158208
10 6158272
8 6158336
1 6158400
0 6158464
10 6158528
6 6158592
3 6158656
5 6158720
5 6158784
1 6158848
9 6158912
7 6158976
2 6159040
6 6159104
3 6159168
4 6159232
4 6159296
5 6159360
5 6159424
6 6159488
5 6159552
8 6159616
2 6159680
4 6159744
7 6159808
6 6159872
8 6159936
2 6160000
5 6160064
8 6160128
4 6160192
5 6160256
9 6160320
7 6160384
2 6160448
2 6160512
0 6160576
5 6160640
0 6160704
1 6160768
10 6160832
1 6160896
6 6160960
0 6161024
0 6161088
2 6161152
6 6161216
8 6161280
4 6161344
10 6161408
9 6161472
6 6161536
7 6161600
7 6161664
7 6161728
6 6161792
1 6161856
9 6161920
2 6161984
0 6162048
2 6162112
9 6162176
7 6162240
6 6162304
3 6162368
7 6162432
7 6162496
5 6162560
5 6162624
5 6162688
10 6162752
7 6162816
9 6162880
4 6162944
3 6163008
1 6163072
10 6163136
10 6163200
9 6163264
3 6163328
6 6163392
6 6163456
7 6163520
1 6163584
1 6163648
6 6163712
2 6163776
5 6163840
3 6163904
5 6163968
2 6164032
2 6164096
9 6164160
3 6164224
8 6164288
6 6164352
2 6164416
9 6164480
10 6164544
1 6164608
8 6164672
7 6164736
10 6164800
9 6164864
3 6164928
10 6164992
10 6165056
10 6165120
7 6165184
5 6165248
9 6165312
3 6165376
10 6165440
7 6165504
10 6165568
2 6165632
7 6165696
5 6165760
1 6165824
3 6165888
1 6165952
5 6166016
8 6166080
6 6166144
2 6166208
0 6166272
7 6166336
1 6166400
3 6166464
8 6166528
9 6166592
4 6166656
7 6166720
10 6166784
7 6166848
10 6166912
8 6166976
5 6167040
4 6167104
10 6167168
10 6167232
0 6167296
7 6167360
9 6167424
4 6167488
5 6167552
3 6167616
9 6167680
3 6167744
4 6167808
1 6167872
1 6167936
2 6168000
3 6168064
6 6168128
4 6168192
6 6168256
2 6168320
10 6168384
8 6168448
5 6168512
0 6168576
6 6168640
9 6168704
6 6168768
7 6168832
2 6168896
0 6168960
6 6169024
4 6169088
7 6169152
4 6169216
0 6169280
5 6169344
5 6169408
0 6169472
3 6169536
7 6169600
5 6169664
0 6169728
1 6169792
6 6169856
0 6169920
5 6169984
5 6170048
7 6170112
0 6170176
4 6170240
7 6170304
8 6170368
7 6170432
10 6170496
1 6170560
2 6170624
3 6170688
7 6170752
2 6170816
8 6170880
7 6170944
3 6171008
5 6171072
7 6171136
6 6171200
8 6171264
5 6171328
6 6171392
4 6171456
2 6171520
9 6171584
6 6171648
5 6171712
3 6171776
9 6171840
9 6171904
10 6171968
9 6172032
0 6172096
9 6172160
5 6172224
4 6172288
7 6172352
1 6172416
7 6172480
7 6172544
4 6172608
1 6172672
6 6172736
8 6172800
6 6172864
7 6172928
4 6172992
4 6173056
8 6173120
9 6173184
9 6173248
6 6173312
1 6173376
5 6173440
1 6173504
10 6173568
10 6173632
6 6173696
0 6173760
0 6173824
8 6173888
0 6173952
4 6174016
4 6174080
3 6174144
5 6174208
8 6174272
3 6174336
5 6174400
1 6174464
0 6174528
0 6174592
6 6174656
10 6174720
7 6174784
0 6174848
7 6174912
10 6174976
6 6175040
0 6175104
3 6175168
10 6175232
4 6175296
5 6175360
3 6175424
0 6175488
0 6175552
10 6175616
7 6175680
10 6175744
3 6175808
4 6175872
1 6175936
5 6176000
2 6176064
7 6176128
4 6176192
10 6176256
2 6176320
1 6176384
2 6176448
8 6176512
1 6176576
3 6176640
3 6176704
0 6176768
9 6176832
4 6176896
3 6176960
8 6177024
0 6177088
1 6177152
8 6177216
0 6177280
8 6177344
7 6177408
5 6177472
3 6177536
7 6177600
4 6177664
1 6177728
2 6177792
6 6177856
0 6177920
0 6177984
2 6178048
6 6178112
10 6178176
7 6178240
4 6178304
5 6178368
10 6178432
8 6178496
6 6178560
1 6178624
8 6178688
9 6178752
10 6178816
10 6178880
4 6178944
2 6179008
0 6179072
6 6179136
2 6179200
4 6179264
8 6179328
8 6179392
7 6179456
8 6179520
2 6179584
10 6179648
0 6179712
2 6179776
8 6179840
2 6179904
5 6179968
3 6180032
6 6180096
5 6180160
5 6180224
2 6180288
2 6180352
0 6180416
5 6180480
3 6180544
8 6180608
4 6180672
8 6180736
0 6180800
3 6180864
0 6180928
2 6180992
5 6181056
1 6181120
5 6181184
7 6181248
1 6181312
6 6181376
1 6181440
9 6181504
5 6181568
4 6181632
6 6181696
7 6181760
2 6181824
3 6181888
9 6181952
0 6182016
10 6182080
4 6182144
4 6182208
1 6182272
8 6182336
5 6182400
10 6182464
0 6182528
7 6182592
1 6182656
1 6182720
3 6182784
8 6182848
3 6182912
10 6182976
10 6183040
5 6183104
1 6183168
4 6183232
6 6183296
3 6183360
5 6183424
4 6183488
7 6183552
6 6183616
5 6183680
8 6183744
4 6183808
8 6183872
8 6183936
5 6184000
4 6184064
7 6184128
6 6184192
2 6184256
0 6184320
6 6184384
9 6184448
3 6184512
10 6184576
4 6184640
8 6184704
6 6184768
7 6184832
3 6184896
7 6184960
0 6185024
10 6185088
2 6185152
1 6185216
9 6185280
7 6185344
6 6185408
1 6185472
7 6185536
4 6185600
3 6185664
2 6185728
6 6185792
4 6185856
1 6185920
7 6185984
2 6186048
10 6186112
2 6186176
5 6186240
5 6186304
1 6186368
4 6186432
5 6186496
8 6186560
8 6186624
5 6186688
0 6186752
1 6186816
8 6186880
2 6186944
9 6187008
9 6187072
9 6187136
0 6187200
9 6187264
1 6187328
0 6187392
1 6187456
0 6187520
2 6187584
6 6187648
3 6187712
9 6187776
10 6187840
0 6187904
0 6187968
10 6188032
1 6188096
9 6188160
9 6188224
0 6188288
7 6188352
3 6188416
9 6188480
4 6188544
8 6188608
8 6188672
3 6188736
4 6188800
0 6188864
3 6188928
9 6188992
0 6189056
6 6189120
10 6189184
0 6189248
7 6189312
10 6189376
7 6189440
1 6189504
8 6189568
7 6189632
2 6189696
9 6189760
7 6189824
0 6189888
3 6189952
4 6190016
5 6190080
0 6190144
10 6190208
5 6190272
8 6190336
10 6190400
8 6190464
2 6190528
10 6190592
0 6190656
2 6190720
4 6190784
4 6190848
6 6190912
10 6190976
9 6191040
4 6191104
10 6191168
3 6191232
9 6191296
10 6191360
7 6191424
4 6191488
2 6191552
2 6191616
5 6191680
7 6191744
7 6191808
9 6191872
8 6191936
3 6192000
0 6192064
4 6192128
10 6192192
2 6192256
1 6192320
4 6192384
5 6192448
3 6192512
8 6192576
2 6192640
3 6192704
3 6192768
2 6192832
1 6192896
3 6192960
0 6193024
1 6193088
9 6193152
3 6193216
8 6193280
6 6193344
10 6193408
8 6193472
2 6193536
2 6193600
6 6193664
7 6193728
2 6193792
3 6193856
5 6193920
6 6193984
1 6194048
1 6194112
9 6194176
4 6194240
3 6194304
6 6194368
1 6194432
4 6194496
7 6194560
5 6194624
6 6194688
2 6194752
9 6194816
7 6194880
8 6194944
8 6195008
2 6195072
3 6195136
5 6195200
5 6195264
3 6195328
1 6195392
8 6195456
10 6195520
10 6195584
4 6195648
4 6195712
4 6195776
6 6195840
9 6195904
0 6195968
4 6196032
8 6196096
8 6196160
3 6196224
5 6196288
6 6196352
3 6196416
4 6196480
7 6196544
1 6196608
6 6196672
8 6196736
10 6196800
8 6196864
0 6196928
1 6196992
7 6197056
7 6197120
1 6197184
0 6197248
8 6197312
6 6197376
9 6197440
6 6197504
5 6197568
4 6197632
0 6197696
6 6197760
5 6197824
0 6197888
0 6197952
2 6198016
3 6198080
5 6198144
6 6198208
4 6198272
1 6198336
4 6198400
0 6198464
7 6198528
7 6198592
1 6198656
4 6198720
2 6198784
1 6198848
0 6198912
5 6198976
4 6199040
3 6199104
5 6199168
1 6199232
3 6199296
7 6199360
1 6199424
8 6199488
3 6199552
4 6199616
9 6199680
10 6199744
7 6199808
9 6199872
9 6199936
2 6200000
2 6200064
9 6200128
1 6200192
0 6200256
8 6200320
0 6200384
7 6200448
7 6200512
8 6200576
5 6200640
10 6200704
8 6200768
5 6200832
9 6200896
10 6200960
9 6201024
1 6201088
10 6201152
9 6201216
2 6201280
8 6201344
9 6201408
10 6201472
10 6201536
2 6201600
1 6201664
7 6201728
6 6201792
9 6201856
6 6201920
0 6201984
3 6202048
8 6202112
3 6202176
4 6202240
7 6202304
8 6202368
6 6202432
2 6202496
6 6202560
4 6202624
6 6202688
1 6202752
6 6202816
1 6202880
5 6202944
10 6203008
10 6203072
0 6203136
1 6203200
8 6203264
6 6203328
0 6203392
5 6203456
0 6203520
3 6203584
5 6203648
0 6203712
9 6203776
0 6203840
10 6203904
7 6203968
8 6204032
6 6204096
1 6204160
1 6204224
4 6204288
0 6204352
10 6204416
7 6204480
6 6204544
7 6204608
0 6204672
3 6204736
4 6204800
10 6204864
7 6204928
0 6204992
0 6205056
8 6205120
2 6205184
6 6205248
3 6205312
7 6205376
4 6205440
10 6205504
6 6205568
4 6205632
6 6205696
2 6205760
2 6205824
10 6205888
5 6205952
0 6206016
10 6206080
7 6206144
4 6206208
7 6206272
6 6206336
2 6206400
1 6206464
9 6206528
8 6206592
9 6206656
3 6206720
8 6206784
3 6206848
10 6206912
5 6206976
9 6207040
3 6207104
0 6207168
1 6207232
6 6207296
8 6207360
4 6207424
9 6207488
7 6207552
0 6207616
7 6207680
1 6207744
9 6207808
9 6207872
2 6207936
5 6208000
7 6208064
5 6208128
1 6208192
1 6208256
7 6208320
1 6208384
4 6208448
4 6208512
0 6208576
3 6208640
4 6208704
2 6208768
8 6208832
7 6208896
5 6208960
10 6209024
6 6209088
7 6209152
3 6209216
1 6209280
1 6209344
0 6209408
1 6209472
7 6209536
6 6209600
6 6209664
0 6209728
2 6209792
7 6209856
9 6209920
1 6209984
10 6210048
2 6210112
6 6210176
1 6210240
5 6210304
4 6210368
0 6210432
9 6210496
8 6210560
10 6210624
5 6210688
6 6210752
9 6210816
1 6210880
0 6210944
3 6211008
9 6211072
3 6211136
4 6211200
8 6211264
1 6211328
0 6211392
0 6211456
3 6211520
3 6211584
4 6211648
10 6211712
5 6211776
3 6211840
9 6211904
3 6211968
1 6212032
10 6212096
7 6212160
4 6212224
2 6212288
2 6212352
1 6212416
6 6212480
5 6212544
9 6212608
8 6212672
1 6212736
1 6212800
5 6212864
7 6212928
9 6212992
1 6213056
3 6213120
6 6213184
10 6213248
7 6213312
10 6213376
8 6213440
10 6213504
9 6213568
5 6213632
3 6213696
7 6213760
9 6213824
2 6213888
8 6213952
0 6214016
6 6214080
3 6214144
9 6214208
6 6214272
10 6214336
8 6214400
2 6214464
4 6214528
8 6214592
1 6214656
7 6214720
10 6214784
2 6214848
9 6214912
7 6214976
1 6215040
3 6215104
1 6215168
1 6215232
10 6215296
5 6215360
8 6215424
2 6215488
5 6215552
0 6215616
8 6215680
4 6215744
3 6215808
4 6215872
10 6215936
2 6216000
1 6216064
1 6216128
2 6216192
1 6216256
8 6216320
2 6216384
8 6216448
8 6216512
2 6216576
9 6216640
1 6216704
4 6216768
5 6216832
4 6216896
7 6216960
0 6217024
10 6217088
10 6217152
5 6217216
4 6217280
3 6217344
3 6217408
2 6217472
1 6217536
2 6217600
5 6217664
9 6217728
5 6217792
10 6217856
4 6217920
3 6217984
2 6218048
4 6218112
4 6218176
3 6218240
9 6218304
2 6218368
2 6218432
0 6218496
7 6218560
8 6218624
10 6218688
10 6218752
1 6218816
0 6218880
5 6218944
0 6219008
8 6219072
9 6219136
8 6219200
10 6219264
9 6219328
4 6219392
0 6219456
8 6219520
1 6219584
6 6219648
10 6219712
7 6219776
2 6219840
3 6219904
3 6219968
6 6220032
9 6220096
3 6220160
5 6220224
1 6220288
0 6220352
7 6220416
3 6220480
8 6220544
5 6220608
1 6220672
5 6220736
3 6220800
4 6220864
10 6220928
3 6220992
5 6221056
6 6221120
7 6221184
9 6221248
4 6221312
1 6221376
5 6221440
4 6221504
10 6221568
0 6221632
9 6221696
4 6221760
6 6221824
1 6221888
7 6221952
4 6222016
5 6222080
5 6222144
6 6222208
3 6222272
7 6222336
8 6222400
0 6222464
1 6222528
8 6222592
7 6222656
1 6222720
5 6222784
1 6222848
3 6222912
0 6222976
0 6223040
6 6223104
3 6223168
4 6223232
0 6223296
9 6223360
6 6223424
1 6223488
2 6223552
10 6223616
9 6223680
9 6223744
2 6223808
6 6223872
2 6223936
10 6224000
3 6224064
6 6224128
1 6224192
8 6224256
1 6224320
5 6224384
7 6224448
9 6224512
7 6224576
7 6224640
6 6224704
4 6224768
2 6224832
3 6224896
7 6224960
8 6225024
8 6225088
5 6225152
0 6225216
7 6225280
9 6225344
0 6225408
10 6225472
10 6225536
4 6225600
7 6225664
5 6225728
5 6225792
2 6225856
3 6225920
0 6225984
3 6226048
3 6226112
5 6226176
10 6226240
0 6226304
1 6226368
2 6226432
3 6226496
2 6226560
9 6226624
0 6226688
0 6226752
1 6226816
1 6226880
2 6226944
4 6227008
9 6227072
3 6227136
4 6227200
1 6227264
10 6227328
5 6227392
10 6227456
8 6227520
2 6227584
2 6227648
1 6227712
2 6227776
1 6227840
5 6227904
1 6227968
1 6228032
0 6228096
8 6228160
8 6228224
0 6228288
9 6228352
8 6228416
9 6228480
5 6228544
0 6228608
6 6228672
6 6228736
5 6228800
9 6228864
3 6228928
5 6228992
6 6229056
1 6229120
4 6229184
0 6229248
0 6229312
8 6229376
1 6229440
4 6229504
10 6229568
5 6229632
2 6229696
10 6229760
8 6229824
6 6229888
0 6229952
6 6230016
8 6230080
9 6230144
2 6230208
1 6230272
7 6230336
4 6230400
4 6230464
7 6230528
0 6230592
7 6230656
4 6230720
9 6230784
10 6230848
5 6230912
2 6230976
2 6231040
4 6231104
9 6231168
9 6231232
4 6231296
10 6231360
9 6231424
10 6231488
8 6231552
9 6231616
7 6231680
6 6231744
3 6231808
9 6231872
1 6231936
6 6232000
0 6232064
0 6232128
7 6232192
6 6232256
9 6232320
4 6232384
1 6232448
6 6232512
5 6232576
10 6232640
8 6232704
7 6232768
0 6232832
1 6232896
5 6232960
2 6233024
9 6233088
5 6233152
0 6233216
6 6233280
3 6233344
5 6233408
4 6233472
1 6233536
10 6233600
6 6233664
7 6233728
8 6233792
10 6233856
5 6233920
3 6233984
0 6234048
4 6234112
4 6234176
5 6234240
6 6234304
7 6234368
5 6234432
10 6234496
9 6234560
8 6234624
10 6234688
1 6234752
8 6234816
10 6234880
6 6234944
3 6235008
2 6235072
10 6235136
4 6235200
3 6235264
3 6235328
5 6235392
0 6235456
8 6235520
10 6235584
5 6235648
1 6235712
1 6235776
2 6235840
7 6235904
4 6235968
8 6236032
10 6236096
1 6236160
6 6236224
2 6236288
6 6236352
9 6236416
8 6236480
5 6236544
2 6236608
0 6236672
5 6236736
6 6236800
10 6236864
6 6236928
0 6236992
5 6237056
9 6237120
9 6237184
9 6237248
3 6237312
2 6237376
10 6237440
1 6237504
9 6237568
7 6237632
4 6237696
6 6237760
5 6237824
6 6237888
3 6237952
10 6238016
8 6238080
2 6238144
5 6238208
6 6238272
9 6238336
0 6238400
2 6238464
8 6238528
7 6238592
10 6238656
6 6238720
1 6238784
9 6238848
7 6238912
6 6238976
8 6239040
1 6239104
3 6239168
8 6239232
9 6239296
1 6239360
0 6239424
2 6239488
10 6239552
0 6239616
8 6239680
7 6239744
4 6239808
0 6239872
2 6239936
8 6240000
9 6240064
9 6240128
3 6240192
6 6240256
5 6240320
10 6240384
0 6240448
0 6240512
10 6240576
3 6240640
1 6240704
9 6240768
0 6240832
8 6240896
5 6240960
7 6241024
8 6241088
8 6241152
2 6241216
5 6241280
8 6241344
4 6241408
2 6241472
2 6241536
0 6241600
8 6241664
10 6241728
6 6241792
5 6241856
2 6241920
0 6241984
7 6242048
7 6242112
4 6242176
8 6242240
6 6242304
0 6242368
2 6242432
5 6242496
6 6242560
3 6242624
7 6242688
8 6242752
1 6242816
1 6242880
10 6242944
10 6243008
6 6243072
9 6243136
0 6243200
10 6243264
9 6243328
7 6243392
2 6243456
7 6243520
3 6243584
2 6243648
10 6243712
8 6243776
5 6243840
5 6243904
7 6243968
7 6244032
9 6244096
7 6244160
4 6244224
8 6244288
4 6244352
0 6244416
8 6244480
5 6244544
2 6244608
2 6244672
8 6244736
6 6244800
1 6244864
9 6244928
8 6244992
2 6245056
7 6245120
2 6245184
6 6245248
0 6245312
6 6245376
5 6245440
7 6245504
6 6245568
8 6245632
2 6245696
9 6245760
9 6245824
6 6245888
7 6245952
2 6246016
8 6246080
2 6246144
4 6246208
1 6246272
9 6246336
7 6246400
8 6246464
6 6246528
8 6246592
0 6246656
4 6246720
2 6246784
8 6246848
8 6246912
7 6246976
8 6247040
10 6247104
9 6247168
2 6247232
5 6247296
9 6247360
8 6247424
6 6247488
7 6247552
2 6247616
4 6247680
1 6247744
9 6247808
5 6247872
4 6247936
1 6248000
10 6248064
5 6248128
7 6248192
1 6248256
7 6248320
6 6248384
2 6248448
6 6248512
9 6248576
6 6248640
7 6248704
2 6248768
8 6248832
9 6248896
2 6248960
5 6249024
7 6249088
6 6249152
5 6249216
5 6249280
5 6249344
1 6249408
4 6249472
6 6249536
5 6249600
9 6249664
9 6249728
8 6249792
3 6249856
1 6249920
4 6249984
3 6250048
0 6250112
9 6250176
9 6250240
5 6250304
3 6250368
2 6250432
1 6250496
8 6250560
9 6250624
3 6250688
1 6250752
10 6250816
5 6250880
10 6250944
3 6251008
0 6251072
5 6251136
10 6251200
8 6251264
6 6251328
5 6251392
4 6251456
8 6251520
3 6251584
3 6251648
10 6251712
8 6251776
8 6251840
0 6251904
6 6251968
7 6252032
1 6252096
9 6252160
1 6252224
7 6252288
4 6252352
2 6252416
5 6252480
1 6252544
8 6252608
10 6252672
6 6252736
9 6252800
7 6252864
5 6252928
10 6252992
6 6253056
6 6253120
10 6253184
7 6253248
1 6253312
7 6253376
10 6253440
5 6253504
2 6253568
4 6253632
10 6253696
0 6253760
9 6253824
7 6253888
5 6253952
8 6254016
6 6254080
1 6254144
3 6254208
10 6254272
9 6254336
3 6254400
4 6254464
7 6254528
4 6254592
10 6254656
10 6254720
9 6254784
5 6254848
0 6254912
0 6254976
4 6255040
4 6255104
1 6255168
8 6255232
5 6255296
10 6255360
0 6255424
0 6255488
6 6255552
0 6255616
3 6255680
0 6255744
7 6255808
10 6255872
9 6255936
8 6256000
4 6256064
3 6256128
6 6256192
3 6256256
4 6256320
8 6256384
6 6256448
1 6256512
5 6256576
6 6256640
5 6256704
8 6256768
8 6256832
7 6256896
9 6256960
3 6257024
4 6257088
0 6257152
10 6257216
4 6257280
8 6257344
6 6257408
9 6257472
3 6257536
8 6257600
4 6257664
1 6257728
3 6257792
7 6257856
0 6257920
7 6257984
8 6258048
7 6258112
0 6258176
3 6258240
10 6258304
3 6258368
0 6258432
1 6258496
4 6258560
1 6258624
1 6258688
8 6258752
2 6258816
6 6258880
10 6258944
0 6259008
6 6259072
0 6259136
6 6259200
8 6259264
2 6259328
1 6259392
7 6259456
9 6259520
7 6259584
6 6259648
4 6259712
10 6259776
6 6259840
7 6259904
0 6259968
5 6260032
7 6260096
4 6260160
2 6260224
0 6260288
5 6260352
0 6260416
10 6260480
0 6260544
8 6260608
0 6260672
0 6260736
0 6260800
1 6260864
8 6260928
10 6260992
2 6261056
6 6261120
0 6261184
6 6261248
2 6261312
0 6261376
1 6261440
1 6261504
9 6261568
9 6261632
0 6261696
6 6261760
8 6261824
8 6261888
7 6261952
0 6262016
9 6262080
0 6262144
9 6262208
0 6262272
4 6262336
2 6262400
3 6262464
2 6262528
6 6262592
10 6262656
6 6262720
3 6262784
4 6262848
5 6262912
6 6262976
4 6263040
5 6263104
0 6263168
10 6263232
10 6263296
4 6263360
0 6263424
7 6263488
9 6263552
10 6263616
4 6263680
2 6263744
10 6263808
5 6263872
9 6263936
2 6264000
2 6264064
0 6264128
2 6264192
1 6264256
3 6264320
9 6264384
10 6264448
5 6264512
2 6264576
0 6264640
7 6264704
6 6264768
4 6264832
10 6264896
3 6264960
5 6265024
9 6265088
3 6265152
2 6265216
5 6265280
6 6265344
1 6265408
10 6265472
8 6265536
3 6265600
7 6265664
0 6265728
1 6265792
5 6265856
7 6265920
7 6265984
4 6266048
4 6266112
1 6266176
10 6266240
6 6266304
6 6266368
2 6266432
1 6266496
4 6266560
5 6266624
9 6266688
8 6266752
4 6266816
10 6266880
10 6266944
8 6267008
10 6267072
4 6267136
7 6267200
10 6267264
1 6267328
6 6267392
10 6267456
10 6267520
9 6267584
3 6267648
6 6267712
1 6267776
7 6267840
10 6267904
5 6267968
6 6268032
8 6268096
2 6268160
10 6268224
10 6268288
6 6268352
8 6268416
1 6268480
4 6268544
10 6268608
1 6268672
5 6268736
5 6268800
10 6268864
0 6268928
1 6268992
10 6269056
4 6269120
5 6269184
7 6269248
0 6269312
0 6269376
4 6269440
10 6269504
0 6269568
1 6269632
7 6269696
3 6269760
10 6269824
3 6269888
7 6269952
5 6270016
9 6270080
1 6270144
1 6270208
10 6270272
2 6270336
8 6270400
10 6270464
6 6270528
1 6270592
3 6270656
1 6270720
8 6270784
8 6270848
3 6270912
9 6270976
5 6271040
5 6271104
7 6271168
0 6271232
1 6271296
6 6271360
0 6271424
1 6271488
6 6271552
1 6271616
10 6271680
9 6271744
9 6271808
5 6271872
9 6271936
4 6272000
2 6272064
5 6272128
3 6272192
5 6272256
2 6272320
5 6272384
3 6272448
7 6272512
0 6272576
9 6272640
4 6272704
2 6272768
0 6272832
6 6272896
5 6272960
9 6273024
9 6273088
9 6273152
5 6273216
10 6273280
10 6273344
4 6273408
4 6273472
0 6273536
8 6273600
0 6273664
9 6273728
9 6273792
5 6273856
8 6273920
9 6273984
2 6274048
10 6274112
10 6274176
8 6274240
2 6274304
1 6274368
10 6274432
5 6274496
4 6274560
9 6274624
10 6274688
6 6274752
3 6274816
0 6274880
8 6274944
3 6275008
9 6275072
7 6275136
7 6275200
2 6275264
10 6275328
5 6275392
1 6275456
8 6275520
8 6275584
3 6275648
3 6275712
8 6275776
10 6275840
9 6275904
5 6275968
3 6276032
4 6276096
9 6276160
1 6276224
0 6276288
2 6276352
6 6276416
3 6276480
9 6276544
8 6276608
6 6276672
4 6276736
9 6276800
3 6276864
5 6276928
4 6276992
4 6277056
9 6277120
9 6277184
10 6277248
7 6277312
0 6277376
7 6277440
5 6277504
5 6277568
4 6277632
5 6277696
3 6277760
8 6277824
8 6277888
2 6277952
2 6278016
3 6278080
10 6278144
4 6278208
0 6278272
9 6278336
1 6278400
7 6278464
0 6278528
8 6278592
9 6278656
5 6278720
7 6278784
4 6278848
3 6278912
8 6278976
2 6279040
6 6279104
7 6279168
8 6279232
2 6279296
8 6279360
2 6279424
7 6279488
5 6279552
9 6279616
8 6279680
7 6279744
6 6279808
8 6279872
0 6279936
7 6280000
9 6280064
8 6280128
1 6280192
0 6280256
5 6280320
1 6280384
3 6280448
1 6280512
4 6280576
6 6280640
9 6280704
2 6280768
9 6280832
9 6280896
3 6280960
3 6281024
10 6281088
8 6281152
6 6281216
10 6281280
3 6281344
4 6281408
5 6281472
8 6281536
7 6281600
2 6281664
3 6281728
6 6281792
3 6281856
10 6281920
6 6281984
2 6282048
8 6282112
5 6282176
8 6282240
4 6282304
10 6282368
9 6282432
8 6282496
1 6282560
1 6282624
10 6282688
4 6282752
5 6282816
7 6282880
5 6282944
8 6283008
7 6283072
3 6283136
8 6283200
6 6283264
8 6283328
8 6283392
0 6283456
5 6283520
0 6283584
7 6283648
4 6283712
5 6283776
1 6283840
1 6283904
5 6283968
2 6284032
4 6284096
7 6284160
1 6284224
8 6284288
7 6284352
1 6284416
0 6284480
10 6284544
0 6284608
0 6284672
3 6284736
0 6284800
0 6284864
3 6284928
5 6284992
10 6285056
2 6285120
10 6285184
7 6285248
5 6285312
1 6285376
7 6285440
10 6285504
2 6285568
8 6285632
6 6285696
3 6285760
2 6285824
4 6285888
9 6285952
4 6286016
8 6286080
7 6286144
8 6286208
3 6286272
6 6286336
0 6286400
10 6286464
0 6286528
2 6286592
9 6286656
8 6286720
4 6286784
10 6286848
5 6286912
10 6286976
5 6287040
8 6287104
2 6287168
8 6287232
1 6287296
4 6287360
6 6287424
10 6287488
1 6287552
7 6287616
2 6287680
7 6287744
0 6287808
1 6287872
8 6287936
9 6288000
1 6288064
3 6288128
8 6288192
8 6288256
7 6288320
2 6288384
1 6288448
7 6288512
10 6288576
2 6288640
10 6288704
8 6288768
3 6288832
6 6288896
0 6288960
6 6289024
9 6289088
6 6289152
6 6289216
8 6289280
8 6289344
4 6289408
4 6289472
8 6289536
7 6289600
9 6289664
4 6289728
9 6289792
3 6289856
1 6289920
7 6289984
3 6290048
3 6290112
2 6290176
2 6290240
0 6290304
6 6290368
2 6290432
4 6290496
8 6290560
0 6290624
7 6290688
2 6290752
7 6290816
4 6290880
3 6290944
5 6291008
8 6291072
10 6291136
5 6291200
6 6291264
9 6291328
3 6291392
2 6291456
8 6291520
7 6291584
4 6291648
3 6291712
4 6291776
2 6291840
0 6291904
5 6291968
0 6292032
2 6292096
4 6292160
0 6292224
9 6292288
0 6292352
5 6292416
0 6292480
8 6292544
10 6292608
3 6292672
4 6292736
5 6292800
0 6292864
3 6292928
7 6292992
3 6293056
5 6293120
0 6293184
9 6293248
2 6293312
10 6293376
6 6293440
9 6293504
2 6293568
5 6293632
10 6293696
10 6293760
2 6293824
6 6293888
1 6293952
7 6294016
5 6294080
1 6294144
5 6294208
4 6294272
1 6294336
8 6294400
8 6294464
10 6294528
2 6294592
2 6294656
10 6294720
8 6294784
7 6294848
0 6294912
0 6294976
2 6295040
1 6295104
3 6295168
6 6295232
10 6295296
1 6295360
3 6295424
9 6295488
9 6295552
9 6295616
2 6295680
3 6295744
2 6295808
3 6295872
9 6295936
10 6296000
8 6296064
7 6296128
4 6296192
10 6296256
10 6296320
4 6296384
5 6296448
1 6296512
2 6296576
2 6296640
7 6296704
6 6296768
10 6296832
10 6296896
10 6296960
0 6297024
7 6297088
8 6297152
6 6297216
6 6297280
0 6297344
7 6297408
6 6297472
4 6297536
4 6297600
10 6297664
10 6297728
2 6297792
0 6297856
7 6297920
0 6297984
7 6298048
7 6298112
1 6298176
3 6298240
10 6298304
5 6298368
10 6298432
9 6298496
9 6298560
2 6298624
3 6298688
3 6298752
1 6298816
2 6298880
8 6298944
9 6299008
9 6299072
8 6299136
5 6299200
1 6299264
1 6299328
8 6299392
6 6299456
10 6299520
0 6299584
5 6299648
4 6299712
2 6299776
3 6299840
1 6299904
1 6299968
10 6300032
2 6300096
6 6300160
2 6300224
5 6300288
7 6300352
4 6300416
8 6300480
9 6300544
4 6300608
6 6300672
6 6300736
7 6300800
4 6300864
6 6300928
5 6300992
5 6301056
0 6301120
5 6301184
7 6301248
5 6301312
10 6301376
1 6301440
9 6301504
4 6301568
3 6301632
4 6301696
2 6301760
5 6301824
4 6301888
8 6301952
2 6302016
10 6302080
5 6302144
10 6302208
0 6302272
8 6302336
5 6302400
1 6302464
1 6302528
5 6302592
4 6302656
9 6302720
4 6302784
7 6302848
5 6302912
0 6302976
10 6303040
4 6303104
6 6303168
5 6303232
3 6303296
4 6303360
2 6303424
5 6303488
4 6303552
10 6303616
2 6303680
2 6303744
8 6303808
8 6303872
0 6303936
10 6304000
3 6304064
2 6304128
6 6304192
0 6304256
2 6304320
9 6304384
7 6304448
10 6304512
4 6304576
8 6304640
0 6304704
5 6304768
7 6304832
9 6304896
6 6304960
10 6305024
8 6305088
7 6305152
10 6305216
3 6305280
3 6305344
5 6305408
2 6305472
0 6305536
1 6305600
8 6305664
8 6305728
9 6305792
7 6305856
6 6305920
1 6305984
1 6306048
0 6306112
10 6306176
9 6306240
7 6306304
6 6306368
3 6306432
0 6306496
2 6306560
8 6306624
6 6306688
6 6306752
10 6306816
10 6306880
5 6306944
3 6307008
5 6307072
10 6307136
8 6307200
1 6307264
8 6307328
9 6307392
8 6307456
5 6307520
7 6307584
9 6307648
1 6307712
10 6307776
7 6307840
2 6307904
1 6307968
4 6308032
8 6308096
6 6308160
8 6308224
8 6308288
2 6308352
10 6308416
3 6308480
8 6308544
5 6308608
5 6308672
1 6308736
10 6308800
5 6308864
1 6308928
0 6308992
10 6309056
9 6309120
3 6309184
4 6309248
6 6309312
6 6309376
7 6309440
3 6309504
0 6309568
8 6309632
8 6309696
0 6309760
4 6309824
8 6309888
10 6309952
0 6310016
8 6310080
1 6310144
2 6310208
7 6310272
2 6310336
7 6310400
4 6310464
6 6310528
0 6310592
0 6310656
1 6310720
1 6310784
1 6310848
5 6310912
6 6310976
6 6311040
3 6311104
10 6311168
1 6311232
1 6311296
0 6311360
8 6311424
4 6311488
8 6311552
5 6311616
5 6311680
7 6311744
9 6311808
10 6311872
3 6311936
9 6312000
10 6312064
3 6312128
8 6312192
1 6312256
2 6312320
4 6312384
0 6312448
1 6312512
4 6312576
7 6312640
6 6312704
6 6312768
9 6312832
6 6312896
4 6312960
8 6313024
4 6313088
6 6313152
1 6313216
5 6313280
9 6313344
1 6313408
0 6313472
1 6313536
4 6313600
5 6313664
2 6313728
9 6313792
7 6313856
10 6313920
1 6313984
7 6314048
10 6314112
3 6314176
0 6314240
4 6314304
3 6314368
10 6314432
1 6314496
1 6314560
3 6314624
8 6314688
7 6314752
5 6314816
0 6314880
9 6314944
3 6315008
1 6315072
10 6315136
0 6315200
6 6315264
1 6315328
7 6315392
3 6315456
5 6315520
5 6315584
10 6315648
9 6315712
9 6315776
7 6315840
1 6315904
7 6315968
7 6316032
7 6316096
2 6316160
1 6316224
6 6316288
6 6316352
4 6316416
0 6316480
1 6316544
6 6316608
2 6316672
5 6316736
9 6316800
5 6316864
3 6316928
4 6316992
5 6317056
4 6317120
7 6317184
9 6317248
7 6317312
2 6317376
8 6317440
10 6317504
0 6317568
8 6317632
9 6317696
3 6317760
7 6317824
2 6317888
5 6317952
9 6318016
5 6318080
6 6318144
1 6318208
6 6318272
8 6318336
9 6318400
8 6318464
3 6318528
7 6318592
10 6318656
5 6318720
0 6318784
1 6318848
4 6318912
8 6318976
1 6319040
10 6319104
0 6319168
2 6319232
7 6319296
0 6319360
10 6319424
3 6319488
6 6319552
4 6319616
6 6319680
5 6319744
7 6319808
6 6319872
1 6319936
10 6320000
0 6320064
5 6320128
2 6320192
7 6320256
2 6320320
3 6320384
10 6320448
7 6320512
5 6320576
4 6320640
3 6320704
5 6320768
4 6320832
7 6320896
7 6320960
8 6321024
10 6321088
0 6321152
1 6321216
5 6321280
2 6321344
6 6321408
10 6321472
0 6321536
7 6321600
4 6321664
8 6321728
6 6321792
9 6321856
9 6321920
3 6321984
5 6322048
8 6322112
8 6322176
3 6322240
9 6322304
7 6322368
8 6322432
4 6322496
7 6322560
9 6322624
1 6322688
10 6322752
6 6322816
6 6322880
5 6322944
9 6323008
10 6323072
1 6323136
4 6323200
4 6323264
4 6323328
5 6323392
0 6323456
3 6323520
2 6323584
3 6323648
1 6323712
2 6323776
4 6323840
10 6323904
8 6323968
10 6324032
9 6324096
1 6324160
4 6324224
2 6324288
7 6324352
4 6324416
2 6324480
10 6324544
5 6324608
8 6324672
9 6324736
1 6324800
5 6324864
9 6324928
6 6324992
5 6325056
4 6325120
5 6325184
10 6325248
8 6325312
2 6325376
7 6325440
3 6325504
7 6325568
2 6325632
0 6325696
4 6325760
1 6325824
6 6325888
8 6325952
9 6326016
3 6326080
9 6326144
4 6326208
2 6326272
4 6326336
1 6326400
8 6326464
5 6326528
0 6326592
4 6326656
8 6326720
9 6326784
0 6326848
0 6326912
6 6326976
0 6327040
6 6327104
7 6327168
0 6327232
8 6327296
7 6327360
6 6327424
2 6327488
4 6327552
0 6327616
8 6327680
2 6327744
8 6327808
3 6327872
3 6327936
10 6328000
0 6328064
0 6328128
10 6328192
9 6328256
2 6328320
7 6328384
3 6328448
3 6328512
8 6328576
5 6328640
2 6328704
8 6328768
9 6328832
2 6328896
5 6328960
7 6329024
0 6329088
2 6329152
6 6329216
10 6329280
7 6329344
2 6329408
1 6329472
8 6329536
2 6329600
5 6329664
7 6329728
1 6329792
5 6329856
7 6329920
7 6329984
3 6330048
1 6330112
7 6330176
5 6330240
3 6330304
6 6330368
3 6330432
9 6330496
7 6330560
8 6330624
6 6330688
10 6330752
9 6330816
0 6330880
3 6330944
6 6331008
1 6331072
8 6331136
4 6331200
3 6331264
9 6331328
6 6331392
8 6331456
2 6331520
2 6331584
9 6331648
8 6331712
10 6331776
3 6331840
3 6331904
6 6331968
9 6332032
1 6332096
9 6332160
5 6332224
7 6332288
1 6332352
7 6332416
8 6332480
3 6332544
0 6332608
0 6332672
3 6332736
0 6332800
10 6332864
5 6332928
6 6332992
4 6333056
4 6333120
1 6333184
5 6333248
8 6333312
9 6333376
6 6333440
8 6333504
9 6333568
10 6333632
7 6333696
4 6333760
8 6333824
2 6333888
10 6333952
8 6334016
7 6334080
5 6334144
10 6334208
8 6334272
3 6334336
10 6334400
10 6334464
3 6334528
1 6334592
8 6334656
10 6334720
3 6334784
10 6334848
9 6334912
0 6334976
2 6335040
1 6335104
5 6335168
7 6335232
3 6335296
10 6335360
2 6335424
0 6335488
8 6335552
3 6335616
6 6335680
1 6335744
6 6335808
2 6335872
2 6335936
8 6336000
7 6336064
9 6336128
4 6336192
7 6336256
3 6336320
1 6336384
1 6336448
0 6336512
9 6336576
8 6336640
2 6336704
0 6336768
4 6336832
8 6336896
1 6336960
6 6337024
1 6337088
1 6337152
3 6337216
3 6337280
6 6337344
2 6337408
8 6337472
8 6337536
10 6337600
5 6337664
7 6337728
10 6337792
0 6337856
1 6337920
5 6337984
8 6338048
9 6338112
6 6338176
7 6338240
1 6338304
9 6338368
6 6338432
5 6338496
2 6338560
10 6338624
6 6338688
10 6338752
3 6338816
0 6338880
2 6338944
10 6339008
6 6339072
6 6339136
9 6339200
8 6339264
0 6339328
3 6339392
2 6339456
10 6339520
10 6339584
7 6339648
3 6339712
9 6339776
9 6339840
6 6339904
6 6339968
6 6340032
2 6340096
9 6340160
0 6340224
9 6340288
1 6340352
3 6340416
7 6340480
4 6340544
1 6340608
2 6340672
8 6340736
3 6340800
9 6340864
10 6340928
1 6340992
10 6341056
7 6341120
5 6341184
10 6341248
6 6341312
7 6341376
3 6341440
5 6341504
0 6341568
10 6341632
8 6341696
2 6341760
2 6341824
0 6341888
4 6341952
7 6342016
10 6342080
10 6342144
3 6342208
0 6342272
1 6342336
9 6342400
2 6342464
4 6342528
9 6342592
10 6342656
0 6342720
7 6342784
4 6342848
8 6342912
8 6342976
2 6343040
4 6343104
1 6343168
8 6343232
3 6343296
10 6343360
3 6343424
5 6343488
6 6343552
7 6343616
2 6343680
0 6343744
7 6343808
10 6343872
10 6343936
1 6344000
10 6344064
9 6344128
0 6344192
1 6344256
4 6344320
7 6344384
3 6344448
4 6344512
2 6344576
7 6344640
2 6344704
2 6344768
0 6344832
8 6344896
9 6344960
5 6345024
8 6345088
10 6345152
0 6345216
9 6345280
0 6345344
10 6345408
1 6345472
5 6345536
1 6345600
7 6345664
4 6345728
10 6345792
8 6345856
9 6345920
8 6345984
6 6346048
2 6346112
2 6346176
0 6346240
6 6346304
8 6346368
6 6346432
7 6346496
3 6346560
6 6346624
4 6346688
3 6346752
10 6346816
8 6346880
9 6346944
4 6347008
1 6347072
5 6347136
2 6347200
3 6347264
5 6347328
9 6347392
8 6347456
2 6347520
10 6347584
0 6347648
2 6347712
9 6347776
10 6347840
0 6347904
1 6347968
6 6348032
6 6348096
5 6348160
1 6348224
5 6348288
1 6348352
7 6348416
4 6348480
7 6348544
7 6348608
2 6348672
3 6348736
10 6348800
4 6348864
3 6348928
10 6348992
6 6349056
6 6349120
10 6349184
6 6349248
4 6349312
7 6349376
9 6349440
8 6349504
10 6349568
10 6349632
4 6349696
10 6349760
6 6349824
5 6349888
10 6349952
0 6350016
3 6350080
3 6350144
5 6350208
0 6350272
4 6350336
6 6350400
8 6350464
0 6350528
1 6350592
5 6350656
2 6350720
7 6350784
6 6350848
5 6350912
0 6350976
9 6351040
6 6351104
0 6351168
3 6351232
0 6351296
7 6351360
5 6351424
8 6351488
5 6351552
6 6351616
9 6351680
10 6351744
3 6351808
9 6351872
10 6351936
6 6352000
3 6352064
2 6352128
2 6352192
9 6352256
9 6352320
1 6352384
9 6352448
4 6352512
10 6352576
5 6352640
7 6352704
6 6352768
3 6352832
10 6352896
4 6352960
3 6353024
3 6353088
9 6353152
9 6353216
7 6353280
1 6353344
2 6353408
3 6353472
6 6353536
3 6353600
0 6353664
6 6353728
1 6353792
9 6353856
3 6353920
7 6353984
10 6354048
7 6354112
10 6354176
0 6354240
6 6354304
1 6354368
9 6354432
8 6354496
7 6354560
8 6354624
0 6354688
10 6354752
1 6354816
8 6354880
7 6354944
10 6355008
1 6355072
6 6355136
6 6355200
10 6355264
9 6355328
9 6355392
3 6355456
4 6355520
10 6355584
1 6355648
0 6355712
5 6355776
5 6355840
6 6355904
7 6355968
10 6356032
2 6356096
4 6356160
2 6356224
7 6356288
4 6356352
2 6356416
0 6356480
10 6356544
10 6356608
7 6356672
8 6356736
4 6356800
2 6356864
10 6356928
7 6356992
1 6357056
7 6357120
10 6357184
1 6357248
3 6357312
7 6357376
5 6357440
6 6357504
4 6357568
8 6357632
6 6357696
7 6357760
1 6357824
4 6357888
3 6357952
6 6358016
4 6358080
8 6358144
9 6358208
3 6358272
6 6358336
1 6358400
7 6358464
5 6358528
9 6358592
0 6358656
8 6358720
8 6358784
10 6358848
7 6358912
0 6358976
0 6359040
2 6359104
5 6359168
1 6359232
8 6359296
8 6359360
2 6359424
8 6359488
1 6359552
6 6359616
0 6359680
2 6359744
5 6359808
3 6359872
3 6359936
4 6360000
4 6360064
1 6360128
1 6360192
0 6360256
2 6360320
2 6360384
0 6360448
1 6360512
3 6360576
9 6360640
2 6360704
1 6360768
6 6360832
0 6360896
10 6360960
9 6361024
2 6361088
2 6361152
8 6361216
9 6361280
3 6361344
7 6361408
0 6361472
9 6361536
9 6361600
7 6361664
2 6361728
6 6361792
3 6361856
3 6361920
2 6361984
9 6362048
3 6362112
3 6362176
10 6362240
0 6362304
0 6362368
2 6362432
3 6362496
2 6362560
8 6362624
5 6362688
2 6362752
1 6362816
2 6362880
4 6362944
0 6363008
0 6363072
6 6363136
2 6363200
2 6363264
4 6363328
1 6363392
7 6363456
4 6363520
8 6363584
6 6363648
0 6363712
0 6363776
6 6363840
4 6363904
9 6363968
10 6364032
8 6364096
8 6364160
2 6364224
4 6364288
7 6364352
6 6364416
9 6364480
0 6364544
10 6364608
2 6364672
9 6364736
0 6364800
2 6364864
7 6364928
6 6364992
9 6365056
9 6365120
9 6365184
0 6365248
4 6365312
5 6365376
0 6365440
10 6365504
8 6365568
2 6365632
0 6365696
10 6365760
2 6365824
6 6365888
9 6365952
2 6366016
7 6366080
8 6366144
2 6366208
10 6366272
9 6366336
7 6366400
2 6366464
5 6366528
3 6366592
9 6366656
8 6366720
3 6366784
7 6366848
4 6366912
5 6366976
3 6367040
7 6367104
4 6367168
0 6367232
1 6367296
2 6367360
6 6367424
8 6367488
4 6367552
9 6367616
0 6367680
8 6367744
5 6367808
6 6367872
4 6367936
3 6368000
2 6368064
10 6368128
0 6368192
6 6368256
5 6368320
9 6368384
3 6368448
1 6368512
2 6368576
4 6368640
8 6368704
3 6368768
8 6368832
2 6368896
7 6368960
9 6369024
0 6369088
6 6369152
10 6369216
5 6369280
4 6369344
5 6369408
7 6369472
3 6369536
4 6369600
10 6369664
8 6369728
5 6369792
4 6369856
1 6369920
3 6369984
2 6370048
3 6370112
6 6370176
6 6370240
1 6370304
6 6370368
2 6370432
5 6370496
2 6370560
3 6370624
0 6370688
10 6370752
10 6370816
8 6370880
1 6370944
9 6371008
10 6371072
7 6371136
3 6371200
10 6371264
3 6371328
10 6371392
4 6371456
9 6371520
4 6371584
5 6371648
2 6371712
0 6371776
4 6371840
5 6371904
2 6371968
4 6372032
2 6372096
10 6372160
0 6372224
5 6372288
2 6372352
6 6372416
10 6372480
7 6372544
3 6372608
8 6372672
10 6372736
8 6372800
9 6372864
0 6372928
10 6372992
7 6373056
6 6373120
1 6373184
3 6373248
1 6373312
10 6373376
8 6373440
7 6373504
6 6373568
3 6373632
10 6373696
10 6373760
9 6373824
5 6373888
4 6373952
0 6374016
0 6374080
2 6374144
2 6374208
0 6374272
2 6374336
6 6374400
7 6374464
8 6374528
8 6374592
6 6374656
9 6374720
5 6374784
1 6374848
2 6374912
7 6374976
0 6375040
5 6375104
7 6375168
0 6375232
2 6375296
7 6375360
3 6375424
10 6375488
0 6375552
10 6375616
3 6375680
8 6375744
2 6375808
0 6375872
0 6375936
0 6376000
10 6376064
0 6376128
3 6376192
9 6376256
0 6376320
1 6376384
1 6376448
0 6376512
8 6376576
0 6376640
0 6376704
9 6376768
2 6376832
8 6376896
2 6376960
1 6377024
0 6377088
3 6377152
8 6377216
8 6377280
7 6377344
8 6377408
1 6377472
5 6377536
1 6377600
4 6377664
1 6377728
7 6377792
8 6377856
9 6377920
2 6377984
6 6378048
5 6378112
4 6378176
0 6378240
1 6378304
6 6378368
2 6378432
4 6378496
2 6378560
9 6378624
5 6378688
10 6378752
5 6378816
5 6378880
3 6378944
8 6379008
7 6379072
0 6379136
9 6379200
7 6379264
9 6379328
1 6379392
5 6379456
10 6379520
4 6379584
2 6379648
2 6379712
0 6379776
5 6379840
8 6379904
10 6379968
3 6380032
2 6380096
8 6380160
3 6380224
7 6380288
1 6380352
5 6380416
8 6380480
7 6380544
5 6380608
4 6380672
4 6380736
9 6380800
6 6380864
3 6380928
2 6380992
4 6381056
2 6381120
4 6381184
6 6381248
6 6381312
0 6381376
4 6381440
7 6381504
2 6381568
9 6381632
4 6381696
8 6381760
4 6381824
2 6381888
2 6381952
0 6382016
9 6382080
0 6382144
0 6382208
1 6382272
4 6382336
3 6382400
1 6382464
0 6382528
1 6382592
6 6382656
10 6382720
0 6382784
9 6382848
7 6382912
0 6382976
6 6383040
7 6383104
10 6383168
0 6383232
4 6383296
3 6383360
0 6383424
2 6383488
4 6383552
1 6383616
9 6383680
3 6383744
5 6383808
0 6383872
8 6383936
0 6384000
5 6384064
4 6384128
2 6384192
3 6384256
3 6384320
5 6384384
7 6384448
4 6384512
1 6384576
5 6384640
1 6384704
8 6384768
1 6384832
3 6384896
4 6384960
2 6385024
10 6385088
8 6385152
10 6385216
8 6385280
1 6385344
5 6385408
1 6385472
10 6385536
4 6385600
7 6385664
3 6385728
9 6385792
9 6385856
0 6385920
5 6385984
3 6386048
7 6386112
9 6386176
10 6386240
10 6386304
9 6386368
9 6386432
1 6386496
5 6386560
10 6386624
5 6386688
7 6386752
2 6386816
8 6386880
7 6386944
6 6387008
8 6387072
4 6387136
10 6387200
1 6387264
8 6387328
1 6387392
6 6387456
2 6387520
8 6387584
2 6387648
6 6387712
1 6387776
3 6387840
6 6387904
2 6387968
4 6388032
3 6388096
10 6388160
4 6388224
10 6388288
1 6388352
9 6388416
1 6388480
7 6388544
10 6388608
10 6388672
3 6388736
9 6388800
5 6388864
9 6388928
3 6388992
2 6389056
9 6389120
5 6389184
4 6389248
4 6389312
0 6389376
5 6389440
5 6389504
4 6389568
10 6389632
6 6389696
3 6389760
10 6389824
2 6389888
1 6389952
8 6390016
2 6390080
7 6390144
0 6390208
0 6390272
6 6390336
2 6390400
6 6390464
8 6390528
6 6390592
1 6390656
0 6390720
8 6390784
4 6390848
4 6390912
7 6390976
6 6391040
0 6391104
10 6391168
7 6391232
7 6391296
9 6391360
8 6391424
9 6391488
8 6391552
9 6391616
6 6391680
10 6391744
2 6391808
8 6391872
6 6391936
7 6392000
4 6392064
3 6392128
3 6392192
3 6392256
9 6392320
10 6392384
8 6392448
9 6392512
8 6392576
5 6392640
2 6392704
5 6392768
8 6392832
8 6392896
0 6392960
4 6393024
9 6393088
10 6393152
6 6393216
2 6393280
5 6393344
2 6393408
5 6393472
5 6393536
8 6393600
0 6393664
3 6393728
1 6393792
5 6393856
3 6393920
9 6393984
5 6394048
3 6394112
1 6394176
3 6394240
1 6394304
3 6394368
5 6394432
2 6394496
1 6394560
4 6394624
8 6394688
5 6394752
10 6394816
7 6394880
5 6394944
1 6395008
7 6395072
4 6395136
3 6395200
1 6395264
9 6395328
2 6395392
10 6395456
6 6395520
2 6395584
1 6395648
9 6395712
7 6395776
3 6395840
1 6395904
4 6395968
5 6396032
7 6396096
2 6396160
6 6396224
10 6396288
5 6396352
4 6396416
2 6396480
5 6396544
8 6396608
10 6396672
6 6396736
6 6396800
0 6396864
1 6396928
9 6396992
10 6397056
4 6397120
6 6397184
1 6397248
1 6397312
6 6397376
0 6397440
8 6397504
1 6397568
0 6397632
7 6397696
4 6397760
10 6397824
5 6397888
2 6397952
5 6398016
4 6398080
10 6398144
8 6398208
6 6398272
1 6398336
10 6398400
5 6398464
0 6398528
8 6398592
5 6398656
5 6398720
1 6398784
1 6398848
0 6398912
10 6398976
8 6399040
0 6399104
3 6399168
0 6399232
6 6399296
10 6399360
1 6399424
5 6399488
4 6399552
7 6399616
1 6399680
0 6399744
5 6399808
7 6399872
8 6399936
